Player,Team,Lg,SN,B,G,AB,R,H,2B,3B,HR,RBI,BB,SO,HBP,SB,CS,AVG,OBP,SLG,OPS,STRK,L STRK,WAR,Rbat,Rbaser,Rfield,Rpos,RAA,WAA,Rrep,RAR,oWAR,dWAR,RPW
"O'Rourke, Jim",BSN,NL,1885,R,162,735,165,226,21,14,5,99,72,33,4,52,9,0.307,0.371,0.395,0.766,14,14,5.34,20.7,6.3,0.0,5.8,32.9,2.9,27.7,60.6,5.34,0.51,11.34
"Sutton, Ezra",BSN,NL,1885,R,162,682,111,195,33,11,6,130,33,26,2,4,1,0.286,0.316,0.393,0.709,2,10,2.14,1.9,-2.9,0.0,0.8,-0.2,-0.02,24.5,24.3,2.14,0.07,11.34
"Andrews, Ed",BSN,NL,1885,R,162,645,112,187,29,5,2,89,49,36,3,49,19,0.29,0.34,0.36,0.7,14,14,1.13,2.6,-0.1,0.0,-13.5,-11.0,-0.97,23.8,12.8,1.13,-1.19,11.34
"Smith, Pop",BSN,NL,1885,R,162,626,98,168,22,9,1,111,30,23,7,50,20,0.268,0.306,0.337,0.643,2,8,0.82,-12.1,-0.2,0.0,-1.0,-13.3,-1.17,22.7,9.3,0.82,-0.09,11.34
"Houck, Sadie",BSN,NL,1885,R,158,604,92,154,26,4,1,78,19,28,8,61,29,0.255,0.285,0.316,0.601,0,9,0.33,-21.3,-2.1,0.0,5.6,-17.8,-1.57,21.6,3.7,0.33,0.49,11.34
"Hines, Paul",BSN,NL,1885,R,156,584,101,167,28,5,1,104,40,19,1,54,17,0.286,0.329,0.356,0.685,0,11,1.2,-1.2,3.0,0.0,-9.6,-7.8,-0.68,21.4,13.6,1.2,-0.84,11.34
"Brouthers, Dan",BSN,NL,1885,L,155,554,148,209,39,15,12,142,114,5,1,52,29,0.377,0.482,0.567,1.049,3,11,8.29,80.2,-5.0,0.0,-4.1,71.1,6.27,22.9,93.9,8.29,-0.36,11.34
"Hotaling, Pete",BSN,NL,1885,L,149,542,118,141,23,7,4,67,86,27,3,39,19,0.26,0.363,0.351,0.713,0,11,1.41,8.9,-2.7,0.0,-11.8,-5.6,-0.49,21.6,16.0,1.41,-1.04,11.34
"Hecker, Guy",BSN,NL,1885,R,83,268,45,79,6,1,2,48,2,11,2,3,4,0.295,0.301,0.347,0.648,2,5,1.82,-5.4,-2.8,0.0,19.5,11.3,1.0,9.3,20.6,1.82,1.72,11.34
"York, Tom",BSN,NL,1885,L,129,145,33,46,10,1,1,21,18,4,2,0,1,0.317,0.395,0.421,0.816,1,5,0.84,7.8,-1.4,0.0,-2.5,3.9,0.35,5.6,9.6,0.84,-0.22,11.34
"Sweeney, Charlie",BSN,NL,1885,R,81,136,14,29,2,1,0,17,3,15,0,0,0,0.213,0.225,0.243,0.468,0,3,0.24,-11.3,-0.7,0.0,10.0,-2.0,-0.18,4.7,2.7,0.24,0.88,11.34
"Poorman, Tom",BSN,NL,1885,L,72,55,7,14,1,0,1,13,1,4,0,8,0,0.255,0.263,0.327,0.59,2,3,0.1,-2.2,2.1,0.0,-0.7,-0.8,-0.07,1.9,1.1,0.1,-0.06,11.34
"Geer, Billy",BSN,NL,1885,R,56,48,6,8,2,1,0,7,4,1,2,0,0,0.167,0.259,0.25,0.509,1,2,-0.05,-3.1,-0.3,0.0,1.0,-2.4,-0.22,1.8,-0.6,-0.05,0.09,11.34
"Nash, Billy",BSN,NL,1885,R,55,41,7,11,3,0,1,8,0,3,0,0,0,0.268,0.268,0.415,0.683,0,3,0.06,-0.5,-0.2,0.0,-0.0,-0.7,-0.07,1.4,0.7,0.06,-0.0,11.34
"Kirby, John",BSN,NL,1885,R,82,29,0,4,0,0,0,0,1,8,0,0,0,0.138,0.167,0.138,0.305,0,2,-0.1,-4.1,-0.1,0.0,2.1,-2.1,-0.19,1.0,-1.1,-0.1,0.19,11.34
"Henry, John",BSN,NL,1885,L,78,20,2,5,0,0,0,1,0,3,0,0,0,0.25,0.25,0.25,0.5,1,1,0.05,-1.5,-0.1,0.0,1.4,-0.1,-0.01,0.7,0.6,0.05,0.13,11.34
"Burdock, Jack",BSN,NL,1885,R,37,19,2,3,0,0,0,1,0,2,0,0,0,0.158,0.158,0.158,0.316,0,1,-0.18,-2.6,-0.1,0.0,0.0,-2.7,-0.24,0.6,-2.0,-0.18,0.0,11.34
"Vinton, Bill",BSN,NL,1885,R,47,11,0,1,0,0,0,1,0,3,0,0,0,0.091,0.091,0.091,0.182,0,1,-0.08,-2.0,-0.1,0.0,0.8,-1.3,-0.12,0.4,-0.9,-0.08,0.07,11.34
"Taylor, Billy",BSN,NL,1885,R,82,6,2,0,0,0,0,0,0,1,0,0,0,0,0,0,0,0,0,-0.08,-1.5,-0.0,0.0,0.4,-1.1,-0.1,0.2,-0.9,-0.08,0.04,11.34
"Reilly, John",CIN,AA,1885,R,161,712,153,229,32,7,13,136,39,27,13,137,58,0.322,0.364,0.441,0.805,3,11,4.12,29.1,5.4,0.0,-13.9,20.6,1.82,26.1,46.7,4.12,-1.23,11.34
"Browning, Pete",CIN,AA,1885,R,162,678,169,258,34,10,6,90,104,16,2,138,52,0.381,0.463,0.487,0.95,3,20,8.35,71.8,9.3,0.0,-13.2,67.9,5.99,26.8,94.7,8.35,-1.16,11.34
"McPhee, Bid",CIN,AA,1885,R,162,624,101,184,23,6,1,82,38,18,8,110,42,0.295,0.342,0.356,0.698,3,12,2.76,2.2,7.0,0.0,-0.9,8.4,0.74,22.9,31.2,2.76,-0.08,11.34
"Mann, Fred",CIN,AA,1885,L,160,620,104,170,30,9,2,84,55,18,6,106,60,0.274,0.338,0.361,0.699,1,10,0.72,3.2,-5.0,0.0,-13.3,-15.1,-1.33,23.3,8.2,0.72,-1.17,11.34
"Phillips, Bill",CIN,AA,1885,R,154,617,123,193,33,18,2,122,39,17,14,86,47,0.313,0.363,0.434,0.797,0,10,3.47,23.7,-3.2,0.0,-4.1,16.5,1.45,22.9,39.4,3.47,-0.36,11.34
"Sommer, Joe",CIN,AA,1885,R,162,614,94,161,34,6,1,100,33,23,5,102,39,0.262,0.3,0.342,0.642,1,14,2.03,-10.5,6.5,0.0,4.8,0.8,0.07,22.3,23.0,2.03,0.43,11.34
"Ewing, Buck",CIN,AA,1885,R,126,553,110,178,24,16,9,118,19,25,1,133,41,0.322,0.341,0.472,0.813,2,16,5.26,20.5,14.7,0.0,4.8,40.0,3.53,19.6,59.6,5.26,0.43,11.34
"Latham, Arlie",CIN,AA,1885,R,162,503,83,117,13,1,1,49,20,12,6,81,30,0.233,0.268,0.268,0.537,0,13,-0.19,-28.0,5.7,0.0,2.1,-20.2,-1.78,18.1,-2.1,-0.19,0.18,11.34
"Boyle, Henry",CIN,AA,1885,R,80,246,21,43,5,0,1,32,11,22,2,0,2,0.175,0.21,0.207,0.417,0,5,-0.15,-23.9,-1.5,0.0,14.9,-10.5,-0.93,8.8,-1.7,-0.15,1.31,11.34
"Radbourn, Charley",CIN,AA,1885,R,81,241,43,57,8,2,0,26,41,15,1,2,1,0.237,0.35,0.286,0.636,1,5,2.09,-2.0,-0.3,0.0,16.3,14.0,1.23,9.7,23.7,2.09,1.44,11.34
"Baldwin, Kid",CIN,AA,1885,R,35,141,12,24,2,0,2,30,5,5,1,8,4,0.17,0.19,0.227,0.417,1,5,-0.65,-13.6,-0.2,0.0,1.4,-12.3,-1.09,5.0,-7.3,-0.65,0.13,11.34
"Crane, Ed",CIN,AA,1885,R,69,76,9,13,0,2,2,7,1,15,0,0,1,0.171,0.182,0.303,0.484,0,2,-0.45,-6.4,-0.7,0.0,-0.6,-7.7,-0.68,2.6,-5.1,-0.45,-0.05,11.34
"Bastian, Charlie",CIN,AA,1885,R,64,32,4,6,2,0,0,3,4,7,0,5,1,0.188,0.278,0.25,0.528,0,3,0.11,-1.7,0.9,0.0,0.8,-0.0,-0.0,1.2,1.2,0.11,0.07,11.34
"Wiedman, Stump",CIN,AA,1885,R,48,32,3,4,0,0,0,1,1,5,0,0,0,0.125,0.152,0.125,0.277,0,1,-0.16,-4.8,-0.0,0.0,1.9,-3.0,-0.26,1.1,-1.8,-0.16,0.17,11.34
"Quinn, Joe",CIN,AA,1885,R,13,17,1,3,0,0,0,0,0,2,0,0,1,0.176,0.176,0.176,0.353,2,2,-0.2,-2.1,-0.6,0.0,-0.1,-2.8,-0.25,0.6,-2.2,-0.2,-0.01,11.34
"Donnelly, Jim",CIN,AA,1885,R,14,16,2,4,0,0,0,2,1,2,0,2,0,0.25,0.294,0.25,0.544,0,2,0.03,-0.8,0.6,0.0,-0.0,-0.3,-0.02,0.6,0.3,0.03,-0.0,11.34
"Clinton, Jim",CIN,AA,1885,R,53,9,1,3,0,0,0,2,0,1,0,1,1,0.333,0.333,0.333,0.667,0,1,-0.05,-0.1,-0.3,0.0,-0.4,-0.8,-0.07,0.3,-0.5,-0.05,-0.04,11.34
"Foreman, Frank",CIN,AA,1885,L,33,8,0,0,0,0,0,0,1,3,0,1,0,0,0.111,0,0.111,0,0,-0.05,-1.7,0.3,0.0,0.5,-0.9,-0.08,0.3,-0.6,-0.05,0.05,11.34
"Force, Davy",CIN,AA,1885,R,7,3,0,0,0,0,0,0,0,0,0,0,0,0,0,0,0,0,0,-0.06,-0.7,-0.0,0.0,-0.0,-0.8,-0.07,0.1,-0.7,-0.06,-0.0,11.34
"Orr, Dave",PHI,NL,1885,R,162,692,136,234,48,16,11,118,35,25,5,98,45,0.338,0.374,0.501,0.875,5,16,5.36,41.3,-1.1,0.0,-4.5,35.7,3.15,25.0,60.7,5.36,-0.39,11.34
"Mulvey, Joe",PHI,NL,1885,R,162,683,101,192,29,8,14,128,3,29,2,89,30,0.281,0.283,0.408,0.692,0,10,2.11,-5.9,5.4,0.0,1.0,0.5,0.04,23.5,24.0,2.11,0.09,11.34
"Nelson, Candy",PHI,NL,1885,L,153,575,123,159,22,7,0,48,88,25,1,90,41,0.277,0.371,0.339,0.71,2,13,3.19,9.3,-0.8,0.0,5.0,13.5,1.19,22.7,36.2,3.19,0.44,11.34
"Morrill, John",PHI,NL,1885,R,162,563,90,151,30,8,5,78,84,122,1,70,38,0.268,0.363,0.377,0.739,0,10,2.61,13.3,-4.9,0.0,-1.0,7.4,0.65,22.1,29.5,2.61,-0.09,11.34
"Fogarty, Jim",PHI,NL,1885,R,144,491,56,101,13,1,1,55,24,36,0,40,12,0.206,0.241,0.242,0.483,1,12,-2.45,-37.7,2.3,0.0,-10.0,-45.3,-4.0,17.6,-27.7,-2.45,-0.88,11.34
"Thompson, Sam",PHI,NL,1885,L,115,452,97,144,10,10,18,98,59,29,0,71,25,0.319,0.393,0.504,0.897,4,15,4.03,34.2,3.8,0.0,-9.8,28.2,2.49,17.5,45.7,4.03,-0.87,11.34
"Crowley, Bill",PHI,NL,1885,R,105,308,36,80,15,3,0,56,18,28,0,23,13,0.26,0.298,0.328,0.626,0,6,-0.5,-7.8,-2.5,0.0,-6.6,-16.8,-1.48,11.1,-5.7,-0.5,-0.58,11.34
"Ferguson, Charlie",PHI,NL,1885,S,80,243,35,78,7,1,0,26,32,16,3,1,2,0.321,0.404,0.358,0.762,0,10,3.18,8.9,-2.2,0.0,19.9,26.5,2.34,9.5,36.0,3.18,1.76,11.34
"Foutz, Dave",PHI,NL,1885,R,80,229,18,44,2,1,0,18,8,19,0,2,1,0.192,0.218,0.21,0.428,2,3,0.14,-22.3,-1.1,0.0,17.0,-6.5,-0.57,8.1,1.6,0.14,1.5,11.34
"McGuire, Deacon",PHI,NL,1885,R,79,188,25,41,8,5,0,15,3,34,1,9,10,0.218,0.231,0.314,0.545,0,3,-0.52,-11.2,-4.2,0.0,3.0,-12.5,-1.1,6.6,-5.9,-0.52,0.26,11.34
"Flint, Silver",PHI,NL,1885,R,96,171,16,31,5,1,0,15,2,41,1,14,8,0.181,0.195,0.222,0.418,3,3,-0.93,-17.6,-1.4,0.0,2.6,-16.4,-1.45,5.9,-10.5,-0.93,0.23,11.34
"Manning, Jim",PHI,NL,1885,S,102,152,28,36,5,3,1,16,8,16,2,24,9,0.237,0.282,0.329,0.611,2,6,-0.15,-5.0,1.0,0.0,-3.3,-7.3,-0.64,5.5,-1.7,-0.15,-0.29,11.34
"Buffinton, Charlie",PHI,NL,1885,R,78,34,3,4,2,0,0,3,0,4,0,0,0,0.118,0.114,0.176,0.291,0,1,-0.14,-5.0,-0.2,0.0,2.4,-2.7,-0.24,1.2,-1.6,-0.14,0.21,11.34
"Troy, Dasher",PHI,NL,1885,R,46,26,6,4,1,0,1,3,3,1,0,4,3,0.154,0.233,0.308,0.541,0,2,-0.14,-1.4,-0.7,0.0,-0.5,-2.6,-0.23,1.0,-1.6,-0.14,-0.04,11.34
"Irwin, Arthur",PHI,NL,1885,L,40,16,0,0,0,0,0,1,2,0,0,0,0,0,0.105,0,0.105,0,0,-0.22,-3.4,-0.1,0.0,0.4,-3.1,-0.27,0.6,-2.4,-0.22,0.03,11.34
"McCarthy, Tommy",PHI,NL,1885,R,9,10,2,1,0,0,0,0,0,1,0,3,0,0.1,0.1,0.1,0.2,0,1,-0.07,-1.8,0.9,0.0,-0.2,-1.2,-0.1,0.3,-0.8,-0.07,-0.02,11.34
"Crane, Sam",PHI,NL,1885,R,6,5,2,2,0,1,0,0,0,1,0,0,0,0.4,0.4,0.8,1.2,2,2,0.08,0.7,-0.0,0.0,0.0,0.7,0.06,0.2,0.9,0.08,0.0,11.34
"Palmer, Billy",PHI,NL,1885,R,20,3,0,0,0,0,0,0,0,1,0,0,0,0,0,0,0,0,0,-0.04,-0.8,-0.0,0.0,0.2,-0.6,-0.05,0.1,-0.4,-0.04,0.02,11.34
"Whiteley, Gurdon",PHI,NL,1885,R,5,2,1,0,0,0,0,0,0,0,0,0,0,0,0,0,0,0,0,-0.04,-0.5,-0.0,0.0,-0.1,-0.6,-0.05,0.1,-0.5,-0.04,-0.01,11.34
"Kemmler, Rudy",PHI,NL,1885,R,2,0,0,0,0,0,0,0,0,0,0,0,0,0,0,0,0,0,0,0.0,0.0,0.0,0.0,0.0,0.0,0.0,0.0,0.0,0.0,0.0,11.34
"Wolf, Chicken",STL,AA,1885,R,162,753,168,247,35,20,1,105,23,25,2,81,33,0.328,0.348,0.432,0.779,2,35,3.13,19.7,3.6,0.0,-14.4,9.0,0.79,26.6,35.5,3.13,-1.27,11.34
"Barkley, Sam",STL,AA,1885,R,159,653,131,151,21,8,2,82,45,27,3,81,22,0.231,0.281,0.297,0.578,2,9,0.57,-26.4,10.3,0.0,-1.4,-17.5,-1.54,24.0,6.5,0.57,-0.12,11.34
"Muldoon, Mike",STL,AA,1885,R,162,650,81,173,29,12,1,125,34,18,7,56,52,0.266,0.306,0.352,0.658,7,13,0.08,-8.3,-15.2,0.0,0.8,-22.7,-2.0,23.6,0.9,0.08,0.07,11.34
"Connor, Roger",STL,AA,1885,S,161,643,169,257,33,22,4,133,83,10,3,76,46,0.4,0.469,0.538,1.007,9,24,8.16,77.7,-5.6,0.0,-4.5,67.6,5.96,24.9,92.5,8.16,-0.39,11.34
"Smith, Germany",STL,AA,1885,R,159,641,80,148,25,6,4,101,7,25,1,53,25,0.231,0.24,0.307,0.547,0,7,-0.76,-36.7,0.2,0.0,5.7,-30.8,-2.71,22.2,-8.6,-0.76,0.51,11.34
"Gore, George",STL,AA,1885,L,162,563,140,196,27,24,5,118,157,29,1,102,33,0.348,0.488,0.508,0.996,8,21,8.84,78.2,10.0,0.0,-12.6,75.6,6.67,24.6,100.2,8.84,-1.11,11.34
"Bushong, Doc",STL,AA,1885,R,122,471,51,117,17,8,2,61,17,19,3,31,18,0.248,0.275,0.331,0.606,2,7,0.31,-15.7,-2.1,0.0,4.5,-13.3,-1.17,16.8,3.5,0.31,0.4,11.34
"Robinson, Yank",STL,AA,1885,R,120,447,90,120,14,5,1,74,64,20,10,75,27,0.268,0.367,0.329,0.696,5,16,1.74,6.6,5.7,0.0,-10.3,2.0,0.17,17.8,19.8,1.74,-0.91,11.34
"Caruthers, Bob",STL,AA,1885,L,81,279,52,78,20,2,1,43,30,9,5,2,4,0.28,0.359,0.376,0.735,2,6,2.89,6.2,-2.2,0.0,18.1,22.1,1.95,10.7,32.8,2.89,1.59,11.34
"Gilligan, Barney",STL,AA,1885,R,106,249,33,50,4,3,1,29,29,17,0,9,14,0.201,0.28,0.253,0.533,2,4,-0.93,-13.1,-6.0,0.0,-0.9,-20.0,-1.76,9.5,-10.5,-0.93,-0.08,11.34
"Getzien, Charlie",STL,AA,1885,R,81,148,11,32,2,1,1,9,4,19,1,1,2,0.216,0.24,0.264,0.504,0,4,0.23,-10.4,-1.1,0.0,8.8,-2.7,-0.23,5.2,2.6,0.23,0.78,11.34
"Comiskey, Charlie",STL,AA,1885,R,122,112,17,23,2,0,1,13,4,5,2,11,4,0.205,0.242,0.25,0.492,2,2,-0.35,-8.0,0.8,0.0,-0.7,-8.0,-0.7,4.0,-3.9,-0.35,-0.06,11.34
"Quest, Joe",STL,AA,1885,R,60,90,13,21,1,1,0,17,4,5,0,7,3,0.233,0.266,0.267,0.533,0,2,-0.35,-5.3,0.2,0.0,-2.0,-7.2,-0.63,3.2,-4.0,-0.35,-0.18,11.34
"Miller, Joe",STL,AA,1885,R,83,48,17,12,2,0,0,5,4,0,2,3,2,0.25,0.321,0.292,0.613,0,3,0.12,-0.8,-0.4,0.0,0.7,-0.5,-0.04,1.8,1.4,0.12,0.06,11.34
"Farrell, Jack",STL,AA,1885,R,45,46,7,11,2,0,0,4,1,1,0,2,2,0.239,0.255,0.283,0.538,0,2,-0.15,-2.7,-0.7,0.0,-0.0,-3.3,-0.29,1.6,-1.7,-0.15,-0.0,11.34
"Peoples, Jimmy",STL,AA,1885,R,46,45,7,16,2,0,1,9,1,0,1,0,1,0.356,0.383,0.467,0.85,7,7,0.3,2.4,-0.7,0.0,0.0,1.8,0.16,1.6,3.4,0.3,0.0,11.34
"Ramsey, Toad",STL,AA,1885,R,60,41,2,5,0,0,0,2,0,3,1,0,0,0.122,0.143,0.122,0.265,0,2,-0.22,-6.4,-0.0,0.0,2.4,-4.0,-0.35,1.4,-2.5,-0.22,0.21,11.34
"Mountain, Frank",STL,AA,1885,R,44,10,1,1,0,0,0,0,0,2,0,0,0,0.1,0.1,0.1,0.2,0,1,-0.08,-1.8,-0.0,0.0,0.6,-1.2,-0.11,0.3,-0.9,-0.08,0.05,11.34
"Crotty, Joe",STL,AA,1885,R,14,7,1,1,0,0,0,0,0,0,0,1,0,0.143,0.143,0.143,0.286,0,1,-0.03,-1.0,0.3,0.0,0.1,-0.6,-0.05,0.2,-0.4,-0.03,0.01,11.34
"Brown, Joe",STL,AA,1885,R,62,1,0,0,0,0,0,0,0,1,0,0,0,0,0,0,0,0,0,-0.01,-0.2,-0.0,0.0,0.1,-0.2,-0.02,0.0,-0.2,-0.01,0.01,11.34
"Glasscock, Jack",LOU,AA,1885,R,162,688,128,201,25,3,1,71,42,13,1,58,34,0.292,0.331,0.342,0.673,0,14,1.97,-3.7,-3.8,0.0,4.9,-2.6,-0.23,25.0,22.4,1.97,0.43,11.34
"Brady, Steve",LOU,AA,1885,R,160,645,100,191,17,6,5,86,21,21,8,16,10,0.296,0.325,0.364,0.69,0,16,0.86,-2.0,-2.0,0.0,-9.4,-13.3,-1.17,23.0,9.8,0.86,-0.83,11.34
"Brown, Tom",LOU,AA,1885,L,162,644,90,204,28,4,10,98,67,14,8,9,13,0.317,0.386,0.419,0.805,2,14,3.19,30.0,-5.9,0.0,-12.5,11.6,1.03,24.6,36.2,3.19,-1.1,11.34
"Denny, Jerry",LOU,AA,1885,R,157,486,67,125,22,9,0,64,14,50,3,34,21,0.257,0.28,0.34,0.62,1,7,0.08,-14.4,-3.0,0.0,1.1,-16.3,-1.43,17.2,0.9,0.08,0.1,11.34
"Roseman, Chief",LOU,AA,1885,R,162,480,85,133,18,9,2,52,34,18,11,45,20,0.277,0.338,0.365,0.702,1,10,0.99,2.5,0.9,0.0,-10.1,-6.7,-0.59,17.9,11.3,0.99,-0.89,11.34
"Eden, Charlie",LOU,AA,1885,L,151,459,47,121,17,2,0,54,23,16,6,12,25,0.264,0.304,0.309,0.613,0,8,-1.47,-12.2,-11.9,0.0,-9.2,-33.3,-2.94,16.7,-16.6,-1.47,-0.81,11.34
"Pfeffer, Fred",LOU,AA,1885,R,158,394,53,89,9,5,2,50,21,29,6,32,20,0.226,0.275,0.289,0.564,0,7,-0.68,-18.5,-2.9,0.0,-0.7,-22.1,-1.95,14.4,-7.7,-0.68,-0.06,11.34
"Daily, Con",LOU,AA,1885,L,110,339,48,110,9,0,0,54,23,21,2,5,8,0.324,0.367,0.351,0.718,3,6,1.31,4.8,-3.7,0.0,1.3,2.4,0.21,12.4,14.9,1.31,0.12,11.34
"Cross, Amos",LOU,AA,1885,R,116,200,24,57,5,0,0,24,5,8,2,1,4,0.285,0.308,0.31,0.618,1,5,0.04,-5.4,-2.3,0.0,1.2,-6.6,-0.58,7.1,0.5,0.04,0.11,11.34
"Scott, Milt",LOU,AA,1885,R,120,165,17,43,3,0,0,24,3,7,2,0,1,0.261,0.281,0.279,0.559,0,6,-0.35,-8.0,-0.8,0.0,-1.0,-9.8,-0.87,5.8,-4.0,-0.35,-0.09,11.34
"Welch, Mickey",LOU,AA,1885,R,56,146,23,30,6,0,1,17,7,27,1,0,2,0.205,0.244,0.267,0.511,1,3,0.29,-9.5,-1.4,0.0,8.9,-2.0,-0.18,5.3,3.2,0.29,0.78,11.34
"Dealy, Pat",LOU,AA,1885,R,76,120,21,30,5,2,0,18,1,11,0,5,3,0.25,0.256,0.325,0.581,0,6,-0.04,-5.5,-0.4,0.0,1.3,-4.6,-0.41,4.1,-0.5,-0.04,0.12,11.34
"Evans, Jake",LOU,AA,1885,R,102,89,18,23,4,0,0,11,11,3,2,16,7,0.258,0.35,0.303,0.653,1,4,0.17,-0.2,0.5,0.0,-1.8,-1.5,-0.13,3.5,2.0,0.17,-0.16,11.34
"Cushman, Ed",LOU,AA,1885,R,42,85,11,13,1,0,2,8,10,3,0,1,0,0.153,0.242,0.235,0.477,0,2,0.22,-6.5,0.2,0.0,5.5,-0.8,-0.07,3.2,2.4,0.22,0.48,11.34
"Meegan, Pete",LOU,AA,1885,R,40,75,5,14,0,0,0,8,2,3,0,1,1,0.187,0.208,0.187,0.394,2,4,-0.13,-8.1,-0.4,0.0,4.4,-4.1,-0.36,2.6,-1.4,-0.13,0.39,11.34
"Hankinson, Frank",LOU,AA,1885,R,71,71,11,15,5,0,0,7,0,3,0,1,1,0.211,0.211,0.282,0.493,0,3,-0.27,-5.4,-0.4,0.0,0.3,-5.4,-0.48,2.4,-3.0,-0.27,0.03,11.34
"Shallix, Gus",LOU,AA,1885,R,26,50,6,10,1,0,0,3,2,7,0,0,0,0.2,0.231,0.22,0.451,0,2,0.03,-4.4,-0.1,0.0,3.0,-1.4,-0.13,1.8,0.3,0.03,0.26,11.34
"Richmond, John",LOU,AA,1885,R,26,13,0,3,0,0,0,0,2,1,0,0,0,0.231,0.333,0.231,0.564,1,1,0.0,-0.5,-0.0,0.0,-0.0,-0.5,-0.04,0.5,0.0,0.0,-0.0,11.34
"Healy, John",LOU,AA,1885,R,78,13,1,1,0,0,0,0,1,1,0,0,0,0.077,0.143,0.077,0.22,0,1,-0.08,-2.2,-0.0,0.0,0.8,-1.4,-0.12,0.5,-0.9,-0.08,0.07,11.34
"Hines, Mike",LOU,AA,1885,R,21,7,2,2,0,0,0,1,1,0,0,0,0,0.286,0.375,0.286,0.661,0,1,0.02,0.0,-0.0,0.0,-0.1,-0.1,-0.01,0.3,0.2,0.02,-0.01,11.34
"Welch, Curt",BLN,AA,1885,R,162,727,139,198,34,4,4,101,31,28,8,122,46,0.272,0.308,0.347,0.655,13,15,0.95,-10.4,8.1,0.0,-13.1,-15.4,-1.36,26.2,10.7,0.95,-1.16,11.34
"Carpenter, Hick",BLN,AA,1885,R,162,700,115,223,26,10,5,110,11,24,3,127,43,0.319,0.331,0.406,0.736,1,19,3.9,7.4,11.5,0.0,0.9,19.8,1.74,24.4,44.2,3.9,0.08,11.34
"Wise, Sam",BLN,AA,1885,L,162,681,127,209,28,12,8,132,40,77,3,84,32,0.307,0.344,0.419,0.763,13,13,4.62,16.4,5.2,0.0,6.1,27.7,2.44,24.7,52.4,4.62,0.54,11.34
"Hanlon, Ned",BLN,AA,1885,L,162,680,169,248,26,12,1,60,101,25,7,123,55,0.365,0.452,0.443,0.894,11,13,6.49,58.5,3.0,0.0,-14.8,46.7,4.12,26.9,73.6,6.49,-1.31,11.34
"Start, Joe",BLN,AA,1885,L,161,670,105,206,19,4,1,126,60,17,4,22,22,0.307,0.365,0.352,0.717,0,22,2.03,9.8,-7.4,0.0,-4.5,-2.1,-0.19,25.1,23.0,2.03,-0.4,11.34
"Kerins, John",BLN,AA,1885,R,162,642,86,174,19,14,5,101,39,22,2,72,27,0.271,0.313,0.368,0.68,3,12,2.66,-4.2,4.6,0.0,6.3,6.8,0.6,23.3,30.1,2.66,0.56,11.34
"Stricker, Cub",BLN,AA,1885,R,162,640,91,161,16,8,2,96,32,29,5,102,35,0.252,0.291,0.311,0.602,8,10,0.83,-21.4,8.8,0.0,-1.2,-13.8,-1.21,23.1,9.4,0.83,-0.1,11.34
"Nicol, Hugh",BLN,AA,1885,R,162,596,73,131,13,1,3,69,60,18,1,31,17,0.22,0.288,0.26,0.548,2,12,-1.81,-27.8,-1.6,0.0,-13.5,-43.0,-3.79,22.4,-20.5,-1.81,-1.19,11.34
"Porter, Henry",BLN,AA,1885,R,81,256,36,47,1,4,2,18,3,9,4,3,1,0.184,0.204,0.242,0.446,3,4,0.03,-23.8,0.0,0.0,15.1,-8.6,-0.76,9.0,0.4,0.03,1.34,11.34
"Henderson, Hardie",BLN,AA,1885,R,81,227,31,57,6,2,1,27,11,10,1,1,2,0.251,0.289,0.308,0.597,1,7,1.11,-8.1,-1.2,0.0,13.8,4.5,0.39,8.2,12.6,1.11,1.21,11.34
"Myers, George",BLN,AA,1885,R,23,25,3,7,2,0,0,2,0,1,0,0,1,0.28,0.28,0.36,0.64,0,2,-0.04,-0.6,-0.6,0.0,-0.1,-1.3,-0.12,0.9,-0.5,-0.04,-0.01,11.34
"Johnston, Dick",BLN,AA,1885,R,26,25,1,6,0,1,0,3,0,4,0,1,0,0.24,0.231,0.32,0.551,0,2,-0.04,-1.4,0.3,0.0,-0.2,-1.3,-0.11,0.9,-0.4,-0.04,-0.01,11.34
"Gerhardt, Joe",BLN,AA,1885,R,50,19,2,7,0,0,0,2,2,2,0,2,1,0.368,0.429,0.368,0.797,1,2,0.15,0.9,-0.0,0.0,0.1,0.9,0.08,0.7,1.7,0.15,0.01,11.34
"Connor, John",BLN,AA,1885,R,17,8,0,0,0,0,0,1,0,3,0,0,0,0,0,0,0,0,0,-0.11,-2.0,-0.0,0.0,0.5,-1.5,-0.14,0.3,-1.3,-0.11,0.04,11.34
"McKeon, Larry",BLN,AA,1885,R,31,6,0,1,0,0,0,0,0,0,0,0,0,0.167,0.167,0.167,0.333,0,1,-0.02,-0.8,-0.0,0.0,0.3,-0.4,-0.04,0.2,-0.2,-0.02,0.03,11.34
"Nolan, The Only",BLN,AA,1885,L,36,4,0,0,0,0,0,0,0,1,0,0,0,0,0,0,0,0,0,-0.06,-1.0,-0.0,0.0,0.2,-0.8,-0.07,0.1,-0.6,-0.06,0.02,11.34
"Corcoran, Larry",BLN,AA,1885,L,9,1,1,0,0,0,0,0,0,0,0,0,0,0,0,0,0,0,0,-0.01,-0.2,-0.0,0.0,0.1,-0.2,-0.02,0.0,-0.2,-0.01,0.01,11.34
"Kennedy, Ed",BLN,AA,1885,R,1,1,0,0,0,0,0,0,0,0,0,0,0,0,0,0,0,0,0,-0.02,-0.2,-0.0,0.0,-0.0,-0.3,-0.02,0.0,-0.2,-0.02,-0.0,11.34
"Stovey, Harry",PAT,AA,1885,R,162,740,174,237,36,8,15,91,68,25,6,105,41,0.32,0.382,0.451,0.833,0,13,5.94,38.8,6.0,0.0,-5.2,39.6,3.49,27.8,67.4,5.94,-0.46,11.34
"Larkin, Henry",PAT,AA,1885,R,161,709,161,240,46,9,11,139,50,25,7,121,51,0.339,0.387,0.475,0.862,27,27,5.4,43.3,4.8,0.0,-13.1,35.0,3.09,26.2,61.2,5.4,-1.15,11.34
"Fennelly, Frank",PAT,AA,1885,R,162,695,124,189,27,20,8,141,66,28,3,75,39,0.272,0.336,0.403,0.738,8,12,3.68,11.4,-1.8,0.0,5.9,15.6,1.37,26.1,41.7,3.68,0.52,11.34
"Coleman, John",PAT,AA,1885,L,144,645,120,210,28,10,2,95,44,18,6,53,48,0.326,0.374,0.409,0.783,7,12,1.65,21.6,-13.7,0.0,-13.0,-5.1,-0.45,23.7,18.7,1.65,-1.15,11.34
"Purcell, Blondie",PAT,AA,1885,R,151,631,101,188,30,8,0,116,33,34,5,80,39,0.298,0.335,0.371,0.706,3,18,1.17,3.2,-0.2,0.0,-12.7,-9.6,-0.85,22.9,13.2,1.17,-1.12,11.34
"Corey, Fred",PAT,AA,1885,R,154,620,86,150,21,6,0,75,25,25,2,46,21,0.242,0.271,0.295,0.567,0,7,-0.46,-28.8,0.5,0.0,1.1,-27.3,-2.41,22.1,-5.2,-0.46,0.1,11.34
"Reipschlager, Charlie",PAT,AA,1885,R,120,449,43,113,18,2,0,58,18,18,1,7,6,0.252,0.28,0.301,0.58,6,12,-0.4,-18.3,-2.0,0.0,-0.2,-20.5,-1.81,16.0,-4.5,-0.4,-0.01,11.34
"O'Brien, Jack",PAT,AA,1885,R,93,354,53,88,11,2,2,52,46,13,8,25,19,0.249,0.345,0.308,0.653,1,11,1.03,-1.3,-4.4,0.0,3.4,-2.3,-0.2,13.9,11.7,1.03,0.3,11.34
"Greer, Ed",PAT,AA,1885,R,94,239,35,45,5,1,1,30,16,12,4,34,17,0.188,0.248,0.23,0.478,0,5,-0.61,-17.9,-0.3,0.0,2.4,-15.8,-1.39,8.8,-7.0,-0.61,0.21,11.34
"Mathews, Bobby",PAT,AA,1885,R,81,208,15,31,3,0,0,13,11,8,3,2,2,0.149,0.201,0.163,0.364,0,3,-0.42,-24.3,-0.9,0.0,12.8,-12.3,-1.09,7.6,-4.8,-0.42,1.13,11.34
"Whitney, Jim",PAT,AA,1885,L,81,205,36,56,1,7,0,20,7,9,1,0,1,0.273,0.298,0.346,0.644,0,7,1.25,-4.5,-0.8,0.0,12.3,6.9,0.61,7.3,14.2,1.25,1.08,11.34
"Casey, Dennis",PAT,AA,1885,L,132,198,31,52,10,2,1,30,19,9,2,11,3,0.263,0.332,0.348,0.68,0,5,0.47,-0.1,1.3,0.0,-3.3,-2.1,-0.19,7.5,5.4,0.47,-0.29,11.34
"Myers, Al",PAT,AA,1885,R,54,164,31,49,9,2,0,15,12,12,2,5,6,0.299,0.352,0.378,0.73,0,9,0.55,2.7,-2.3,0.0,-0.2,0.2,0.02,6.1,6.3,0.55,-0.02,11.34
"Manning, Tim",PAT,AA,1885,R,66,54,13,21,5,0,1,12,7,2,0,4,1,0.389,0.452,0.537,0.989,0,4,0.8,6.4,0.5,0.0,0.1,7.0,0.62,2.1,9.1,0.8,0.01,11.34
"Lynch, Tom",PAT,AA,1885,L,76,46,13,16,3,0,0,7,9,2,0,2,1,0.348,0.455,0.413,0.868,1,2,0.44,3.9,-0.1,0.0,-0.7,3.1,0.27,1.9,5.0,0.44,-0.06,11.34
"Strief, George",PAT,AA,1885,R,12,33,4,12,2,0,0,5,2,1,0,0,1,0.364,0.4,0.424,0.824,5,5,0.19,1.6,-0.6,0.0,-0.0,0.9,0.08,1.2,2.1,0.19,-0.0,11.34
"Baker, Norm",PAT,AA,1885,R,88,28,3,9,1,0,0,3,2,2,0,0,0,0.321,0.367,0.357,0.724,0,2,0.28,0.4,-0.0,0.0,1.7,2.1,0.18,1.0,3.1,0.28,0.15,11.34
"Powell, Jim",PAT,AA,1885,L,18,21,4,7,1,0,0,2,1,2,1,1,1,0.333,0.391,0.381,0.772,2,2,0.09,0.7,-0.3,0.0,-0.1,0.3,0.02,0.8,1.0,0.09,-0.01,11.34
"Phillips, Marr",PAT,AA,1885,R,32,17,1,4,0,0,0,2,0,1,0,0,1,0.235,0.211,0.235,0.446,0,2,-0.12,-1.4,-0.6,0.0,0.1,-2.0,-0.17,0.6,-1.4,-0.12,0.01,11.34
"Hofford, John",PAT,AA,1885,R,27,15,2,2,0,0,0,2,0,2,0,0,0,0.133,0.133,0.133,0.267,0,1,-0.09,-2.3,-0.0,0.0,0.9,-1.5,-0.13,0.5,-1.0,-0.09,0.08,11.34
"Pinkney, George",BRO,AA,1885,R,162,667,104,170,16,5,0,50,40,25,7,85,50,0.255,0.302,0.294,0.596,1,16,-0.34,-22.0,-5.3,0.0,-0.9,-28.2,-2.49,24.4,-3.9,-0.34,-0.08,11.34
"Gleason, Bill",BRO,AA,1885,R,162,640,103,160,10,5,4,55,44,22,13,83,49,0.25,0.31,0.3,0.61,0,11,0.63,-17.4,-5.3,0.0,5.9,-16.7,-1.47,23.8,7.1,0.63,0.52,11.34
"Swartwood, Ed",BRO,AA,1885,L,154,585,89,167,8,12,0,81,55,22,11,88,45,0.285,0.355,0.34,0.695,2,12,1.02,3.8,-1.3,0.0,-13.2,-10.7,-0.94,22.2,11.5,1.02,-1.16,11.34
"Maskrey, Leech",BRO,AA,1885,R,162,543,67,120,11,15,2,61,28,19,6,48,18,0.221,0.265,0.308,0.572,1,6,-1.23,-25.1,3.0,0.0,-11.6,-33.7,-2.97,19.7,-14.0,-1.23,-1.02,11.34
"Radford, Paul",BRO,AA,1885,R,153,538,73,124,22,5,0,68,39,46,2,45,28,0.23,0.283,0.29,0.572,0,7,-1.61,-22.4,-4.0,0.0,-11.7,-38.1,-3.36,19.8,-18.3,-1.61,-1.03,11.34
"Field, Jim",BRO,AA,1885,R,157,528,53,123,18,3,1,71,28,16,13,36,30,0.233,0.287,0.284,0.571,0,6,-1.24,-22.2,-7.8,0.0,-3.5,-33.5,-2.95,19.4,-14.1,-1.24,-0.31,11.34
"Traffley, Bill",BRO,AA,1885,R,135,383,43,69,4,4,1,26,30,13,5,34,18,0.18,0.248,0.219,0.467,1,5,-1.02,-30.5,-1.1,0.0,5.8,-25.8,-2.28,14.3,-11.5,-1.02,0.51,11.34
"Bassett, Charley",BRO,AA,1885,R,121,373,34,45,11,1,0,19,18,56,1,21,11,0.121,0.162,0.155,0.318,0,5,-3.25,-50.6,-0.7,0.0,1.1,-50.2,-4.43,13.4,-36.8,-3.25,0.1,11.34
"McTamany, Jim",BRO,AA,1885,R,112,151,17,34,10,2,1,20,10,9,1,6,4,0.225,0.278,0.338,0.616,0,5,-0.15,-4.5,-0.8,0.0,-2.0,-7.3,-0.64,5.5,-1.7,-0.15,-0.18,11.34
"Burns, Dick",BRO,AA,1885,L,89,85,7,17,2,1,0,11,0,13,0,0,0,0.2,0.2,0.247,0.447,0,3,-0.52,-7.9,-0.1,0.0,-0.8,-8.8,-0.77,2.9,-5.9,-0.52,-0.07,11.34
"Mays, Al",BRO,AA,1885,R,39,83,9,19,2,2,0,13,2,3,0,0,0,0.229,0.244,0.301,0.545,0,3,0.26,-4.8,-0.1,0.0,4.9,0.0,0.0,2.9,2.9,0.26,0.43,11.34
"Wood, Pete",BRO,AA,1885,R,47,80,4,15,5,0,0,6,0,6,1,0,0,0.188,0.198,0.25,0.448,1,4,0.0,-7.3,-0.1,0.0,4.7,-2.7,-0.24,2.8,0.0,0.0,0.41,11.34
"Lovett, Tom",BRO,AA,1885,R,42,77,6,11,0,1,0,7,2,0,0,0,0,0.143,0.155,0.169,0.324,1,1,-0.27,-10.2,-0.1,0.0,4.5,-5.7,-0.51,2.7,-3.0,-0.27,0.4,11.34
"Keenan, Jim",BRO,AA,1885,R,29,69,4,16,1,0,0,12,8,4,0,4,1,0.232,0.312,0.246,0.558,4,4,0.07,-2.9,0.5,0.0,0.5,-1.9,-0.16,2.6,0.8,0.07,0.05,11.34
"Forster, Tom",BRO,AA,1885,R,38,64,9,11,2,0,0,10,4,4,0,3,3,0.172,0.217,0.203,0.421,0,3,-0.44,-6.2,-1.0,0.0,-0.1,-7.3,-0.64,2.3,-5.0,-0.44,-0.01,11.34
"Crothers, Doug",BRO,AA,1885,R,66,48,7,10,0,0,0,4,6,1,0,2,2,0.208,0.296,0.208,0.505,0,2,0.12,-2.9,-0.7,0.0,3.1,-0.5,-0.04,1.8,1.4,0.12,0.27,11.34
"Emslie, Bob",BRO,AA,1885,R,56,36,5,7,0,1,0,4,1,0,0,0,0,0.194,0.216,0.25,0.466,0,2,0.02,-3.1,-0.0,0.0,2.1,-1.0,-0.09,1.3,0.2,0.02,0.19,11.34
"McGinnis, Jumbo",BRO,AA,1885,R,93,28,4,7,0,0,1,1,0,0,0,0,0,0.25,0.25,0.357,0.607,0,2,0.13,-1.1,-0.0,0.0,1.6,0.5,0.04,1.0,1.5,0.13,0.14,11.34
"Pechiney, George",BRO,AA,1885,R,78,27,4,7,0,0,0,0,0,1,0,0,0,0.259,0.259,0.259,0.519,3,3,0.06,-1.8,-0.0,0.0,1.6,-0.2,-0.02,0.9,0.7,0.06,0.14,11.34
"Cassidy, John",BRO,AA,1885,R,5,1,2,1,0,0,0,0,0,0,0,1,0,1,1,1,2,1,1,0.07,0.5,0.3,0.0,-0.0,0.7,0.06,0.0,0.8,0.07,-0.0,11.34
"Jones, Charley",CHC,NL,1885,R,162,740,166,240,27,14,11,105,25,24,9,159,47,0.324,0.353,0.443,0.796,3,19,4.66,23.3,15.8,0.0,-12.7,26.4,2.33,26.4,52.8,4.66,-1.12,11.34
"Anson, Cap",CHC,NL,1885,R,162,722,157,232,53,6,10,128,47,11,5,142,57,0.321,0.364,0.453,0.817,3,16,5.1,31.5,4.7,0.0,-4.7,31.4,2.77,26.4,57.9,5.1,-0.42,11.34
"Burns, Tom",CHC,NL,1885,R,161,640,104,165,31,10,7,100,27,55,1,77,27,0.258,0.286,0.37,0.656,1,10,1.88,-11.5,3.7,0.0,6.3,-1.5,-0.14,22.8,21.3,1.88,0.55,11.34
"Kelly, King",CHC,NL,1885,R,162,640,143,191,28,17,16,139,77,29,3,133,49,0.298,0.374,0.47,0.844,1,13,5.89,35.4,7.0,0.0,-0.3,42.1,3.72,24.6,66.7,5.89,-0.03,11.34
"Dalrymple, Abner",CHC,NL,1885,L,162,621,121,186,31,10,11,136,64,43,2,132,32,0.3,0.361,0.435,0.796,5,16,4.62,24.5,17.1,0.0,-12.7,28.9,2.55,23.5,52.3,4.62,-1.12,11.34
"McClellan, Bill",CHC,NL,1885,L,157,572,92,155,30,5,1,64,61,23,6,67,29,0.271,0.345,0.346,0.691,7,9,2.03,2.5,-0.4,0.0,-0.9,1.2,0.11,21.8,23.1,2.03,-0.08,11.34
"Williamson, Ned",CHC,NL,1885,R,162,521,103,137,25,9,7,70,94,61,6,67,42,0.263,0.378,0.386,0.764,3,8,3.01,19.6,-8.1,0.0,1.5,12.9,1.14,21.2,34.2,3.01,0.13,11.34
"Clarkson, John",CHC,NL,1885,R,102,317,40,63,9,8,2,34,0,43,0,2,3,0.199,0.197,0.297,0.493,3,6,0.48,-25.4,-2.7,0.0,22.7,-5.4,-0.48,10.8,5.4,0.48,2.0,11.34
"Lewis, Fred",CHC,NL,1885,S,134,298,51,98,16,3,1,52,16,18,2,19,8,0.329,0.363,0.413,0.775,5,6,1.15,8.8,-0.6,0.0,-6.0,2.2,0.2,10.8,13.0,1.15,-0.53,11.34
"Sunday, Billy",CHC,NL,1885,L,86,229,27,60,4,3,2,41,22,33,2,36,13,0.262,0.331,0.332,0.663,2,6,0.32,-2.0,1.8,0.0,-4.8,-5.1,-0.45,8.6,3.6,0.32,-0.42,11.34
"Lynch, Jack",CHC,NL,1885,R,58,121,18,20,4,2,0,9,10,4,1,0,0,0.165,0.233,0.231,0.464,0,2,0.29,-10.1,-0.6,0.0,9.5,-1.2,-0.11,4.5,3.3,0.29,0.83,11.34
"Trott, Sam",CHC,NL,1885,L,104,104,17,29,2,1,0,19,12,4,0,2,1,0.279,0.347,0.317,0.665,0,6,0.36,-0.3,-0.6,0.0,1.0,0.1,0.01,4.0,4.1,0.36,0.09,11.34
"Snyder, Pop",CHC,NL,1885,R,55,47,6,10,2,0,1,6,4,1,0,0,1,0.213,0.269,0.319,0.588,0,2,-0.08,-1.8,-0.8,0.0,-0.1,-2.7,-0.24,1.7,-0.9,-0.08,-0.01,11.34
"Shaffer, Orator",CHC,NL,1885,L,91,47,7,9,2,0,0,9,2,8,0,4,2,0.191,0.22,0.234,0.454,0,3,-0.35,-4.1,-0.2,0.0,-1.3,-5.6,-0.5,1.7,-4.0,-0.35,-0.12,11.34
"Ringo, Frank",CHC,NL,1885,R,48,41,5,7,2,0,0,3,1,1,0,2,2,0.171,0.186,0.22,0.406,0,2,-0.29,-4.3,-0.8,0.0,0.4,-4.7,-0.42,1.4,-3.3,-0.29,0.03,11.34
"Gardner, Gid",CHC,NL,1885,R,31,36,2,6,0,0,0,3,1,2,0,4,2,0.167,0.189,0.167,0.356,0,2,-0.31,-4.4,-0.2,0.0,-0.1,-4.7,-0.42,1.3,-3.5,-0.31,-0.01,11.34
"Hornung, Joe",CHC,NL,1885,R,15,31,9,12,5,0,0,6,2,2,0,5,3,0.387,0.424,0.548,0.973,0,3,0.27,3.1,-0.5,0.0,-0.7,1.9,0.17,1.1,3.1,0.27,-0.06,11.34
"Davis, Daisy",CHC,NL,1885,R,39,19,1,4,1,0,0,3,1,2,0,0,0,0.211,0.25,0.263,0.513,0,1,0.07,-1.3,-0.1,0.0,1.4,0.1,0.01,0.7,0.8,0.07,0.13,11.34
"White, Will",CHC,NL,1885,S,81,15,1,2,0,0,0,1,1,1,2,0,0,0.133,0.263,0.133,0.396,0,1,0.04,-1.4,-0.1,0.0,1.3,-0.2,-0.01,0.6,0.5,0.04,0.11,11.34
"Knight, Lon",CHC,NL,1885,R,11,0,1,0,0,0,0,1,1,0,0,0,0,0,0.5,0,0,0,0,0.02,0.3,-0.0,0.0,-0.1,0.2,0.02,0.0,0.2,0.02,-0.01,11.34
"Richardson, Hardy",DTN,NL,1885,R,162,698,124,215,21,8,13,96,30,28,1,96,23,0.308,0.337,0.417,0.754,0,14,4.11,11.6,11.5,0.0,-1.4,21.6,1.91,24.9,46.5,4.11,-0.13,11.34
"Rowe, Jack",DTN,NL,1885,L,161,681,107,206,44,9,3,81,44,29,1,48,36,0.302,0.343,0.407,0.75,1,10,1.41,13.0,-10.7,0.0,-11.1,-8.8,-0.78,24.8,16.0,1.41,-0.98,11.34
"Wood, George",DTN,NL,1885,L,154,647,101,200,28,10,12,102,35,31,2,62,24,0.309,0.345,0.439,0.784,4,20,2.69,18.2,0.9,0.0,-12.1,7.1,0.63,23.4,30.5,2.69,-1.06,11.34
"Reccius, Phil",DTN,NL,1885,R,162,635,87,158,13,18,4,85,22,26,3,35,12,0.249,0.276,0.345,0.621,0,15,0.27,-20.6,0.1,0.0,1.1,-19.4,-1.72,22.5,3.1,0.27,0.09,11.34
"Bennett, Charlie",DTN,NL,1885,R,161,615,106,158,31,14,10,100,80,47,3,49,31,0.257,0.342,0.402,0.744,0,8,3.14,13.0,-7.3,0.0,6.0,11.8,1.04,23.8,35.6,3.14,0.53,11.34
"Manning, Jack",DTN,NL,1885,R,147,594,86,162,21,3,7,87,34,30,5,40,21,0.273,0.317,0.354,0.671,5,9,-0.0,-5.8,-3.6,0.0,-12.2,-21.7,-1.91,21.6,-0.0,-0.0,-1.08,11.34
"Lillie, Jim",DTN,NL,1885,R,132,522,69,132,14,4,3,58,5,48,4,30,16,0.253,0.264,0.312,0.576,1,12,-1.36,-24.5,-3.2,0.0,-6.0,-33.6,-2.96,18.1,-15.5,-1.36,-0.53,11.34
"Whitney, Art",DTN,NL,1885,R,134,449,66,110,7,3,0,47,24,17,1,32,16,0.245,0.282,0.274,0.556,1,11,-0.36,-22.3,-2.3,0.0,4.3,-20.3,-1.79,16.2,-4.1,-0.36,0.38,11.34
"McQuery, Mox",DTN,NL,1885,R,109,371,50,105,14,8,5,65,7,25,0,29,12,0.283,0.296,0.404,0.7,10,10,0.71,-2.3,-0.3,0.0,-2.3,-4.9,-0.43,12.9,8.0,0.71,-0.2,11.34
"Morris, Ed",DTN,NL,1885,S,63,185,15,36,2,0,0,16,2,6,1,0,0,0.195,0.206,0.205,0.412,1,5,-0.02,-19.2,-0.9,0.0,13.5,-6.6,-0.58,6.4,-0.2,-0.02,1.19,11.34
"Shaw, Dupee",DTN,NL,1885,L,63,164,18,25,2,0,0,10,7,27,1,0,1,0.152,0.19,0.165,0.354,0,3,-0.29,-20.1,-1.4,0.0,12.3,-9.2,-0.81,5.9,-3.3,-0.29,1.09,11.34
"Baldwin, Lady",DTN,NL,1885,L,45,144,18,46,3,5,1,24,3,22,1,0,0,0.319,0.331,0.431,0.762,2,5,1.55,2.6,-0.7,0.0,10.6,12.5,1.1,5.1,17.6,1.55,0.93,11.34
"Carroll, Cliff",DTN,NL,1885,S,91,82,10,18,0,0,0,7,5,7,0,2,2,0.22,0.264,0.22,0.484,0,3,-0.47,-6.1,-1.0,0.0,-1.1,-8.3,-0.73,3.0,-5.3,-0.47,-0.1,11.34
"Macullar, Jimmy",DTN,NL,1885,R,62,71,13,16,2,0,0,10,12,3,3,3,2,0.225,0.352,0.254,0.606,0,2,0.19,-0.8,-0.7,0.0,0.7,-0.8,-0.07,2.9,2.1,0.19,0.06,11.34
"Briody, Fatty",DTN,NL,1885,R,24,18,3,4,2,0,0,4,0,0,0,0,0,0.222,0.222,0.333,0.556,0,2,-0.02,-1.0,-0.1,0.0,0.3,-0.8,-0.07,0.6,-0.2,-0.02,0.02,11.34
"McLaughlin, Tom",DTN,NL,1885,R,58,17,2,3,0,0,0,3,0,1,0,0,0,0.176,0.167,0.176,0.343,0,2,-0.12,-2.1,-0.1,0.0,0.3,-2.0,-0.17,0.6,-1.4,-0.12,0.02,11.34
"Kennedy, Ted",DTN,NL,1885,L,18,11,0,0,0,0,0,0,0,5,0,0,0,0,0,0,0,0,0,-0.15,-2.8,-0.1,0.0,0.8,-2.0,-0.18,0.4,-1.6,-0.15,0.07,11.34
"Caskin, Ed",DTN,NL,1885,R,23,9,2,2,0,0,0,1,2,1,0,0,0,0.222,0.364,0.222,0.586,1,1,0.02,-0.2,-0.1,0.0,0.0,-0.2,-0.02,0.4,0.2,0.02,0.0,11.34
"Morton, Charlie",DTN,NL,1885,R,38,6,1,3,0,1,0,0,0,0,0,0,0,0.5,0.5,0.833,1.333,1,2,0.13,1.2,-0.0,0.0,0.1,1.3,0.11,0.2,1.5,0.13,0.01,11.34
"Casey, Dan",DTN,NL,1885,R,50,5,0,1,0,0,0,0,0,1,0,0,0,0.2,0.2,0.2,0.4,0,1,-0.0,-0.5,-0.0,0.0,0.4,-0.2,-0.02,0.2,-0.0,-0.0,0.03,11.34
"McKinnon, Alex",NYG,NL,1885,R,162,713,95,227,35,10,2,113,12,41,2,59,37,0.318,0.328,0.404,0.732,0,13,1.65,6.3,-8.0,0.0,-4.4,-6.2,-0.54,24.8,18.7,1.65,-0.39,11.34
"Gillespie, Pete",NYG,NL,1885,L,162,647,94,209,25,10,0,80,32,49,2,87,37,0.323,0.354,0.393,0.747,3,28,1.87,11.4,0.6,0.0,-14.1,-2.1,-0.19,23.3,21.2,1.87,-1.24,11.34
"Ward, John",NYG,NL,1885,L,162,639,88,148,11,18,0,66,26,37,3,88,31,0.232,0.263,0.305,0.568,1,10,0.19,-31.9,4.6,0.0,6.7,-20.6,-1.82,22.8,2.2,0.19,0.59,11.34
"Dorgan, Mike",NYG,NL,1885,R,131,562,93,186,24,14,1,80,21,35,2,101,43,0.331,0.356,0.429,0.785,0,12,2.37,15.6,1.7,0.0,-10.3,6.9,0.61,20.0,26.9,2.37,-0.91,11.34
"Burns, Oyster",NYG,NL,1885,R,130,547,98,147,21,6,13,71,22,20,6,79,48,0.269,0.301,0.4,0.701,0,9,0.88,-0.9,-7.9,0.0,-0.9,-9.7,-0.86,19.6,9.9,0.88,-0.08,11.34
"Esterbrook, Dude",NYG,NL,1885,R,123,505,73,128,23,8,4,75,4,32,1,77,20,0.253,0.258,0.354,0.613,3,17,0.78,-18.1,8.6,0.0,0.9,-8.6,-0.76,17.4,8.9,0.78,0.08,11.34
"Milligan, Jocko",NYG,NL,1885,R,117,444,70,96,18,5,1,46,17,24,2,69,25,0.216,0.247,0.286,0.533,4,5,-0.32,-27.1,3.5,0.0,4.2,-19.5,-1.72,15.8,-3.6,-0.32,0.37,11.34
"O'Neill, Tip",NYG,NL,1885,R,113,332,70,119,13,2,3,48,45,22,4,74,28,0.358,0.44,0.437,0.877,0,14,3.11,25.7,3.6,0.0,-7.0,22.2,1.96,13.0,35.2,3.11,-0.62,11.34
"Dorgan, Jerry",NYG,NL,1885,L,100,281,41,71,10,2,1,34,14,23,1,29,8,0.253,0.289,0.313,0.602,0,7,-0.21,-9.7,2.5,0.0,-5.3,-12.5,-1.1,10.1,-2.4,-0.21,-0.46,11.34
"Deasley, Pat",NYG,NL,1885,R,70,234,19,58,6,1,0,25,14,25,0,5,8,0.248,0.287,0.282,0.569,0,9,-0.38,-10.3,-4.5,0.0,2.1,-12.7,-1.12,8.5,-4.3,-0.38,0.18,11.34
"Daily, Ed",NYG,NL,1885,R,81,228,26,49,11,3,1,25,0,28,0,0,1,0.215,0.211,0.303,0.514,1,4,0.56,-16.1,-1.7,0.0,16.3,-1.4,-0.13,7.8,6.4,0.56,1.44,11.34
"Keefe, Tim",NYG,NL,1885,R,81,185,20,26,3,7,0,21,12,24,1,1,0,0.141,0.196,0.232,0.428,0,2,0.14,-18.7,-0.7,0.0,14.2,-5.2,-0.46,6.8,1.6,0.14,1.25,11.34
"Powers, Phil",NYG,NL,1885,R,21,27,3,5,1,0,0,4,0,1,0,0,1,0.185,0.185,0.222,0.407,0,2,-0.24,-2.9,-0.7,0.0,-0.0,-3.6,-0.32,0.9,-2.7,-0.24,-0.0,11.34
"Mountjoy, Bill",NYG,NL,1885,L,92,13,1,2,0,0,0,0,0,0,0,0,0,0.154,0.154,0.154,0.308,0,1,-0.05,-1.8,-0.1,0.0,0.9,-1.0,-0.09,0.4,-0.5,-0.05,0.08,11.34
"Becannon, Buck",NYG,NL,1885,R,17,7,0,3,0,0,0,1,0,0,0,0,0,0.429,0.429,0.429,0.857,1,1,0.1,0.4,-0.0,0.0,0.5,0.8,0.07,0.2,1.1,0.1,0.04,11.34
"Daily, Hugh",NYG,NL,1885,R,20,1,0,0,0,0,0,0,0,0,0,0,0,0,0,0,0,0,0,-0.01,-0.3,-0.0,0.0,0.1,-0.2,-0.02,0.0,-0.1,-0.01,0.01,11.34
"Begley, Ed",NYG,NL,1885,R,8,0,0,0,0,0,0,0,0,0,0,0,0,0,0,0,0,0,0,0.0,0.0,0.0,0.0,0.0,0.0,0.0,0.0,0.0,0.0,0.0,11.34
"Dunlap, Fred",PIT,NL,1885,R,162,612,97,168,16,7,5,74,61,39,0,94,35,0.275,0.337,0.348,0.685,4,10,2.26,-0.1,4.0,0.0,-1.2,2.7,0.24,23.0,25.7,2.26,-0.1,11.34
"White, Deacon",PIT,NL,1885,L,160,608,70,163,11,9,2,57,10,18,4,53,32,0.268,0.283,0.326,0.609,0,10,-0.5,-21.5,-6.3,0.0,1.0,-26.9,-2.37,21.3,-5.6,-0.5,0.09,11.34
"Corkhill, Pop",PIT,NL,1885,L,161,598,93,148,18,9,0,46,8,21,5,89,31,0.247,0.261,0.308,0.569,0,7,-1.31,-29.5,5.2,0.0,-11.3,-35.7,-3.15,20.9,-14.8,-1.31,-1.0,11.34
"Farrar, Sid",PIT,NL,1885,R,162,561,61,128,16,6,4,70,43,39,2,56,42,0.228,0.283,0.299,0.583,0,7,-1.48,-22.5,-11.3,0.0,-3.7,-37.5,-3.31,20.7,-16.8,-1.48,-0.33,11.34
"Kuehne, Bill",PIT,NL,1885,R,150,444,44,106,8,8,0,45,15,19,3,39,17,0.239,0.267,0.293,0.56,0,6,-0.25,-23.0,-0.7,0.0,5.1,-18.6,-1.64,15.8,-2.8,-0.25,0.45,11.34
"Carroll, Fred",PIT,NL,1885,R,140,442,69,136,18,9,2,70,15,13,3,69,32,0.308,0.335,0.403,0.737,0,10,2.06,4.6,-0.7,0.0,3.8,7.7,0.68,15.7,23.4,2.06,0.33,11.34
"Seery, Emmett",PIT,NL,1885,L,119,302,30,47,8,1,1,19,22,45,1,20,6,0.156,0.213,0.199,0.411,0,5,-2.3,-30.6,0.8,0.0,-7.4,-37.1,-3.28,11.1,-26.0,-2.3,-0.65,11.34
"Richardson, Danny",PIT,NL,1885,R,122,296,42,84,11,2,0,25,15,16,1,31,27,0.284,0.319,0.334,0.654,0,6,-0.72,-4.5,-8.4,0.0,-5.9,-18.8,-1.66,10.7,-8.1,-0.72,-0.52,11.34
"Clements, Jack",PIT,NL,1885,L,84,194,21,46,8,4,1,24,5,20,1,18,10,0.237,0.26,0.335,0.595,2,3,-0.13,-8.1,-1.6,0.0,1.4,-8.3,-0.73,6.8,-1.5,-0.13,0.12,11.34
"Harkins, John",PIT,NL,1885,R,55,109,12,17,2,0,0,10,10,6,1,1,1,0.156,0.233,0.174,0.408,0,3,0.07,-11.0,-0.9,0.0,8.6,-3.3,-0.29,4.1,0.8,0.07,0.76,11.34
"Conway, Pete",PIT,NL,1885,R,54,78,5,9,3,0,2,9,2,22,1,1,0,0.115,0.148,0.231,0.379,0,2,-0.07,-9.3,-0.1,0.0,5.8,-3.6,-0.32,2.8,-0.8,-0.07,0.51,11.34
"Galvin, Pud",PIT,NL,1885,R,63,71,5,7,2,0,1,5,0,8,1,0,2,0.099,0.11,0.169,0.279,0,1,-0.43,-10.9,-1.5,0.0,5.2,-7.3,-0.64,2.5,-4.8,-0.43,0.45,11.34
"Serad, Billy",PIT,NL,1885,R,64,45,6,9,1,0,0,1,0,3,0,0,0,0.2,0.2,0.222,0.422,0,3,-0.0,-4.6,-0.2,0.0,3.2,-1.6,-0.14,1.5,-0.0,-0.0,0.28,11.34
"Knouff, Ed",PIT,NL,1885,R,99,21,0,3,0,0,0,3,0,4,0,0,0,0.143,0.136,0.143,0.279,0,1,-0.09,-3.1,-0.1,0.0,1.5,-1.7,-0.15,0.7,-1.0,-0.09,0.13,11.34
"O'Day, Hank",PIT,NL,1885,R,49,7,0,1,0,0,0,0,0,1,0,0,0,0.143,0.143,0.143,0.286,0,1,-0.03,-1.0,-0.0,0.0,0.5,-0.6,-0.05,0.2,-0.3,-0.03,0.04,11.34
"McCormick, Jim",PIT,NL,1885,R,10,26,1,4,1,1,0,1,0,2,0,0,1,0.154,0.154,0.269,0.423,0,2,-0.07,-2.8,-0.7,0.0,1.9,-1.6,-0.15,0.9,-0.8,-0.07,0.16,11.34
"McCormick, Jim",PAT,AA,1885,R,0,0,0,0,0,0,0,0,0,0,0,0,0,0,0,0,0,0,0,0.0,0.0,0.0,0.0,0.0,0.0,0.0,0.0,0.0,0.0,0.0,11.34
