Player,Team,Lg,SN,Pos,GP,GS,Inn,E,PO,A,DP,GoodPlays,PoorPlays,FPct,RF,SB,CS,CS%,CERA,PB,PK
"McPhee, Bid",CIN,AA,1885,2B,162,162,1441,56,536,468,39,8,0,0.947,6.27,0,0,0,0,0,0
"Latham, Arlie",CIN,AA,1885,3B,161,161,1416.3,65,212,526,12,13,1,0.919,4.69,0,0,0,0,0,0
"Mann, Fred",CIN,AA,1885,RF,160,160,1373,27,243,1,0,3,0,0.9,1.6,0,0,0,0,0,0
"Phillips, Bill",CIN,AA,1885,1B,150,148,1325.7,10,1614,118,44,22,0,0.994,11.76,0,0,0,0,0,0
"Reilly, John",CIN,AA,1885,LF,151,151,1310.3,47,347,2,0,0,6,0.881,2.4,0,0,0,0,0,0
"Browning, Pete",CIN,AA,1885,CF,152,152,1310.3,38,408,1,0,6,2,0.915,2.81,0,0,0,0,0,0
"Sommer, Joe",CIN,AA,1885,SS,152,152,1297.7,156,320,430,30,2,24,0.828,5.2,0,0,0,0,0,0
"Ewing, Buck",CIN,AA,1885,C,126,126,1125.7,31,234,218,3,0,0,0.936,3.61,0,0,0,0,0,0
"Radbourn, Charley",CIN,AA,1885,P,81,0,651.3,9,35,51,1,4,0,0.905,1.19,230,116,33.53,0,0,0
"Boyle, Henry",CIN,AA,1885,P,80,0,634.3,9,33,49,1,2,0,0.901,1.16,246,119,32.6,0,0,1
"Baldwin, Kid",CIN,AA,1885,C,35,35,315.3,13,64,69,0,0,0,0.911,3.8,181,61,25.21,3.85,0,0
"Bastian, Charlie",CIN,AA,1885,SS,64,10,142.3,8,31,55,5,3,0,0.915,5.44,0,0,0,0,0,0
"Sommer, Joe",CIN,AA,1885,CF,55,10,134.7,2,44,0,0,1,0,0.957,2.94,0,0,0,0,0,0
"Wiedman, Stump",CIN,AA,1885,P,48,0,111,3,4,9,1,0,1,0.813,1.05,36,17,32.08,0,0,0
"Browning, Pete",CIN,AA,1885,LF,10,10,90.7,3,23,0,0,1,0,0.885,2.28,0,0,0,0,0,0
"Reilly, John",CIN,AA,1885,1B,11,10,89.7,1,111,8,4,0,0,0.992,11.94,0,0,0,0,0,0
"Foreman, Frank",CIN,AA,1885,P,32,0,46.3,0,1,6,0,0,1,1,1.36,16,6,27.27,0,0,0
"Clinton, Jim",CIN,AA,1885,LF,40,0,40,1,12,1,0,2,0,0.929,2.93,0,0,0,0,0,0
"Quinn, Joe",CIN,AA,1885,1B,4,4,33.7,0,47,0,3,0,1,1,12.56,0,0,0,0,0,0
"Donnelly, Jim",CIN,AA,1885,3B,8,1,20,1,4,5,0,1,0,0.9,4.05,0,0,0,0,0,0
"Crane, Ed",CIN,AA,1885,RF,3,2,18,0,4,0,0,0,0,1,2,0,0,0,0,0,0
"Clinton, Jim",CIN,AA,1885,RF,9,0,12,0,3,0,0,1,0,1,2.25,0,0,0,0,0,0
"Quinn, Joe",CIN,AA,1885,3B,9,0,10.3,0,1,3,0,0,0,1,3.48,0,0,0,0,0,0
"Force, Davy",CIN,AA,1885,2B,6,0,8,0,3,4,0,0,0,1,7.88,0,0,0,0,0,0
"Latham, Arlie",CIN,AA,1885,C,1,1,8,1,2,0,0,0,0,0.667,2.25,0,0,0,3.38,0,0
"Crane, Ed",CIN,AA,1885,CF,1,0,4,0,2,0,0,0,0,1,4.5,0,0,0,0,0,0
"Collins, Chub",CIN,AA,1885,SS,1,0,1,0,0,1,0,0,1,1,9,0,0,0,0,0,0
"Gleason, Bill",BRO,AA,1885,SS,162,162,"1,377.30",154,374,490,30,1,21,0.849,5.65,0,0,0,0,0,0
"Maskrey, Leech",BRO,AA,1885,CF,162,162,"1,354.00",42,384,1,0,0,27,0.902,2.56,0,0,0,0,0,0
"Swartwood, Ed",BRO,AA,1885,LF,152,152,"1,292.30",49,343,2,0,7,0,0.876,2.4,0,0,0,0,0,0
"Field, Jim",BRO,AA,1885,1B,154,154,"1,291.70",16,1594,137,38,5,1,0.991,12.06,0,0,0,0,0,0
"Radford, Paul",BRO,AA,1885,RF,143,143,"1,226.70",38,189,2,0,13,1,0.834,1.4,0,0,0,0,0,0
"Traffley, Bill",BRO,AA,1885,C,134,131,"1,125.00",29,176,275,3,0,0,0.94,3.61,433,254,36.97,5.28,22,1
"Pinkney, George",BRO,AA,1885,2B,132,132,"1,119.30",46,450,331,31,0,8,0.944,6.28,0,0,0,0,0,0
"Bassett, Charley",BRO,AA,1885,3B,100,99,851.3,22,145,330,8,16,0,0.956,5.02,0,0,0,0,0,0
"Pinkney, George",BRO,AA,1885,3B,30,30,257,11,33,114,1,0,3,0.93,5.15,0,0,0,0,0,0
"Lovett, Tom",BRO,AA,1885,P,42,0,236,1,10,18,0,0,1,0.966,1.07,106,62,36.9,0,0,2
"Mays, Al",BRO,AA,1885,P,39,0,228.3,1,7,23,0,0,1,0.968,1.18,98,51,34.23,0,0,2
"Wood, Pete",BRO,AA,1885,P,46,0,218,1,11,16,0,0,1,0.964,1.11,131,48,26.82,0,0,2
"Crothers, Doug",BRO,AA,1885,P,64,0,175.3,0,9,17,0,0,0,1,1.33,84,46,35.38,0,0,0
"McGinnis, Jumbo",BRO,AA,1885,P,93,0,162.3,1,10,13,0,0,2,0.958,1.28,49,27,35.53,0,0,1
"Emslie, Bob",BRO,AA,1885,P,56,0,137,2,8,10,0,1,0,0.9,1.18,63,28,30.77,0,0,0
"Bassett, Charley",BRO,AA,1885,2B,16,16,134,12,64,39,2,0,2,0.896,6.92,0,0,0,0,0,0
"Keenan, Jim",BRO,AA,1885,C,16,16,133,6,22,26,0,0,0,0.889,3.25,92,25,21.37,4.8,0,0
"Forster, Tom",BRO,AA,1885,2B,19,14,128,4,67,42,0,0,2,0.965,7.66,0,0,0,0,0,0
"Pechiney, George",BRO,AA,1885,P,77,0,125.3,0,6,7,0,0,0,1,0.93,49,22,30.99,0,0,0
"McTamany, Jim",BRO,AA,1885,RF,13,9,79.7,2,10,0,0,0,1,0.833,1.13,0,0,0,0,0,0
"McTamany, Jim",BRO,AA,1885,LF,8,8,64,3,14,0,0,0,1,0.824,1.97,0,0,0,0,0,0
"Burns, Dick",BRO,AA,1885,CF,15,0,21.3,0,9,0,0,0,1,1,3.8,0,0,0,0,0,0
"Radford, Paul",BRO,AA,1885,SS,10,0,19,2,7,9,2,0,0,0.889,7.58,0,0,0,0,0,0
"Burns, Dick",BRO,AA,1885,LF,9,0,16,0,5,0,0,0,0,1,2.81,0,0,0,0,0,0
"Radford, Paul",BRO,AA,1885,LF,3,2,15,1,4,0,0,0,0,0.8,2.4,0,0,0,0,0,0
"Swartwood, Ed",BRO,AA,1885,RF,2,2,14,0,4,0,0,0,0,1,2.57,0,0,0,0,0,0
"McTamany, Jim",BRO,AA,1885,CF,5,0,9,0,2,0,0,0,0,1,2,0,0,0,0,0,0
"Bassett, Charley",BRO,AA,1885,SS,3,0,7,1,5,3,0,0,0,0.889,10.29,0,0,0,0,0,0
"Cassidy, John",BRO,AA,1885,CF,2,0,4,0,0,0,0,0,0,0,0,0,0,0,0,0,0
"Maskrey, Leech",BRO,AA,1885,RF,1,0,2,0,0,0,0,0,0,0,0,0,0,0,0,0,0
"Forster, Tom",BRO,AA,1885,RF,1,0,1,0,0,0,0,0,0,0,0,0,0,0,0,0,0
"Bassett, Charley",BRO,AA,1885,C,1,0,1,0,0,0,0,0,0,0,0,1,0,0,9,0,0
"Keenan, Jim",BRO,AA,1885,1B,1,0,1,0,1,0,0,0,0,1,9,0,0,0,0,0,0
"Fennelly, Frank",PAT,AA,1885,SS,162,162,"1,431.70",135,321,559,31,4,4,0.867,5.53,0,0,0,0,0,0
"Stovey, Harry",PAT,AA,1885,1B,158,158,"1,395.70",10,1682,115,40,2,2,0.994,11.59,0,0,0,0,0,0
"Larkin, Henry",PAT,AA,1885,CF,161,161,"1,379.70",42,400,3,0,6,0,0.906,2.63,0,0,0,0,0,0
"Corey, Fred",PAT,AA,1885,3B,154,154,"1,359.30",60,215,488,10,0,11,0.921,4.65,0,0,0,0,0,0
"Purcell, Blondie",PAT,AA,1885,RF,151,151,"1,291.00",37,175,3,0,1,12,0.828,1.24,0,0,0,0,0,0
"Coleman, John",PAT,AA,1885,LF,144,144,"1,243.70",54,321,2,0,5,0,0.857,2.34,0,0,0,0,0,0
"Reipschlager, Charlie",PAT,AA,1885,2B,109,108,901,103,353,169,15,1,17,0.835,5.21,0,0,0,0,0,0
"O'Brien, Jack",PAT,AA,1885,C,93,93,796.7,38,219,196,1,0,0,0.916,4.69,443,182,29.12,4.26,22,1
"Mathews, Bobby",PAT,AA,1885,P,81,0,628.3,7,19,32,0,0,15,0.879,0.73,343,137,28.54,0,0,1
"Whitney, Jim",PAT,AA,1885,P,81,0,587,4,33,47,0,6,0,0.952,1.23,364,117,24.32,0,0,0
"Greer, Ed",PAT,AA,1885,C,70,64,564,34,152,126,1,0,0,0.891,4.44,406,116,22.22,3.64,45,1
"Myers, Al",PAT,AA,1885,2B,51,46,406.7,27,155,117,11,0,2,0.91,6.02,0,0,0,0,0,0
"Casey, Dennis",PAT,AA,1885,LF,40,14,172,15,41,0,0,3,0,0.732,2.15,0,0,0,0,0,0
"Baker, Norm",PAT,AA,1885,P,88,0,151,3,6,13,0,0,1,0.864,1.13,105,32,23.36,0,0,0
"Casey, Dennis",PAT,AA,1885,RF,15,11,100.7,1,19,0,0,2,0,0.95,1.7,0,0,0,0,0,0
"Reipschlager, Charlie",PAT,AA,1885,C,31,5,94,0,43,6,0,0,0,1,4.69,11,4,26.67,4.02,0,0
"Manning, Tim",PAT,AA,1885,3B,16,8,88.3,1,23,31,0,0,2,0.982,5.5,0,0,0,0,0,0
"Manning, Tim",PAT,AA,1885,2B,42,0,75,2,28,25,5,0,0,0.964,6.36,0,0,0,0,0,0
"Strief, George",PAT,AA,1885,2B,9,8,72,1,30,16,0,0,0,0.979,5.75,0,0,0,0,0,0
"Lynch, Tom",PAT,AA,1885,CF,34,0,63,1,19,0,0,2,0,0.95,2.71,0,0,0,0,0,0
"Powell, Jim",PAT,AA,1885,1B,18,4,59,0,67,7,2,0,0,1,11.29,0,0,0,0,0,0
"Hofford, John",PAT,AA,1885,P,27,0,46,0,1,1,0,0,1,1,0.39,23,10,30.3,0,0,0
"Stovey, Harry",PAT,AA,1885,LF,4,4,37,4,10,0,0,0,0,0.714,2.43,0,0,0,0,0,0
"Larkin, Henry",PAT,AA,1885,RF,18,0,34,0,8,0,0,1,0,1,2.12,0,0,0,0,0,0
"Greer, Ed",PAT,AA,1885,RF,16,0,29,0,7,0,0,0,0,1,2.17,0,0,0,0,0,0
"Phillips, Marr",PAT,AA,1885,SS,15,0,23,2,10,6,0,0,0,0.889,6.26,0,0,0,0,0,0
"Casey, Dennis",PAT,AA,1885,CF,2,1,10,0,4,0,0,0,1,1,3.6,0,0,0,0,0,0
"Strief, George",PAT,AA,1885,3B,2,0,4,0,0,1,1,0,0,1,2.25,0,0,0,0,0,0
"Casey, Dennis",PAT,AA,1885,3B,1,0,3,1,0,1,0,0,0,0.5,3,0,0,0,0,0,0
"Greer, Ed",PAT,AA,1885,CF,1,0,2,0,0,0,0,0,0,0,0,0,0,0,0,0,0
"Lynch, Tom",PAT,AA,1885,LF,1,0,2,0,0,0,0,0,0,0,0,0,0,0,0,0,0
"Carpenter, Hick",BLN,AA,1885,3B,162,162,"1,425.00",62,205,509,20,11,2,0.92,4.51,0,0,0,0,0,0
"Wise, Sam",BLN,AA,1885,SS,162,162,"1,425.00",180,352,578,55,16,1,0.838,5.87,0,0,0,0,0,0
"Welch, Curt",BLN,AA,1885,CF,162,162,"1,425.00",23,469,4,1,23,0,0.954,2.99,0,0,0,0,0,0
"Hanlon, Ned",BLN,AA,1885,LF,162,162,"1,425.00",52,407,2,0,29,0,0.887,2.58,0,0,0,0,0,0
"Nicol, Hugh",BLN,AA,1885,RF,162,162,"1,425.00",27,264,0,0,14,0,0.907,1.67,0,0,0,0,0,0
"Kerins, John",BLN,AA,1885,C,161,161,"1,416.00",34,307,271,6,0,0,0.944,3.67,259,237,47.78,3.88,25,0
"Start, Joe",BLN,AA,1885,1B,161,161,"1,416.00",7,1621,125,75,10,0,0.996,11.1,0,0,0,0,0,0
"Stricker, Cub",BLN,AA,1885,2B,162,162,"1,333.00",74,556,359,55,0,12,0.925,6.18,0,0,0,0,0,0
"Porter, Henry",BLN,AA,1885,P,81,0,661.7,8,25,55,1,0,8,0.909,1.09,106,100,48.54,0,0,1
"Henderson, Hardie",BLN,AA,1885,P,81,0,624,4,16,37,0,0,7,0.93,0.76,142,116,44.96,0,0,0
"Gerhardt, Joe",BLN,AA,1885,2B,50,0,92,2,33,36,10,0,0,0.972,6.75,0,0,0,0,0,0
"Connor, John",BLN,AA,1885,P,17,0,33.7,0,1,2,0,0,0,1,0.8,1,0,0,0,0,0
"McKeon, Larry",BLN,AA,1885,P,31,0,33,0,2,2,0,0,0,1,1.09,1,1,50,0,0,0
"Nolan, The Only",BLN,AA,1885,P,34,0,29.7,0,1,2,0,0,0,1,0.91,5,4,44.44,0,0,0
"Myers, George",BLN,AA,1885,C,1,1,9,0,3,1,0,0,0,1,4,2,0,0,0,0,0
"Kerins, John",BLN,AA,1885,1B,1,1,9,0,10,2,0,0,0,1,12,0,0,0,0,0,0
"Corcoran, Larry",BLN,AA,1885,P,7,0,7,0,0,0,0,0,0,0,0,1,4,80,0,0,0
"Wolf, Chicken",STL,AA,1885,RF,162,162,"1,444.00",27,288,2,0,3,1,0.915,1.81,0,0,0,0,0,0
"Gore, George",STL,AA,1885,CF,162,162,"1,375.00",48,418,4,1,8,0,0.898,2.76,0,0,0,0,0,0
"Muldoon, Mike",STL,AA,1885,3B,162,162,"1,369.00",56,232,435,9,0,21,0.923,4.38,0,0,0,0,0,0
"Connor, Roger",STL,AA,1885,1B,161,161,"1,335.00",11,1656,132,45,22,0,0.994,12.05,0,0,0,0,0,0
"Barkley, Sam",STL,AA,1885,2B,159,159,"1,316.00",59,458,403,30,24,0,0.936,5.89,0,0,0,0,0,0
"Smith, Germany",STL,AA,1885,SS,159,159,"1,309.30",99,319,513,34,26,0,0.894,5.72,0,0,0,0,0,0
"Bushong, Doc",STL,AA,1885,C,122,121,"1,018.30",42,204,198,2,0,0,0.905,3.55,377,176,31.83,3.09,18,0
"Robinson, Yank",STL,AA,1885,LF,120,120,"1,014.70",37,282,1,0,2,0,0.884,2.51,0,0,0,0,0,0
"Caruthers, Bob",STL,AA,1885,P,81,0,695.3,12,41,41,2,0,5,0.872,1.06,237,100,29.67,0,0,0
"Getzien, Charlie",STL,AA,1885,P,81,0,476.7,3,16,37,0,0,7,0.946,1,213,106,33.23,0,0,0
"Gilligan, Barney",STL,AA,1885,C,60,37,332.3,14,72,60,1,0,0,0.904,3.57,135,53,28.19,2.74,21,0
"Gilligan, Barney",STL,AA,1885,LF,31,27,235.3,10,33,0,0,0,6,0.767,1.26,0,0,0,0,0,0
"Quest, Joe",STL,AA,1885,LF,40,15,192,8,47,3,0,0,0,0.862,2.34,0,0,0,0,0,0
"Ramsey, Toad",STL,AA,1885,P,59,0,142,1,5,11,1,0,0,0.941,1.01,29,15,34.09,0,0,1
"Farrell, Jack",STL,AA,1885,2B,43,3,126,9,29,41,5,0,4,0.886,5,0,0,0,0,0,0
"Comiskey, Charlie",STL,AA,1885,1B,39,1,108,2,139,6,4,1,0,0.986,12.08,0,0,0,0,0,0
"Miller, Joe",STL,AA,1885,SS,36,1,106.7,8,22,44,4,0,2,0.892,5.57,0,0,0,0,0,0
"Peoples, Jimmy",STL,AA,1885,C,21,4,67.3,0,13,10,0,0,0,1,3.07,0,0,0,0,0,0
"Miller, Joe",STL,AA,1885,3B,37,0,63,1,12,34,0,0,0,0.979,6.57,0,0,0,0,0,0
"Mountain, Frank",STL,AA,1885,P,44,0,52.7,0,3,8,0,0,0,1,1.88,16,6,27.27,0,0,0
"Brown, Joe",STL,AA,1885,P,57,0,51,0,4,5,0,0,0,1,1.59,21,6,22.22,0,0,0
"Peoples, Jimmy",STL,AA,1885,CF,17,0,42,3,10,0,0,0,0,0.769,2.14,0,0,0,0,0,0
"Quest, Joe",STL,AA,1885,CF,9,0,27,2,13,0,0,0,0,0.867,4.33,0,0,0,0,0,0
"Crotty, Joe",STL,AA,1885,C,13,0,26,0,4,0,0,0,0,1,1.38,0,0,0,0,0,0
"Peoples, Jimmy",STL,AA,1885,3B,4,0,12,0,3,4,0,0,0,1,5.25,0,0,0,0,0,0
"Quest, Joe",STL,AA,1885,SS,7,0,7,0,2,3,0,0,0,1,6.43,0,0,0,0,0,0
"Peoples, Jimmy",STL,AA,1885,SS,3,0,3,1,0,1,0,0,0,0.5,3,0,0,0,0,0,0
"Peoples, Jimmy",STL,AA,1885,LF,1,0,2,0,2,0,0,0,0,1,9,0,0,0,0,0,0
"Miller, Joe",STL,AA,1885,2B,1,0,2,0,0,0,0,0,0,0,0,0,0,0,0,0,0
"Crotty, Joe",STL,AA,1885,1B,1,0,1,0,2,0,0,0,0,1,18,0,0,0,0,0,0
"Brown, Tom",LOU,AA,1885,CF,161,161,"1,357.30",73,394,0,0,12,0,0.844,2.61,0,0,0,0,0,0
"Glasscock, Jack",LOU,AA,1885,SS,150,146,"1,235.70",73,310,515,21,12,0,0.919,6.01,0,0,0,0,0,0
"Denny, Jerry",LOU,AA,1885,3B,151,139,"1,135.70",43,176,428,6,23,0,0.934,4.79,0,0,0,0,0,0
"Eden, Charlie",LOU,AA,1885,RF,116,109,933.3,27,128,0,0,0,4,0.826,1.23,0,0,0,0,0,0
"Pfeffer, Fred",LOU,AA,1885,2B,137,94,868.3,46,357,256,20,9,0,0.93,6.35,0,0,0,0,0,0
"Roseman, Chief",LOU,AA,1885,LF,88,86,752.3,34,189,0,0,4,0,0.848,2.26,0,0,0,0,0,0
"Brady, Steve",LOU,AA,1885,LF,71,71,620.3,15,163,0,0,2,0,0.916,2.36,0,0,0,0,0,0
"Brady, Steve",LOU,AA,1885,1B,65,62,528.3,12,658,34,14,0,3,0.983,11.79,0,0,0,0,0,0
"Daily, Con",LOU,AA,1885,C,69,59,488.3,24,124,101,0,0,0,0.904,4.15,253,91,26.45,3.82,18,1
"Welch, Mickey",LOU,AA,1885,P,53,0,415.3,4,17,22,0,0,3,0.907,0.85,173,88,33.72,0,0,0
"Cross, Amos",LOU,AA,1885,C,70,33,333,7,68,82,0,0,0,0.955,4.05,147,77,34.38,3.51,8,0
"Scott, Milt",LOU,AA,1885,1B,76,25,302.7,6,350,40,6,2,0,0.985,11.6,0,0,0,0,0,0
"Cushman, Ed",LOU,AA,1885,P,41,0,283.7,5,11,15,0,0,2,0.839,0.82,149,68,31.34,0,0,0
"Dealy, Pat",LOU,AA,1885,C,46,30,263.3,11,64,72,1,0,0,0.925,4.65,120,67,35.83,4.03,12,0
"Daily, Con",LOU,AA,1885,1B,27,27,217.3,9,274,20,4,0,5,0.97,12.17,253,91,26.45,3.81,18,1
"Meegan, Pete",LOU,AA,1885,P,39,0,217,2,11,20,2,0,0,0.939,1.29,119,56,32,0,0,0
"Roseman, Chief",LOU,AA,1885,RF,33,23,215,1,42,0,0,1,0,0.977,1.76,0,0,0,0,0,0
"Hankinson, Frank",LOU,AA,1885,3B,63,18,201,4,34,81,0,2,2,0.966,5.15,0,0,0,0,0,0
"Shallix, Gus",LOU,AA,1885,P,26,0,153.3,2,9,15,1,1,0,0.923,1.41,81,43,34.68,0,0,0
"Brady, Steve",LOU,AA,1885,RF,16,15,133,1,16,0,0,1,0,0.941,1.08,0,0,0,0,0,0
"Healy, John",LOU,AA,1885,P,77,0,101,0,1,5,0,0,0,1,0.53,32,12,27.27,0,0,0
"Glasscock, Jack",LOU,AA,1885,2B,12,11,95,2,42,27,0,0,0,0.972,6.54,0,0,0,0,0,0
"Evans, Jake",LOU,AA,1885,RF,21,9,93,1,10,0,0,0,0,0.909,0.97,0,0,0,0,0,0
"Evans, Jake",LOU,AA,1885,LF,11,4,48,2,6,0,0,0,0,0.75,1.13,0,0,0,0,0,0
"Evans, Jake",LOU,AA,1885,CF,22,0,31,1,7,0,0,0,0,0.875,2.03,0,0,0,0,0,0
"Roseman, Chief",LOU,AA,1885,CF,14,1,27,2,4,0,0,0,0,0.667,1.33,0,0,0,0,0,0
"Dealy, Pat",LOU,AA,1885,3B,16,0,25,1,3,10,0,0,0,0.929,4.68,0,0,0,0,0,0
"Eden, Charlie",LOU,AA,1885,3B,12,0,23,3,3,6,0,0,1,0.75,3.52,0,0,0,0,0,0
"Richmond, John",LOU,AA,1885,SS,15,0,17,4,5,7,2,0,0,0.75,6.35,0,0,0,0,0,0
"Eden, Charlie",LOU,AA,1885,CF,7,0,10,0,4,0,0,0,0,1,3.6,0,0,0,0,0,0
"Hines, Mike",LOU,AA,1885,CF,9,0,9,0,3,0,0,0,0,1,3,0,0,0,0,0,0
"Brown, Tom",LOU,AA,1885,LF,1,1,9,0,1,0,0,0,0,1,1,0,0,0,0,0,0
"Hines, Mike",LOU,AA,1885,C,7,0,8,1,2,0,0,0,0,0.667,2.25,1,0,0,0,0,0
"Dealy, Pat",LOU,AA,1885,1B,7,0,8,0,9,1,1,0,0,1,11.25,0,0,0,0,0,0
"Richmond, John",LOU,AA,1885,RF,4,0,7,0,2,0,0,0,0,1,2.57,0,0,0,0,0,0
"Pfeffer, Fred",LOU,AA,1885,CF,3,0,7,0,1,0,0,0,0,1,1.29,0,0,0,0,0,0
"Pfeffer, Fred",LOU,AA,1885,RF,4,0,7,0,1,0,0,0,0,1,1.29,0,0,0,0,0,0
"Daily, Con",LOU,AA,1885,LF,3,0,6.7,0,1,0,0,0,0,1,1.35,0,0,0,0,0,0
"Dealy, Pat",LOU,AA,1885,SS,3,0,5,2,2,1,0,0,3,0.6,5.4,0,0,0,0,0,0
"Hines, Mike",LOU,AA,1885,RF,1,0,4,0,2,0,0,0,0,1,4.5,0,0,0,0,0,0
"Brady, Steve",LOU,AA,1885,3B,4,0,4,0,1,1,0,0,0,1,4.5,0,0,0,0,0,0
"Brady, Steve",LOU,AA,1885,2B,2,0,3,0,0,1,0,0,0,1,3,0,0,0,0,0,0
"Daily, Con",LOU,AA,1885,RF,2,0,3,0,0,0,0,0,0,0,0,0,0,0,0,0,0
"Evans, Jake",LOU,AA,1885,3B,1,0,1,0,0,0,0,0,0,0,0,0,0,0,0,0,0
"Dunlap, Fred",PIT,NL,1885,2B,162,162,"1,333.70",46,546,416,24,12,2,0.954,6.49,0,0,0,0,0,0
"Farrar, Sid",PIT,NL,1885,1B,162,162,"1,303.70",9,1565,144,29,8,0,0.995,11.8,0,0,0,0,0,0
"White, Deacon",PIT,NL,1885,3B,159,158,"1,288.30",45,192,392,8,0,10,0.928,4.08,0,0,0,0,0,0
"Corkhill, Pop",PIT,NL,1885,CF,161,161,"1,281.30",29,397,3,0,7,0,0.932,2.81,0,0,0,0,0,0
"Kuehne, Bill",PIT,NL,1885,SS,138,137,"1,064.00",132,267,349,22,1,22,0.824,5.21,0,0,0,0,0,0
"Carroll, Fred",PIT,NL,1885,C,124,107,896,33,214,231,2,0,0,0.931,4.47,332,202,37.83,5.33,18,0
"Seery, Emmett",PIT,NL,1885,RF,71,71,564.7,13,100,0,0,7,0,0.885,1.59,0,0,0,0,0,0
"Richardson, Danny",PIT,NL,1885,LF,60,55,489.7,5,123,2,0,4,0,0.962,2.3,0,0,0,0,0,0
"Clements, Jack",PIT,NL,1885,C,62,48,383,25,97,75,0,0,0,0.873,4.04,222,66,22.92,6.11,17,0
"Harkins, John",PIT,NL,1885,P,54,0,341.3,6,17,22,0,2,0,0.867,1.03,132,62,31.96,0,0,0
"Conway, Pete",PIT,NL,1885,P,54,0,261.7,2,14,23,0,0,2,0.949,1.27,147,67,31.31,0,0,0
"Galvin, Pud",PIT,NL,1885,P,60,0,242,8,15,20,0,3,0,0.814,1.3,111,64,36.57,0,0,1
"Seery, Emmett",PIT,NL,1885,LF,28,22,192,14,42,0,0,1,0,0.75,1.97,0,0,0,0,0,0
"Knouff, Ed",PIT,NL,1885,P,95,0,139,1,9,11,1,0,0,0.952,1.29,52,29,35.8,0,0,0
"Serad, Billy",PIT,NL,1885,P,61,0,135,3,5,13,1,0,2,0.857,1.2,48,18,27.27,0,0,0
"Richardson, Danny",PIT,NL,1885,CF,27,0,54,2,18,0,0,0,0,0.9,3,0,0,0,0,0,0
"O'Day, Hank",PIT,NL,1885,P,46,0,52,0,1,7,0,1,0,1,1.38,9,2,18.18,0,0,0
"Richardson, Danny",PIT,NL,1885,RF,10,5,51,0,7,0,0,1,0,1,1.24,0,0,0,0,0,0
"Seery, Emmett",PIT,NL,1885,CF,18,0,43,1,9,0,0,0,1,0.9,1.88,0,0,0,0,0,0
"Richardson, Danny",PIT,NL,1885,3B,13,1,36,0,3,13,1,0,0,1,4,0,0,0,0,0,0
"Clements, Jack",PIT,NL,1885,LF,4,4,33,1,6,0,0,0,2,0.857,1.64,0,0,0,0,0,0
"Kuehne, Bill",PIT,NL,1885,3B,13,0,23,1,5,5,0,0,0,0.909,3.91,0,0,0,0,0,0
"Carroll, Fred",PIT,NL,1885,CF,1,1,9,0,4,0,0,0,0,1,4,0,0,0,0,0,0
"Carroll, Fred",PIT,NL,1885,RF,1,0,2,0,1,0,0,0,0,1,4.5,0,0,0,0,0,0
"Clements, Jack",PIT,NL,1885,CF,2,0,2,0,1,0,0,0,1,1,4.5,0,0,0,0,0,0
"Ward, John",NYG,NL,1885,SS,162,162,"1,453.00",105,374,541,32,20,0,0.897,5.67,0,0,0,0,0,0
"McKinnon, Alex",NYG,NL,1885,1B,162,162,"1,453.00",10,1694,131,37,12,0,0.995,11.3,0,0,0,0,0,0
"Gillespie, Pete",NYG,NL,1885,LF,130,130,"1,170.30",23,288,1,0,0,2,0.926,2.22,0,0,0,0,0,0
"Burns, Oyster",NYG,NL,1885,2B,130,130,"1,170.30",110,434,279,23,0,22,0.866,5.48,0,0,0,0,0,0
"Dorgan, Mike",NYG,NL,1885,CF,126,126,"1,136.30",37,314,1,0,0,17,0.895,2.49,0,0,0,0,0,0
"Esterbrook, Dude",NYG,NL,1885,3B,120,120,"1,086.30",38,173,340,4,18,0,0.931,4.25,0,0,0,0,0,0
"Milligan, Jocko",NYG,NL,1885,C,106,106,948,31,296,194,0,0,0,0.94,4.65,301,171,36.23,3.34,15,0
"O'Neill, Tip",NYG,NL,1885,RF,77,77,703,22,126,0,0,5,0,0.851,1.61,0,0,0,0,0,0
"Daily, Ed",NYG,NL,1885,P,81,0,630.3,8,26,48,0,0,5,0.902,1.06,209,112,34.89,0,0,3
"Keefe, Tim",NYG,NL,1885,P,81,0,593.7,10,29,32,0,6,0,0.859,0.92,185,113,37.92,0,0,0
"Dorgan, Jerry",NYG,NL,1885,RF,60,60,516.7,16,95,0,0,0,1,0.856,1.65,0,0,0,0,0,0
"Deasley, Pat",NYG,NL,1885,C,54,54,487,10,154,88,2,0,0,0.96,4.47,134,79,37.09,3.18,14,1
"Gillespie, Pete",NYG,NL,1885,CF,32,32,282.7,3,76,0,0,0,2,0.962,2.42,0,0,0,0,0,0
"Mountjoy, Bill",NYG,NL,1885,P,91,0,110.7,2,5,8,0,0,1,0.867,1.06,33,21,38.89,0,0,0
"Becannon, Buck",NYG,NL,1885,P,17,0,25.7,0,1,0,0,0,2,1,0.35,2,0,0,0,0,0
"Daily, Hugh",NYG,NL,1885,P,19,0,20.7,0,1,2,0,0,0,1,1.31,8,1,11.11,0,0,0
"Powers, Phil",NYG,NL,1885,C,2,2,18,1,4,4,0,0,0,0.889,4,14,4,22.22,7,2,0
"Begley, Ed",NYG,NL,1885,P,8,0,8.7,0,0,1,0,0,0,1,1.04,5,2,28.57,0,0,0
"Dorgan, Mike",NYG,NL,1885,RF,1,0,4,0,2,0,0,0,0,1,4.5,0,0,0,0,0,0
"Bennett, Charlie",DTN,NL,1885,C,161,161,"1,391.70",41,491,263,0,0,0,0.948,4.88,377,234,38.3,3.05,32,0
"Richardson, Hardy",DTN,NL,1885,2B,162,162,"1,383.70",66,507,392,34,0,12,0.932,5.85,0,0,0,0,0,0
"Reccius, Phil",DTN,NL,1885,3B,162,162,"1,380.70",69,196,429,12,5,4,0.901,4.07,0,0,0,0,0,0
"Wood, George",DTN,NL,1885,CF,154,154,"1,314.70",75,409,4,0,0,14,0.846,2.83,0,0,0,0,0,0
"Rowe, Jack",DTN,NL,1885,LF,131,131,"1,159.30",48,299,1,0,0,7,0.862,2.33,0,0,0,0,0,0
"Whitney, Art",DTN,NL,1885,SS,121,119,"1,006.00",52,232,391,19,0,10,0.923,5.57,0,0,0,0,0,0
"Manning, Jack",DTN,NL,1885,RF,109,109,967.7,13,168,0,0,0,4,0.928,1.56,0,0,0,0,0,0
"McQuery, Mox",DTN,NL,1885,1B,101,88,795,7,941,73,25,0,1,0.993,11.48,0,0,0,0,0,0
"Lillie, Jim",DTN,NL,1885,1B,79,74,646.7,21,709,59,18,0,10,0.973,10.69,0,0,0,0,0,0
"Morris, Ed",DTN,NL,1885,P,63,0,515,12,19,21,0,0,3,0.769,0.7,155,81,34.32,0,0,2
"Shaw, Dupee",DTN,NL,1885,P,63,0,468,6,17,30,1,0,1,0.887,0.9,129,86,40,0,0,0
"Lillie, Jim",DTN,NL,1885,RF,46,46,392,13,64,0,0,0,0,0.831,1.47,0,0,0,0,0,0
"Baldwin, Lady",DTN,NL,1885,P,45,0,313,6,10,21,1,0,0,0.838,0.89,80,53,39.85,0,0,1
"Manning, Jack",DTN,NL,1885,LF,31,30,257.3,7,71,1,0,0,0,0.911,2.52,0,0,0,0,0,0
"Rowe, Jack",DTN,NL,1885,SS,25,25,203.3,38,35,65,4,0,3,0.725,4.43,0,0,0,0,0,0
"Macullar, Jimmy",DTN,NL,1885,SS,38,18,187.3,19,37,66,5,1,0,0.844,4.95,0,0,0,0,0,0
"Carroll, Cliff",DTN,NL,1885,CF,33,2,63,2,25,1,0,0,0,0.929,3.71,0,0,0,0,0,0
"Casey, Dan",DTN,NL,1885,P,48,0,58.7,0,1,5,1,0,0,1,0.92,6,7,53.85,0,0,0
"Briody, Fatty",DTN,NL,1885,C,24,1,50,0,28,1,0,0,0,1,5.22,2,1,33.33,30,3,0
"McLaughlin, Tom",DTN,NL,1885,2B,22,0,40,2,11,11,1,0,0,0.917,4.95,0,0,0,0,0,0
"McLaughlin, Tom",DTN,NL,1885,SS,34,0,38,4,4,12,0,2,0,0.8,3.79,0,0,0,0,0,0
"Whitney, Art",DTN,NL,1885,RF,4,4,35,0,4,0,0,0,1,1,1.03,0,0,0,0,0,0
"Carroll, Cliff",DTN,NL,1885,RF,9,3,33,3,7,0,0,3,0,0.7,1.91,0,0,0,0,0,0
"Morton, Charlie",DTN,NL,1885,3B,32,0,32,1,4,12,1,2,0,0.941,4.5,0,0,0,0,0,0
"Kennedy, Ted",DTN,NL,1885,P,18,0,31.7,1,0,0,0,0,0,0,0,3,4,57.14,0,0,0
"Caskin, Ed",DTN,NL,1885,3B,23,0,29,0,4,3,0,0,2,1,2.17,0,0,0,0,0,0
"Lillie, Jim",DTN,NL,1885,CF,2,2,18,0,4,0,0,0,0,1,2,0,0,0,0,0,0
"Whitney, Art",DTN,NL,1885,2B,18,0,18,1,4,6,1,0,0,0.909,5,0,0,0,0,0,0
"Macullar, Jimmy",DTN,NL,1885,LF,17,0,17,1,2,0,0,0,0,0.667,1.06,0,0,0,0,0,0
"Manning, Jack",DTN,NL,1885,CF,2,2,16,1,4,0,0,0,1,0.8,2.25,0,0,0,0,0,0
"Whitney, Art",DTN,NL,1885,CF,3,1,12,1,4,0,0,0,0,0.8,3,0,0,0,0,0,0
"Wood, George",DTN,NL,1885,RF,12,0,12,0,2,0,0,0,0,1,1.5,0,0,0,0,0,0
"Rowe, Jack",DTN,NL,1885,CF,1,1,8,0,0,0,0,0,0,0,0,0,0,0,0,0,0
"Lillie, Jim",DTN,NL,1885,LF,1,1,8,2,0,0,0,0,0,0,0,0,0,0,0,0,0
"Richardson, Hardy",DTN,NL,1885,CF,6,0,6,0,2,0,0,0,0,1,3,0,0,0,0,0,0
"Lillie, Jim",DTN,NL,1885,SS,1,0,5,1,1,3,0,0,0,0.8,7.2,0,0,0,0,0,0
"Macullar, Jimmy",DTN,NL,1885,CF,2,0,4,0,1,0,0,0,0,1,2.25,0,0,0,0,0,0
"Morton, Charlie",DTN,NL,1885,SS,1,0,2,0,1,1,0,0,0,1,9,0,0,0,0,0,0
"Macullar, Jimmy",DTN,NL,1885,RF,1,0,1,0,0,0,0,0,0,0,0,0,0,0,0,0,0
"Rowe, Jack",DTN,NL,1885,RF,1,0,1,0,1,0,0,0,0,1,9,0,0,0,0,0,0
"Anson, Cap",CHC,NL,1885,1B,162,162,"1,428.70",21,1668,131,52,29,0,0.988,11.33,0,0,0,0,0,0
"Williamson, Ned",CHC,NL,1885,3B,161,161,"1,417.70",45,199,477,8,9,0,0.938,4.29,0,0,0,0,0,0
"Burns, Tom",CHC,NL,1885,SS,160,156,"1,396.30",136,340,469,43,27,0,0.856,5.21,0,0,0,0,0,0
"McClellan, Bill",CHC,NL,1885,2B,155,152,"1,343.00",23,460,389,39,8,1,0.974,5.69,0,0,0,0,0,0
"Dalrymple, Abner",CHC,NL,1885,RF,162,162,"1,270.70",22,244,1,0,11,0,0.918,1.74,0,0,0,0,0,0
"Jones, Charley",CHC,NL,1885,CF,161,161,"1,261.70",44,420,1,0,7,0,0.905,3,0,0,0,0,0,0
"Kelly, King",CHC,NL,1885,C,118,118,920,28,285,179,2,0,0,0.943,4.54,6,5,45.45,1.63,4,0
"Clarkson, John",CHC,NL,1885,P,102,0,769,6,35,60,0,10,0,0.941,1.11,238,90,27.44,0,0,2
"Lewis, Fred",CHC,NL,1885,LF,56,56,497.3,11,127,0,0,9,0,0.92,2.3,0,0,0,0,0,0
"Sunday, Billy",CHC,NL,1885,LF,52,52,457.7,35,97,0,0,0,3,0.735,1.91,0,0,0,0,0,0
"Lynch, Jack",CHC,NL,1885,P,58,0,395.3,9,14,25,1,0,9,0.813,0.89,126,75,37.31,0,0,1
"Kelly, King",CHC,NL,1885,LF,44,44,389.7,11,98,0,0,5,0,0.899,2.26,0,0,0,0,0,0
"Trott, Sam",CHC,NL,1885,C,77,11,232.7,4,65,22,1,0,0,0.956,3.37,37,17,31.48,3.56,1,0
"White, Will",CHC,NL,1885,P,80,0,115.3,1,7,5,0,0,2,0.923,0.94,52,14,21.21,0,0,0
"Lewis, Fred",CHC,NL,1885,CF,37,1,86.7,0,24,0,0,0,1,1,2.49,0,0,0,0,0,0
"Shaffer, Orator",CHC,NL,1885,RF,41,0,85.7,1,13,0,0,1,0,0.929,1.37,0,0,0,0,0,0
"Ringo, Frank",CHC,NL,1885,C,19,6,75.7,2,22,16,0,0,0,0.95,4.52,22,13,37.14,4.88,1,0
"Gardner, Gid",CHC,NL,1885,2B,23,7,73,9,26,16,1,0,1,0.824,5.18,0,0,0,0,0,0
"Hornung, Joe",CHC,NL,1885,LF,9,9,73,2,28,0,0,0,0,0.933,3.45,0,0,0,0,0,0
"Shaffer, Orator",CHC,NL,1885,CF,39,0,72.7,3,25,0,0,0,1,0.893,3.1,0,0,0,0,0,0
"Davis, Daisy",CHC,NL,1885,P,39,0,72,0,4,5,0,0,1,1,1.13,23,11,32.35,0,0,0
"Jones, Charley",CHC,NL,1885,RF,37,0,69.3,3,12,0,0,2,0,0.8,1.56,0,0,0,0,0,0
"Snyder, Pop",CHC,NL,1885,C,6,4,33.3,2,9,7,0,0,0,0.889,4.32,9,6,40,2.16,1,0
"Ringo, Frank",CHC,NL,1885,3B,16,0,16,1,2,5,0,0,0,0.875,3.94,0,0,0,0,0,0
"Knight, Lon",CHC,NL,1885,CF,8,0,16,0,5,0,0,0,0,1,2.81,0,0,0,0,0,0
"Snyder, Pop",CHC,NL,1885,1B,13,0,13,1,13,0,0,0,0,0.929,9,0,0,0,0,0,0
"Trott, Sam",CHC,NL,1885,2B,1,1,8,1,3,2,1,0,1,0.833,5.63,0,0,0,0,0,0
"Trott, Sam",CHC,NL,1885,LF,6,0,7,1,2,0,0,0,0,0.667,2.57,0,0,0,0,0,0
"Shaffer, Orator",CHC,NL,1885,LF,3,0,5,0,0,0,0,0,0,0,0,0,0,0,0,0,0
"Sunday, Billy",CHC,NL,1885,RF,5,0,5,0,2,0,0,0,0,1,3.6,0,0,0,0,0,0
"Knight, Lon",CHC,NL,1885,RF,3,0,5,0,1,0,0,0,0,1,1.8,0,0,0,0,0,0
"Gardner, Gid",CHC,NL,1885,RF,1,0,3,0,0,0,0,0,0,0,0,0,0,0,0,0,0
"Gardner, Gid",CHC,NL,1885,CF,2,0,2.3,0,0,0,0,0,0,0,0,0,0,0,0,0,0
"Sunday, Billy",CHC,NL,1885,CF,1,0,2.3,0,1,0,0,0,0,1,3.86,0,0,0,0,0,0
"Lewis, Fred",CHC,NL,1885,RF,1,0,2,0,0,0,0,0,0,0,0,0,0,0,0,0,0
"Jones, Charley",CHC,NL,1885,LF,1,0,2,0,1,0,0,0,0,1,4.5,0,0,0,0,0,0
"Gardner, Gid",CHC,NL,1885,LF,1,0,1,0,0,0,0,0,0,0,0,0,0,0,0,0,0
"Kelly, King",CHC,NL,1885,RF,1,0,1,0,0,0,0,0,0,0,0,0,0,0,0,0,0
"Orr, Dave",PHI,NL,1885,1B,162,162,"1,406.70",20,1660,120,27,0,4,0.989,11.39,0,0,0,0,0,0
"Mulvey, Joe",PHI,NL,1885,3B,162,162,"1,396.70",67,201,438,4,19,1,0.905,4.12,0,0,0,0,0,0
"Morrill, John",PHI,NL,1885,2B,161,161,"1,336.30",44,478,341,20,0,18,0.949,5.52,0,0,0,0,0,0
"Nelson, Candy",PHI,NL,1885,SS,146,144,"1,218.00",88,303,453,19,5,6,0.896,5.59,0,0,0,0,0,0
"Fogarty, Jim",PHI,NL,1885,CF,117,117,"1,002.30",14,311,2,0,16,0,0.957,2.81,0,0,0,0,0,0
"Ferguson, Charlie",PHI,NL,1885,P,80,0,627.7,5,18,44,0,8,0,0.925,0.89,239,109,31.32,0,0,1
"Thompson, Sam",PHI,NL,1885,RF,69,69,589.7,17,102,0,0,0,2,0.857,1.56,0,0,0,0,0,0
"Foutz, Dave",PHI,NL,1885,P,80,0,579,9,25,47,2,5,0,0.889,1.12,225,83,26.95,0,0,1
"McGuire, Deacon",PHI,NL,1885,C,78,66,557.3,20,154,121,1,0,0,0.932,4.44,191,98,33.91,2.99,13,0
"Flint, Silver",PHI,NL,1885,C,94,46,500,20,155,88,0,0,0,0.924,4.37,155,77,33.19,3.29,7,0
"Crowley, Bill",PHI,NL,1885,LF,58,49,441,12,110,0,0,2,0,0.902,2.24,0,0,0,0,0,0
"Thompson, Sam",PHI,NL,1885,LF,40,37,324.3,12,75,0,0,0,0,0.862,2.08,0,0,0,0,0,0
"Manning, Jim",PHI,NL,1885,RF,44,28,281.7,4,64,1,0,5,0,0.942,2.08,0,0,0,0,0,0
"Crowley, Bill",PHI,NL,1885,CF,29,28,230,9,58,0,0,0,1,0.866,2.27,0,0,0,0,0,0
"Dale, George (P)",PHI,NL,2026,SS,36,18,187.7,3,36,83,3,0,2,0.975,5.71,0,0,0,0,0,0
"Rua, Logan (P)",PHI,NL,2026,LF,22,19,163,7,48,0,0,0,1,0.873,2.65,0,0,0,0,0,0
"Buffinton, Charlie",PHI,NL,1885,P,78,0,153.3,0,10,6,0,2,0,1,0.94,72,30,29.41,0,0,0
"Fogarty, Jim",PHI,NL,1885,LF,18,13,128.7,1,38,0,0,2,0,0.974,2.66,0,0,0,0,0,0
"Thompson, Sam",PHI,NL,1885,CF,9,9,81.7,3,32,0,0,0,0,0.914,3.53,0,0,0,0,0,0
"Irwin, Arthur",PHI,NL,1885,SS,23,0,56.7,4,11,21,2,0,0,0.889,5.08,0,0,0,0,0,0
"Manning, Jim",PHI,NL,1885,CF,20,0,47.7,3,14,0,0,0,0,0.824,2.64,0,0,0,0,0,0
"Troy, Dasher",PHI,NL,1885,CF,15,0,29,1,8,0,0,0,0,0.889,2.48,0,0,0,0,0,0
"Manning, Jim",PHI,NL,1885,LF,12,1,28,2,5,0,0,0,0,0.714,1.61,0,0,0,0,0,0
"Irwin, Arthur",PHI,NL,1885,2B,14,0,25,1,7,9,2,0,0,0.941,5.76,0,0,0,0,0,0
"Morrill, John",PHI,NL,1885,1B,15,0,23,1,31,0,0,0,0,0.969,12.13,0,0,0,0,0,0
"Palmer, Billy",PHI,NL,1885,P,20,0,22.3,1,0,1,0,0,0,0.5,0.4,9,5,35.71,0,0,0
"Troy, Dasher",PHI,NL,1885,RF,10,0,20.7,2,4,0,0,0,1,0.667,1.74,0,0,0,0,0,0
"McCarthy, Tommy",PHI,NL,1885,CF,3,2,17,1,5,0,0,0,0,0.833,2.65,0,0,0,0,0,0
"Crane, Sam",PHI,NL,1885,2B,5,1,15.7,0,5,4,0,0,0,1,5.17,0,0,0,0,0,0
"Crowley, Bill",PHI,NL,1885,RF,4,1,15,1,3,0,0,0,0,0.75,1.8,0,0,0,0,0,0
"Whiteley, Gurdon",PHI,NL,1885,CF,4,0,8.7,0,6,0,0,0,1,1,6.23,0,0,0,0,0,0
"Fogarty, Jim",PHI,NL,1885,2B,4,0,7,0,0,4,0,0,0,1,5.14,0,0,0,0,0,0
"McCarthy, Tommy",PHI,NL,1885,LF,3,0,6.7,0,1,0,0,0,0,1,1.35,0,0,0,0,0,0
"Manning, Jim",PHI,NL,1885,SS,2,0,5.3,0,1,1,0,0,0,1,3.38,0,0,0,0,0,0
"Fogarty, Jim",PHI,NL,1885,3B,2,0,5,0,2,0,0,0,0,1,3.6,0,0,0,0,0,0
"Irwin, Arthur",PHI,NL,1885,3B,3,0,4.7,0,0,0,0,0,0,0,0,0,0,0,0,0,0
"Troy, Dasher",PHI,NL,1885,2B,2,0,3.7,0,2,0,0,0,1,1,4.91,0,0,0,0,0,0
"Kemmler, Rudy",PHI,NL,1885,C,2,0,3,0,1,0,0,0,0,1,3,0,0,0,3,0,0
"Fogarty, Jim",PHI,NL,1885,RF,1,0,2,0,1,0,0,0,0,1,4.5,0,0,0,0,0,0
"McCarthy, Tommy",PHI,NL,1885,RF,1,0,1.7,0,1,0,0,0,0,1,5.4,0,0,0,0,0,0
"Whiteley, Gurdon",PHI,NL,1885,C,1,0,0.7,0,0,0,0,0,0,0,0,0,0,0,0,0,0
"O'Rourke, Jim",BSN,NL,1885,C,162,162,"1,455.70",50,359,219,1,0,0,0.92,3.57,899,202,18.35,3.9,5,0
"Sutton, Ezra",BSN,NL,1885,3B,162,162,"1,395.70",62,189,454,4,3,8,0.912,4.15,0,0,0,0,0,0
"Andrews, Ed",BSN,NL,1885,RF,162,162,"1,386.70",30,290,2,1,18,0,0.907,1.9,0,0,0,0,0,0
"Smith, Pop",BSN,NL,1885,2B,162,162,"1,382.00",66,459,422,19,30,2,0.93,5.74,0,0,0,0,0,0
"Houck, Sadie",BSN,NL,1885,SS,157,154,"1,277.70",147,261,459,18,21,0,0.83,5.07,0,0,0,0,0,0
"Brouthers, Dan",BSN,NL,1885,1B,140,136,"1,233.00",14,1531,97,25,0,10,0.991,11.88,0,0,0,0,0,0
"Hotaling, Pete",BSN,NL,1885,LF,133,128,"1,108.00",29,264,1,0,7,0,0.901,2.15,0,0,0,0,0,0
"Hines, Paul",BSN,NL,1885,CF,115,111,963.3,37,309,3,0,19,0,0.894,2.91,0,0,0,0,0,0
"Hecker, Guy",BSN,NL,1885,P,83,0,625.3,6,23,47,0,1,0,0.921,1.01,390,85,17.89,0,0,0
"Sweeney, Charlie",BSN,NL,1885,P,81,0,415.7,8,21,36,0,4,0,0.877,1.23,325,72,18.14,0,0,3
"Hines, Paul",BSN,NL,1885,1B,21,21,179,7,245,15,1,1,0,0.974,13.07,0,0,0,0,0,0
"Geer, Billy",BSN,NL,1885,SS,56,8,175,6,57,66,4,2,0,0.953,6.33,0,0,0,0,0,0
"York, Tom",BSN,NL,1885,CF,24,14,139,2,45,0,0,0,3,0.957,2.91,0,0,0,0,0,0
"Kirby, John",BSN,NL,1885,P,80,0,137.3,0,6,9,0,0,2,1,0.98,69,15,17.86,0,0,1
"Henry, John",BSN,NL,1885,P,77,0,106.7,2,5,8,0,1,0,0.867,1.1,44,14,24.14,0,0,0
"Burdock, Jack",BSN,NL,1885,2B,36,0,73.7,3,30,22,4,0,4,0.945,6.35,0,0,0,0,0,0
"Taylor, Billy",BSN,NL,1885,P,77,0,72.7,1,4,4,0,0,1,0.889,0.99,28,6,17.65,0,0,0
"York, Tom",BSN,NL,1885,LF,28,2,66,1,23,0,0,0,0,0.958,3.14,0,0,0,0,0,0
"Vinton, Bill",BSN,NL,1885,P,47,0,65.3,0,1,3,0,0,0,1,0.55,26,5,16.13,0,0,0
"Nash, Billy",BSN,NL,1885,3B,28,0,60,3,4,21,2,0,0,0.893,3.75,0,0,0,0,0,0
"Poorman, Tom",BSN,NL,1885,RF,17,0,37,0,3,0,0,0,0,1,0.73,0,0,0,0,0,0
"York, Tom",BSN,NL,1885,RF,10,0,23,0,3,1,0,1,0,1,1.57,0,0,0,0,0,0
"Poorman, Tom",BSN,NL,1885,CF,8,0,20,1,4,0,0,0,1,0.8,1.8,0,0,0,0,0,0
"Hotaling, Pete",BSN,NL,1885,CF,5,0,10,0,2,0,0,0,0,1,1.8,0,0,0,0,0,0
"Hotaling, Pete",BSN,NL,1885,RF,3,0,7,0,0,0,0,0,0,0,0,0,0,0,0,0,0
"Hines, Paul",BSN,NL,1885,LF,2,0,6,0,0,0,0,0,0,0,0,0,0,0,0,0,0
"Hines, Paul",BSN,NL,1885,SS,2,0,3,1,2,1,0,0,0,0.75,9,0,0,0,0,0,0
