Player,Team,SN,Prospect,Split,G,AB,H,Doubles,Triples,HR,RBI,R,SO,BB,SF,SH,HBP,SB,CS
"Baldwin, Lady",CLV,1886,,Away,15,47,10,1,1,0,5,7,5,6,0,2,0,0,0
"Baldwin, Lady",CLV,1886,,Home,16,38,11,2,1,0,4,8,1,5,0,4,0,0,0
"Baldwin, Lady",CLV,1886,,VS. LHP,4,4,0,0,0,0,0,0,1,1,0,0,0,0,0
"Baldwin, Lady",CLV,1886,,VS. RHP,31,81,21,3,2,0,0,0,5,10,0,0,0,0,0
"Bennett, Charlie",CLV,1886,,Away,19,76,12,3,1,0,5,8,8,15,0,0,0,0,0
"Bennett, Charlie",CLV,1886,,Home,27,82,23,4,0,1,10,12,12,20,1,0,0,1,0
"Bennett, Charlie",CLV,1886,,VS. LHP,6,8,3,0,0,0,0,0,1,0,0,0,0,0,0
"Bennett, Charlie",CLV,1886,,VS. RHP,42,150,32,7,1,1,0,0,19,35,0,0,0,0,0
"Briody, Fatty",CLV,1886,,Away,15,26,5,1,0,0,2,3,2,0,1,0,0,0,0
"Briody, Fatty",CLV,1886,,Home,17,30,9,0,0,0,2,3,2,1,0,0,1,0,0
"Briody, Fatty",CLV,1886,,VS. LHP,4,4,1,1,0,0,0,0,1,0,0,0,0,0,0
"Briody, Fatty",CLV,1886,,VS. RHP,22,52,13,0,0,0,0,0,3,1,0,0,0,0,0
"Carroll, Cliff",CLV,1886,,Away,32,120,22,3,0,0,11,14,6,18,0,0,0,0,0
"Carroll, Cliff",CLV,1886,,Home,35,127,29,3,1,1,24,16,8,18,2,1,0,0,0
"Carroll, Cliff",CLV,1886,,VS. LHP,13,9,2,0,0,0,0,0,2,5,0,0,0,0,0
"Carroll, Cliff",CLV,1886,,VS. RHP,67,238,49,6,1,1,0,0,12,31,0,0,0,0,0
"Casey, Dan",CLV,1886,,Away,6,7,0,0,0,0,0,0,0,0,0,0,0,0,0
"Casey, Dan",CLV,1886,,Home,15,15,3,1,0,0,0,1,4,0,0,1,0,0,0
"Casey, Dan",CLV,1886,,VS. RHP,10,22,3,1,0,0,0,0,4,0,0,0,0,0,0
"Fogel, Adam",CLV,1886,Y,Home,1,0,0,0,0,0,0,0,0,0,0,0,0,0,0
"Gilmore, Frank",CLV,1886,,Away,6,2,0,0,0,0,0,0,1,0,0,0,0,0,0
"Gilmore, Frank",CLV,1886,,Home,9,0,0,0,0,0,0,0,0,0,0,0,0,0,0
"Gilmore, Frank",CLV,1886,,VS. RHP,1,2,0,0,0,0,0,0,1,0,0,0,0,0,0
"Kennedy, Ted",CLV,1886,,Away,1,0,0,0,0,0,0,0,0,0,0,0,0,0,0
"Kennedy, Ted",CLV,1886,,Home,3,0,0,0,0,0,0,0,0,0,0,0,0,0,0
"Lillie, Jim",CLV,1886,,Away,8,0,0,0,0,0,0,0,0,0,0,0,0,0,0
"Lillie, Jim",CLV,1886,,Home,11,7,1,0,0,0,0,0,0,1,0,3,0,0,1
"Lillie, Jim",CLV,1886,,VS. LHP,2,2,0,0,0,0,0,0,0,0,0,0,0,0,0
"Lillie, Jim",CLV,1886,,VS. RHP,5,5,1,0,0,0,0,0,0,1,0,0,0,0,0
"Macullar, Jimmy",CLV,1886,,Away,10,9,3,0,0,0,1,2,0,0,0,0,0,0,0
"Macullar, Jimmy",CLV,1886,,Home,11,10,4,2,0,0,2,3,0,1,0,0,0,1,0
"Macullar, Jimmy",CLV,1886,,VS. LHP,2,2,1,0,0,0,0,0,0,0,0,0,0,0,0
"Macullar, Jimmy",CLV,1886,,VS. RHP,18,17,6,2,0,0,0,0,0,1,0,0,0,0,0
"Manning, Jack",CLV,1886,,Away,32,128,21,2,1,0,14,11,6,13,3,0,1,0,0
"Manning, Jack",CLV,1886,,Home,34,129,33,6,2,0,18,20,10,13,1,0,0,0,0
"Manning, Jack",CLV,1886,,VS. LHP,16,17,3,0,0,0,0,0,1,2,0,0,0,0,0
"Manning, Jack",CLV,1886,,VS. RHP,65,240,51,8,3,0,0,0,15,24,0,0,0,0,0
"McGarr, Chippy",CLV,1886,,Away,18,79,27,1,1,2,7,13,0,5,0,0,1,1,2
"McGarr, Chippy",CLV,1886,,Home,17,84,26,4,0,0,8,10,4,2,0,0,0,0,1
"McGarr, Chippy",CLV,1886,,VS. LHP,8,9,3,0,0,0,0,0,0,0,0,0,0,0,0
"McGarr, Chippy",CLV,1886,,VS. RHP,35,154,50,5,1,2,0,0,4,7,0,0,0,0,0
"McLaughlin, Tom",CLV,1886,,Away,9,1,0,0,0,0,0,0,0,0,0,0,0,0,0
"McLaughlin, Tom",CLV,1886,,Home,12,5,1,0,0,0,0,1,0,0,0,0,0,0,0
"McLaughlin, Tom",CLV,1886,,VS. LHP,3,3,1,0,0,0,0,0,0,0,0,0,0,0,0
"McLaughlin, Tom",CLV,1886,,VS. RHP,3,3,0,0,0,0,0,0,0,0,0,0,0,0,0
"McQuery, Mox",CLV,1886,,Away,32,137,29,5,1,1,15,17,19,15,0,0,0,1,0
"McQuery, Mox",CLV,1886,,Home,35,147,36,4,3,1,19,16,20,17,3,0,0,2,0
"McQuery, Mox",CLV,1886,,VS. LHP,15,15,3,0,0,0,0,0,2,3,0,0,0,0,0
"McQuery, Mox",CLV,1886,,VS. RHP,67,269,62,9,4,2,0,0,37,29,0,0,0,0,0
"Morris, Ed",CLV,1886,,Away,14,52,18,1,1,1,7,12,1,2,0,5,0,1,0
"Morris, Ed",CLV,1886,,Home,16,45,9,1,0,0,3,3,1,1,0,5,1,0,0
"Morris, Ed",CLV,1886,,VS. LHP,6,6,2,0,0,0,0,0,0,0,0,0,0,0,0
"Morris, Ed",CLV,1886,,VS. RHP,30,91,25,2,1,1,0,0,2,3,0,0,0,0,0
"Richardson, Hardy",CLV,1886,,Away,32,146,50,7,0,6,30,29,6,10,0,0,0,0,0
"Richardson, Hardy",CLV,1886,,Home,35,152,56,9,3,5,24,32,5,18,1,0,0,2,0
"Richardson, Hardy",CLV,1886,,VS. LHP,16,16,5,2,0,0,0,0,0,4,0,0,0,0,0
"Richardson, Hardy",CLV,1886,,VS. RHP,67,282,101,14,3,11,0,0,11,24,0,0,0,0,0
"Rowe, Jack",CLV,1886,,Away,26,116,36,8,2,0,20,16,4,4,1,0,1,0,0
"Rowe, Jack",CLV,1886,,Home,30,140,32,5,2,3,19,20,7,10,0,0,0,1,0
"Rowe, Jack",CLV,1886,,VS. LHP,14,15,2,0,0,0,0,0,0,1,0,0,0,0,0
"Rowe, Jack",CLV,1886,,VS. RHP,55,241,66,13,4,3,0,0,11,13,0,0,0,0,0
"Sams, Tanner",CLV,1886,Y,Home,1,0,0,0,0,0,0,0,0,0,0,0,0,0,0
"Shaw, Dupee",CLV,1886,,Away,9,2,0,0,0,0,0,0,1,0,0,0,0,0,0
"Shaw, Dupee",CLV,1886,,Home,18,7,1,0,0,0,0,0,2,0,0,1,0,0,0
"Shaw, Dupee",CLV,1886,,VS. RHP,7,9,1,0,0,0,0,0,3,0,0,0,0,0,0
"Shearer, Jeffrey",CLV,1886,Y,Home,1,0,0,0,0,0,0,0,0,0,0,0,0,0,0
"Twitchell, Larry",CLV,1886,,Home,1,0,0,0,0,0,0,0,0,0,0,0,0,0,0
"Whitney, Art",CLV,1886,,Away,32,130,31,5,1,0,14,14,4,11,1,0,1,0,0
"Whitney, Art",CLV,1886,,Home,35,145,39,3,0,2,22,26,5,11,0,0,1,2,0
"Whitney, Art",CLV,1886,,VS. LHP,16,15,4,0,0,0,0,0,0,3,0,0,0,0,0
"Whitney, Art",CLV,1886,,VS. RHP,67,260,66,8,1,2,0,0,9,19,0,0,0,0,0
"Wood, George",CLV,1886,,Away,32,137,37,2,4,0,20,21,23,13,1,0,0,1,0
"Wood, George",CLV,1886,,Home,35,155,40,8,1,0,15,25,28,11,2,0,1,0,0
"Wood, George",CLV,1886,,VS. LHP,16,17,6,1,0,0,0,0,3,2,0,0,0,0,0
"Wood, George",CLV,1886,,VS. RHP,67,275,71,9,5,0,0,0,48,22,0,0,0,0,0
"Carpenter, Hick",BLN,1886,,Away,34,145,32,2,0,0,15,13,9,3,0,1,0,3,2
"Carpenter, Hick",BLN,1886,,Home,31,126,24,2,1,0,19,10,5,3,1,1,2,3,2
"Carpenter, Hick",BLN,1886,,VS. LHP,19,51,12,3,0,0,0,0,5,1,0,0,0,0,0
"Carpenter, Hick",BLN,1886,,VS. RHP,58,220,44,1,1,0,0,0,9,5,0,0,0,0,0
"Corcoran, Larry",BLN,1886,,Away,4,3,1,1,0,0,0,1,0,0,0,0,0,0,0
"Corcoran, Larry",BLN,1886,,Home,3,0,0,0,0,0,0,0,0,1,0,1,0,0,0
"Corcoran, Larry",BLN,1886,,VS. LHP,1,1,0,0,0,0,0,0,0,0,0,0,0,0,0
"Corcoran, Larry",BLN,1886,,VS. RHP,3,2,1,1,0,0,0,0,0,1,0,0,0,0,0
"Farrell, Jack",BLN,1886,,Away,16,15,4,0,0,0,2,3,0,1,0,0,0,0,0
"Farrell, Jack",BLN,1886,,Home,14,11,3,1,1,0,2,4,0,1,0,2,0,0,0
"Farrell, Jack",BLN,1886,,VS. LHP,8,7,0,0,0,0,0,0,0,1,0,0,0,0,0
"Farrell, Jack",BLN,1886,,VS. RHP,20,19,7,1,1,0,0,0,0,1,0,0,0,0,0
"Gerhardt, Joe",BLN,1886,,Home,1,5,0,0,0,0,0,0,0,0,0,0,0,0,0
"Gerhardt, Joe",BLN,1886,,VS. RHP,1,5,0,0,0,0,0,0,0,0,0,0,0,0,0
"Hanlon, Ned",BLN,1886,,Away,35,138,28,3,1,1,15,16,13,14,2,0,0,22,6
"Hanlon, Ned",BLN,1886,,Home,32,118,30,3,1,2,23,19,4,19,3,0,0,19,3
"Hanlon, Ned",BLN,1886,,VS. LHP,21,45,7,0,0,0,0,0,2,10,0,0,0,0,0
"Hanlon, Ned",BLN,1886,,VS. RHP,59,211,51,6,2,3,0,0,15,23,0,0,0,0,0
"Henderson, Hardie",BLN,1886,,Away,17,4,2,0,0,1,2,1,0,0,0,0,0,0,0
"Henderson, Hardie",BLN,1886,,Home,18,12,5,1,0,0,0,1,0,1,0,0,0,0,0
"Henderson, Hardie",BLN,1886,,VS. LHP,3,3,1,0,0,0,0,0,0,0,0,0,0,0,0
"Henderson, Hardie",BLN,1886,,VS. RHP,11,13,6,1,0,1,0,0,0,1,0,0,0,0,0
"Holbert, Bill",BLN,1886,,Away,2,5,0,0,0,0,0,0,0,0,0,0,0,0,0
"Holbert, Bill",BLN,1886,,Home,3,9,4,1,0,0,0,1,2,1,0,0,0,0,0
"Holbert, Bill",BLN,1886,,VS. LHP,3,9,3,1,0,0,0,0,1,1,0,0,0,0,0
"Holbert, Bill",BLN,1886,,VS. RHP,4,5,1,0,0,0,0,0,1,0,0,0,0,0,0
"Houck, Sadie",BLN,1886,,Away,35,132,28,3,0,2,10,12,4,1,2,6,1,7,7
"Houck, Sadie",BLN,1886,,Home,32,127,30,2,0,2,7,12,2,0,0,2,1,7,3
"Houck, Sadie",BLN,1886,,VS. LHP,16,48,13,1,0,1,0,0,1,0,0,0,0,0,0
"Houck, Sadie",BLN,1886,,VS. RHP,59,211,45,4,0,3,0,0,5,1,0,0,0,0,0
"Johnston, Dick",BLN,1886,,Away,35,143,36,5,4,0,18,20,19,2,3,0,1,3,4
"Johnston, Dick",BLN,1886,,Home,31,132,36,5,5,2,23,12,16,0,1,0,0,2,4
"Johnston, Dick",BLN,1886,,VS. LHP,18,49,11,2,1,0,0,0,7,1,0,0,0,0,0
"Johnston, Dick",BLN,1886,,VS. RHP,59,226,61,8,8,2,0,0,28,1,0,0,0,0,0
"Kerins, John",BLN,1886,,Away,26,100,34,3,0,4,17,18,1,18,0,0,0,8,9
"Kerins, John",BLN,1886,,Home,25,101,34,6,1,2,16,14,8,7,1,0,2,6,3
"Kerins, John",BLN,1886,,VS. LHP,15,40,14,0,0,1,0,0,1,3,0,0,0,0,0
"Kerins, John",BLN,1886,,VS. RHP,44,161,54,9,1,5,0,0,8,22,0,0,0,0,0
"Mack, Reddy",BLN,1886,,Away,35,142,34,8,2,2,19,23,9,24,0,1,3,3,3
"Mack, Reddy",BLN,1886,,Home,31,123,30,3,2,0,14,28,5,23,0,2,0,4,1
"Mack, Reddy",BLN,1886,,VS. LHP,24,54,12,2,0,1,0,0,2,9,0,0,0,0,0
"Mack, Reddy",BLN,1886,,VS. RHP,58,211,52,9,4,1,0,0,12,38,0,0,0,0,0
"McKeon, Larry",BLN,1886,,Away,21,5,2,1,0,0,0,2,0,0,0,0,0,0,0
"McKeon, Larry",BLN,1886,,Home,18,5,1,0,0,0,0,0,1,0,0,0,0,0,0
"McKeon, Larry",BLN,1886,,VS. LHP,3,3,0,0,0,0,0,0,0,0,0,0,0,0,0
"McKeon, Larry",BLN,1886,,VS. RHP,6,7,3,1,0,0,0,0,1,0,0,0,0,0,0
"Mullane, Tony",BLN,1886,,Away,17,49,13,2,1,0,5,4,2,2,0,6,0,1,1
"Mullane, Tony",BLN,1886,,Home,17,49,15,2,1,0,4,9,3,0,0,7,1,0,1
"Mullane, Tony",BLN,1886,,VS. LHP,5,12,1,0,0,0,0,0,0,0,0,0,0,0,0
"Mullane, Tony",BLN,1886,,VS. RHP,30,86,27,4,2,0,0,0,5,2,0,0,0,0,0
"Myers, George",BLN,1886,,Away,5,4,1,0,0,0,0,0,0,2,0,1,0,0,1
"Myers, George",BLN,1886,,Home,4,6,0,0,0,0,0,1,0,1,0,1,0,0,0
"Myers, George",BLN,1886,,VS. LHP,2,3,1,0,0,0,0,0,0,1,0,0,0,0,0
"Myers, George",BLN,1886,,VS. RHP,5,7,0,0,0,0,0,0,0,2,0,0,0,0,0
"Nicol, Hugh",BLN,1886,,Away,4,3,1,0,0,0,0,0,0,0,0,0,0,0,0
"Nicol, Hugh",BLN,1886,,Home,3,2,1,0,0,0,0,0,0,0,0,0,0,0,0
"Nicol, Hugh",BLN,1886,,VS. LHP,1,1,1,0,0,0,0,0,0,0,0,0,0,0,0
"Nicol, Hugh",BLN,1886,,VS. RHP,4,4,1,0,0,0,0,0,0,0,0,0,0,0,0
"Porter, Henry",BLN,1886,,Away,18,48,8,0,0,0,1,4,3,0,0,8,0,1,0
"Porter, Henry",BLN,1886,,Home,15,31,8,2,0,0,5,6,1,1,1,3,1,0,0
"Porter, Henry",BLN,1886,,VS. LHP,8,13,3,0,0,0,0,0,1,1,0,0,0,0,0
"Porter, Henry",BLN,1886,,VS. RHP,26,66,13,2,0,0,0,0,3,0,0,0,0,0,0
"Robinson, Wilbert",BLN,1886,,Away,8,31,5,2,0,0,4,7,0,2,0,0,0,7,0
"Robinson, Wilbert",BLN,1886,,Home,5,19,4,1,0,0,2,6,0,2,0,0,1,3,0
"Robinson, Wilbert",BLN,1886,,VS. LHP,1,1,0,0,0,0,0,0,0,0,0,0,0,0,0
"Robinson, Wilbert",BLN,1886,,VS. RHP,13,49,9,3,0,0,0,0,0,4,0,0,0,0,0
"Scott, Milt",BLN,1886,,Away,13,15,5,1,0,0,3,2,2,0,0,1,0,0,1
"Scott, Milt",BLN,1886,,Home,10,10,2,1,0,0,1,1,1,1,0,1,0,0,0
"Scott, Milt",BLN,1886,,VS. LHP,4,7,3,0,0,0,0,0,2,0,0,0,0,0,0
"Scott, Milt",BLN,1886,,VS. RHP,10,18,4,2,0,0,0,0,1,1,0,0,0,0,0
"Terry, Adonis",BLN,1886,,Away,12,4,2,0,0,0,1,1,0,0,0,0,0,1,0
"Terry, Adonis",BLN,1886,,Home,7,3,2,1,0,0,0,2,0,0,0,0,0,0,0
"Terry, Adonis",BLN,1886,,VS. LHP,2,2,2,0,0,0,0,0,0,0,0,0,0,0,0
"Terry, Adonis",BLN,1886,,VS. RHP,5,5,2,1,0,0,0,0,0,0,0,0,0,0,0
"Welch, Curt",BLN,1886,,Away,35,158,43,8,1,1,15,27,3,11,2,0,2,34,12
"Welch, Curt",BLN,1886,,Home,32,149,50,7,3,2,16,31,3,2,2,0,2,26,11
"Welch, Curt",BLN,1886,,VS. LHP,17,53,12,3,0,1,0,0,1,4,0,0,0,0,0
"Welch, Curt",BLN,1886,,VS. RHP,59,254,81,12,4,2,0,0,5,9,0,0,0,0,0
"Wise, Sam",BLN,1886,,Away,33,133,36,5,5,2,22,25,18,12,0,0,1,14,11
"Wise, Sam",BLN,1886,,Home,31,121,40,7,4,2,30,25,16,15,3,1,1,11,4
"Wise, Sam",BLN,1886,,VS. LHP,18,45,9,0,0,0,0,0,6,8,0,0,0,0,0
"Wise, Sam",BLN,1886,,VS. RHP,57,209,67,12,9,4,0,0,28,19,0,0,0,0,0
"Andrews, Ed",BSN,1886,,Away,30,105,27,7,1,1,10,20,10,4,0,11,1,17,3
"Andrews, Ed",BSN,1886,,Home,30,102,25,3,1,0,11,19,5,5,0,15,0,20,4
"Andrews, Ed",BSN,1886,,VS. LHP,24,50,10,4,0,0,0,0,4,3,0,0,0,0,0
"Andrews, Ed",BSN,1886,,VS. RHP,46,157,42,6,2,1,0,0,11,6,0,0,0,0,0
"Baldwin, Kid",BSN,1886,,Away,14,37,8,0,0,0,5,1,2,1,1,9,0,0,1
"Baldwin, Kid",BSN,1886,,Home,14,40,10,1,0,0,7,3,2,0,1,0,0,1,1
"Baldwin, Kid",BSN,1886,,VS. LHP,15,42,8,0,0,0,0,0,2,0,0,0,0,0,0
"Baldwin, Kid",BSN,1886,,VS. RHP,15,35,10,1,0,0,0,0,2,1,0,0,0,0,0
"Brouthers, Dan",BSN,1886,,Away,35,138,46,8,3,1,20,21,5,23,0,0,0,7,6
"Brouthers, Dan",BSN,1886,,Home,32,133,51,13,3,0,26,24,5,19,0,0,0,4,5
"Brouthers, Dan",BSN,1886,,VS. LHP,25,58,11,3,0,0,0,0,2,12,0,0,0,0,0
"Brouthers, Dan",BSN,1886,,VS. RHP,57,213,86,18,6,1,0,0,8,30,0,0,0,0,0
"Couch, Jack",BSN,1886,Y,Away,10,40,7,0,0,0,2,3,3,2,0,4,0,0,0
"Couch, Jack",BSN,1886,Y,Home,8,32,12,1,2,0,5,6,2,3,0,0,1,0,0
"Couch, Jack",BSN,1886,Y,VS. LHP,5,14,1,0,0,0,0,0,1,1,0,0,0,0,0
"Couch, Jack",BSN,1886,Y,VS. RHP,14,58,18,1,2,0,0,0,4,4,0,0,0,0,0
"Force, Davy",BSN,1886,,Away,19,39,7,0,0,0,4,2,4,6,0,7,1,1,0
"Force, Davy",BSN,1886,,Home,23,61,15,3,0,0,7,9,6,4,0,6,0,5,2
"Force, Davy",BSN,1886,,VS. LHP,7,8,2,0,0,0,0,0,0,1,0,0,0,0,0
"Force, Davy",BSN,1886,,VS. RHP,32,92,20,3,0,0,0,0,10,9,0,0,0,0,0
"Foster, Elmer",BSN,1886,,Away,16,25,2,0,0,0,2,0,1,0,0,2,0,0,0
"Foster, Elmer",BSN,1886,,Home,13,32,11,0,0,0,6,8,2,2,0,2,0,2,1
"Foster, Elmer",BSN,1886,,VS. LHP,8,17,3,0,0,0,0,0,1,1,0,0,0,0,0
"Foster, Elmer",BSN,1886,,VS. RHP,15,40,10,0,0,0,0,0,2,1,0,0,0,0,0
"Fryman, Joseph",BSN,1886,Y,Away,10,46,11,2,0,1,4,5,8,1,1,0,1,0,2
"Fryman, Joseph",BSN,1886,Y,Home,9,35,13,2,1,0,6,8,6,3,0,0,0,0,0
"Fryman, Joseph",BSN,1886,Y,VS. LHP,4,19,6,2,0,0,0,0,1,0,0,0,0,0,0
"Fryman, Joseph",BSN,1886,Y,VS. RHP,15,62,18,2,1,1,0,0,13,4,0,0,0,0,0
"Hecker, Guy",BSN,1886,,Away,18,56,21,2,0,1,6,7,3,6,0,0,0,0,0
"Hecker, Guy",BSN,1886,,Home,16,45,25,4,0,0,10,9,1,5,0,0,1,0,1
"Hecker, Guy",BSN,1886,,VS. LHP,14,25,9,1,0,0,0,0,0,3,0,0,0,0,0
"Hecker, Guy",BSN,1886,,VS. RHP,28,76,37,5,0,1,0,0,4,8,0,0,0,0,0
"Henry, John",BSN,1886,,Away,3,0,0,0,0,0,0,0,0,0,0,0,0,0,0
"Henry, John",BSN,1886,,Home,7,0,0,0,0,0,0,0,0,0,0,0,0,0,0
"Hines, Paul",BSN,1886,,Away,35,139,33,6,2,2,18,20,6,18,0,0,0,0,4
"Hines, Paul",BSN,1886,,Home,32,125,41,2,1,1,22,22,8,17,0,0,1,9,5
"Hines, Paul",BSN,1886,,VS. LHP,22,64,19,4,1,1,0,0,2,2,0,0,0,0,0
"Hines, Paul",BSN,1886,,VS. RHP,57,200,55,4,2,2,0,0,12,33,0,0,0,0,0
"Hoover, Buster",BSN,1886,,Away,11,7,1,0,0,1,3,1,0,0,0,1,0,0,0
"Hoover, Buster",BSN,1886,,Home,18,11,2,1,0,0,0,1,1,2,0,0,0,1,0
"Hoover, Buster",BSN,1886,,VS. LHP,5,5,0,0,0,0,0,0,0,0,0,0,0,0,0
"Hoover, Buster",BSN,1886,,VS. RHP,15,13,3,1,0,1,0,0,1,2,0,0,0,0,0
"Keefe, George",BSN,1886,,Away,11,0,0,0,0,0,0,0,0,0,0,0,0,0,0
"Keefe, George",BSN,1886,,Home,9,0,0,0,0,0,0,0,0,0,0,0,0,0,0
"Kirby, John",BSN,1886,,Away,25,5,2,0,0,0,0,1,1,0,0,1,0,0,0
"Kirby, John",BSN,1886,,Home,26,10,1,0,0,0,0,1,3,0,0,1,0,0,0
"Kirby, John",BSN,1886,,VS. LHP,4,4,1,0,0,0,0,0,0,0,0,0,0,0,0
"Kirby, John",BSN,1886,,VS. RHP,10,11,2,0,0,0,0,0,4,0,0,0,0,0,0
"Meister, John",BSN,1886,,Away,22,62,20,1,0,0,8,4,7,2,2,2,0,0,0
"Meister, John",BSN,1886,,Home,15,44,11,1,1,0,6,4,1,1,0,1,0,1,0
"Meister, John",BSN,1886,,VS. LHP,12,42,13,0,0,0,0,0,2,1,0,0,0,0,0
"Meister, John",BSN,1886,,VS. RHP,24,64,18,2,1,0,0,0,6,2,0,0,0,0,0
"Nash, Billy",BSN,1886,,Away,31,104,21,4,1,0,11,6,4,6,0,0,0,1,5
"Nash, Billy",BSN,1886,,Home,30,102,35,4,2,0,18,16,7,6,1,0,2,1,4
"Nash, Billy",BSN,1886,,VS. LHP,19,46,15,3,0,0,0,0,3,3,0,0,0,0,0
"Nash, Billy",BSN,1886,,VS. RHP,49,160,41,5,3,0,0,0,8,9,0,0,0,0,0
"O'Rourke, Jim",BSN,1886,,Away,35,137,36,10,1,1,12,23,5,14,1,0,0,6,2
"O'Rourke, Jim",BSN,1886,,Home,32,118,27,5,1,0,18,17,3,21,3,0,0,1,5
"O'Rourke, Jim",BSN,1886,,VS. LHP,26,63,13,2,1,0,0,0,1,8,0,0,0,0,0
"O'Rourke, Jim",BSN,1886,,VS. RHP,57,192,50,13,1,1,0,0,7,27,0,0,0,0,0
"Poorman, Tom",BSN,1886,,Away,30,106,33,6,1,0,15,14,19,9,2,2,1,14,9
"Poorman, Tom",BSN,1886,,Home,31,94,21,4,2,1,14,24,19,8,1,4,1,10,4
"Poorman, Tom",BSN,1886,,VS. LHP,14,20,3,0,0,0,0,0,5,2,0,0,0,0,0
"Poorman, Tom",BSN,1886,,VS. RHP,52,180,51,10,3,1,0,0,33,15,0,0,0,0,0
"Smith, Pop",BSN,1886,,Away,35,109,26,7,0,2,14,17,5,11,1,18,0,13,8
"Smith, Pop",BSN,1886,,Home,32,104,24,3,0,0,11,16,7,8,1,13,2,12,6
"Smith, Pop",BSN,1886,,VS. LHP,24,51,9,3,0,0,0,0,2,4,0,0,0,0,0
"Smith, Pop",BSN,1886,,VS. RHP,54,162,41,7,0,2,0,0,10,15,0,0,0,0,0
"Sowders, Len",BSN,1886,,Away,24,21,6,1,0,0,2,4,0,1,0,0,0,0,0
"Sowders, Len",BSN,1886,,Home,21,19,6,1,1,0,2,5,1,3,0,0,0,1,1
"Sowders, Len",BSN,1886,,VS. LHP,7,7,0,0,0,0,0,0,0,1,0,0,0,0,0
"Sowders, Len",BSN,1886,,VS. RHP,32,33,12,2,1,0,0,0,1,3,0,0,0,0,0
"Stemmeyer, Bill",BSN,1886,,Away,17,47,13,0,0,1,8,6,2,2,1,0,0,0,0
"Stemmeyer, Bill",BSN,1886,,Home,16,34,13,2,0,0,9,6,2,4,0,0,0,0,0
"Stemmeyer, Bill",BSN,1886,,VS. LHP,9,19,4,1,0,0,0,0,1,3,0,0,0,0,0
"Stemmeyer, Bill",BSN,1886,,VS. RHP,26,62,22,1,0,1,0,0,3,3,0,0,0,0,0
"Sweeney, Charlie",BSN,1886,,Away,4,2,0,0,0,0,0,0,0,0,0,0,0,0,0
"Sweeney, Charlie",BSN,1886,,Home,10,6,1,1,0,0,0,1,0,0,0,0,0,0,0
"Sweeney, Charlie",BSN,1886,,VS. LHP,2,2,1,1,0,0,0,0,0,0,0,0,0,0,0
"Sweeney, Charlie",BSN,1886,,VS. RHP,5,6,0,0,0,0,0,0,0,0,0,0,0,0,0
"Taylor, Billy",BSN,1886,,Away,6,1,0,0,0,0,0,0,1,0,0,0,0,0,0
"Taylor, Billy",BSN,1886,,Home,9,2,1,0,0,0,1,0,0,0,0,0,0,0,0
"Taylor, Billy",BSN,1886,,VS. LHP,1,1,1,0,0,0,0,0,0,0,0,0,0,0,0
"Taylor, Billy",BSN,1886,,VS. RHP,2,2,0,0,0,0,0,0,1,0,0,0,0,0,0
"Tuck, Trevor",BSN,1886,Y,Away,2,0,0,0,0,0,0,0,0,0,0,0,0,0,0
"Tuck, Trevor",BSN,1886,Y,Home,3,0,0,0,0,0,0,0,0,0,0,0,0,0,0
"Bassett, Charley",BRO,1886,,Away,28,32,11,1,0,0,2,2,2,4,0,0,0,0,0
"Bassett, Charley",BRO,1886,,Home,33,52,13,2,2,0,3,3,5,7,0,0,0,0,0
"Bassett, Charley",BRO,1886,,VS. LHP,16,36,9,2,1,0,0,0,3,3,0,0,0,0,0
"Bassett, Charley",BRO,1886,,VS. RHP,44,48,15,1,1,0,0,0,4,8,0,0,0,0,0
"Clark, Bob",BRO,1886,,Away,1,1,0,0,0,0,0,0,0,0,0,0,0,0,0
"Clark, Bob",BRO,1886,,Home,11,19,3,0,0,0,1,4,0,3,0,0,0,1,1
"Clark, Bob",BRO,1886,,VS. LHP,7,14,2,0,0,0,0,0,0,3,0,0,0,0,0
"Clark, Bob",BRO,1886,,VS. RHP,6,6,1,0,0,0,0,0,0,0,0,0,0,0,0
"Collins, Hub",BRO,1886,,Away,18,20,7,1,0,0,4,3,0,0,0,0,0,1,0
"Collins, Hub",BRO,1886,,Home,16,15,2,1,0,0,3,5,1,2,0,0,0,1,2
"Collins, Hub",BRO,1886,,VS. LHP,5,5,2,1,0,0,0,0,0,0,0,0,0,0,0
"Collins, Hub",BRO,1886,,VS. RHP,23,30,7,1,0,0,0,0,1,2,0,0,0,0,0
"Cook, Paul",BRO,1886,,Away,21,72,25,2,0,0,7,9,5,3,0,0,0,1,2
"Cook, Paul",BRO,1886,,Home,22,73,8,0,0,0,5,3,0,2,0,1,0,0,1
"Cook, Paul",BRO,1886,,VS. LHP,8,7,3,0,0,0,0,0,1,1,0,0,0,0,0
"Cook, Paul",BRO,1886,,VS. RHP,41,138,30,2,0,0,0,0,4,4,0,0,0,0,0
"Dumars, Titus",BRO,1886,Y,Away,7,7,2,0,0,0,0,1,0,1,0,0,1,0,0
"Dumars, Titus",BRO,1886,Y,Home,4,1,1,1,0,0,0,0,0,2,0,0,0,0,0
"Dumars, Titus",BRO,1886,Y,VS. LHP,2,1,0,0,0,0,0,0,0,1,0,0,0,0,0
"Dumars, Titus",BRO,1886,Y,VS. RHP,7,7,3,1,0,0,0,0,0,2,0,0,0,0,0
"Dunn, Rich",BRO,1886,Y,Away,13,0,0,0,0,0,0,0,0,0,0,0,0,0,0
"Dunn, Rich",BRO,1886,Y,Home,6,3,0,0,0,0,0,0,2,0,0,0,0,0,0
"Dunn, Rich",BRO,1886,Y,VS. RHP,3,3,0,0,0,0,0,0,2,0,0,0,0,0,0
"Ely, Bones",BRO,1886,,Away,4,0,0,0,0,0,0,0,0,0,0,0,0,0,0
"Ely, Bones",BRO,1886,,Home,17,3,0,0,0,0,0,0,0,0,0,0,0,0,0
"Ely, Bones",BRO,1886,,VS. LHP,2,2,0,0,0,0,0,0,0,0,0,0,0,0,0
"Ely, Bones",BRO,1886,,VS. RHP,1,1,0,0,0,0,0,0,0,0,0,0,0,0,0
"Feeger, Wallace",BRO,1886,Y,Away,17,34,7,0,1,0,0,5,0,1,0,0,1,2,1
"Feeger, Wallace",BRO,1886,Y,Home,8,17,3,0,0,0,2,2,0,1,0,1,0,1,1
"Feeger, Wallace",BRO,1886,Y,VS. LHP,4,14,3,0,1,0,0,0,0,0,0,0,0,0,0
"Feeger, Wallace",BRO,1886,Y,VS. RHP,14,37,7,0,0,0,0,0,0,2,0,0,0,0,0
"Forster, Tom",BRO,1886,,Away,23,58,8,2,0,0,5,7,5,8,0,8,0,2,2
"Forster, Tom",BRO,1886,,Home,23,71,18,1,0,0,5,5,3,0,1,6,1,2,2
"Forster, Tom",BRO,1886,,VS. LHP,8,18,8,0,0,0,0,0,1,0,0,0,0,0,0
"Forster, Tom",BRO,1886,,VS. RHP,41,111,18,3,0,0,0,0,7,8,0,0,0,0,0
"Gleason, Bill",BRO,1886,,Away,31,132,35,8,1,1,20,23,8,15,2,0,1,8,6
"Gleason, Bill",BRO,1886,,Home,33,149,45,4,1,0,7,22,7,7,0,0,0,6,10
"Gleason, Bill",BRO,1886,,VS. LHP,22,67,17,4,1,0,0,0,3,7,0,0,0,0,0
"Gleason, Bill",BRO,1886,,VS. RHP,56,214,63,8,1,1,0,0,12,15,0,0,0,0,0
"Grimm, Lloyd",BRO,1886,Y,Away,3,1,0,0,0,0,0,0,0,0,0,0,0,0,0
"Grimm, Lloyd",BRO,1886,Y,Home,1,0,0,0,0,0,0,0,0,0,0,0,0,0,0
"Grimm, Lloyd",BRO,1886,Y,VS. RHP,1,1,0,0,0,0,0,0,0,0,0,0,0,0,0
"Hobson, Ryan",BRO,1886,Y,Away,19,14,2,0,0,0,0,3,4,4,0,0,0,0,0
"Hobson, Ryan",BRO,1886,Y,Home,26,22,6,1,0,0,2,4,7,4,0,0,1,0,0
"Hobson, Ryan",BRO,1886,Y,VS. LHP,1,1,0,0,0,0,0,0,0,0,0,0,0,0,0
"Hobson, Ryan",BRO,1886,Y,VS. RHP,42,35,8,1,0,0,0,0,11,8,0,0,0,0,0
"Hollman, Corey",BRO,1886,Y,Away,9,2,0,0,0,0,0,0,1,0,0,0,0,0,0
"Hollman, Corey",BRO,1886,Y,Home,4,3,0,0,0,0,0,0,2,0,0,0,0,0,0
"Hollman, Corey",BRO,1886,Y,VS. LHP,1,1,0,0,0,0,0,0,1,0,0,0,0,0,0
"Hollman, Corey",BRO,1886,Y,VS. RHP,3,4,0,0,0,0,0,0,2,0,0,0,0,0,0
"Huey, John",BRO,1886,Y,Away,9,6,0,0,0,0,0,0,2,0,0,0,0,0,0
"Huey, John",BRO,1886,Y,Home,15,2,0,0,0,0,0,0,0,0,0,1,0,0,0
"Huey, John",BRO,1886,Y,VS. LHP,2,2,0,0,0,0,0,0,0,0,0,0,0,0,0
"Huey, John",BRO,1886,Y,VS. RHP,5,6,0,0,0,0,0,0,2,0,0,0,0,0,0
"Keenan, Jim",BRO,1886,,Away,20,38,9,0,0,0,5,6,2,6,0,0,0,0,0
"Keenan, Jim",BRO,1886,,Home,21,39,13,0,0,2,8,8,1,5,0,0,1,0,0
"Keenan, Jim",BRO,1886,,VS. LHP,8,14,3,0,0,0,0,0,1,1,0,0,0,0,0
"Keenan, Jim",BRO,1886,,VS. RHP,35,63,19,0,0,2,0,0,2,10,0,0,0,0,0
"Knowles, Jimmy",BRO,1886,,Away,32,118,24,5,1,0,7,10,21,6,0,15,0,4,3
"Knowles, Jimmy",BRO,1886,,Home,34,123,28,2,2,0,18,13,10,8,1,11,0,2,8
"Knowles, Jimmy",BRO,1886,,VS. LHP,21,62,11,0,0,0,0,0,10,5,0,0,0,0,0
"Knowles, Jimmy",BRO,1886,,VS. RHP,56,179,41,7,3,0,0,0,21,9,0,0,0,0,0
"Mays, Al",BRO,1886,,Away,13,32,6,1,1,0,4,1,1,2,0,6,1,0,0
"Mays, Al",BRO,1886,,Home,13,25,2,0,0,0,2,0,0,0,1,7,0,0,0
"Mays, Al",BRO,1886,,VS. LHP,4,8,2,0,1,0,0,0,0,0,0,0,0,0,0
"Mays, Al",BRO,1886,,VS. RHP,21,49,6,1,0,0,0,0,1,2,0,0,0,0,0
"McGinnis, Jumbo",BRO,1886,,Away,10,17,4,1,0,0,2,1,0,0,0,1,0,0,0
"McGinnis, Jumbo",BRO,1886,,Home,14,33,11,6,0,0,5,3,2,0,0,4,1,0,0
"McGinnis, Jumbo",BRO,1886,,VS. LHP,6,14,6,4,0,0,0,0,0,0,0,0,0,0,0
"McGinnis, Jumbo",BRO,1886,,VS. RHP,14,36,9,3,0,0,0,0,2,0,0,0,0,0,0
"McTamany, Jim",BRO,1886,,Away,28,109,24,3,1,0,14,15,5,15,1,0,1,5,2
"McTamany, Jim",BRO,1886,,Home,27,95,26,6,0,0,11,12,6,19,0,0,1,4,3
"McTamany, Jim",BRO,1886,,VS. LHP,14,28,5,0,0,0,0,0,3,4,0,0,0,0,0
"McTamany, Jim",BRO,1886,,VS. RHP,53,176,45,9,1,0,0,0,8,30,0,0,0,0,0
"Pechiney, George",BRO,1886,,Away,15,30,4,1,0,0,1,4,1,0,0,0,1,0,0
"Pechiney, George",BRO,1886,,Home,18,25,5,0,0,0,1,2,2,0,0,0,0,0,0
"Pechiney, George",BRO,1886,,VS. LHP,8,15,1,0,0,0,0,0,0,0,0,0,0,0,0
"Pechiney, George",BRO,1886,,VS. RHP,19,40,8,1,0,0,0,0,3,0,0,0,0,0,0
"Pinkney, George",BRO,1886,,Away,32,138,44,7,3,0,23,16,6,13,0,0,0,4,7
"Pinkney, George",BRO,1886,,Home,35,138,44,4,2,0,23,22,7,15,1,0,1,12,4
"Pinkney, George",BRO,1886,,VS. LHP,23,60,18,0,1,0,0,0,4,10,0,0,0,0,0
"Pinkney, George",BRO,1886,,VS. RHP,57,216,70,11,4,0,0,0,9,18,0,0,0,0,0
"Radford, Paul",BRO,1886,,Away,32,106,27,2,1,0,13,11,10,17,0,25,0,9,7
"Radford, Paul",BRO,1886,,Home,35,113,39,4,0,0,9,23,7,16,0,26,0,16,9
"Radford, Paul",BRO,1886,,VS. LHP,21,46,18,3,0,0,0,0,7,16,0,0,0,0,0
"Radford, Paul",BRO,1886,,VS. RHP,58,173,48,3,1,0,0,0,10,17,0,0,0,0,0
"Shoch, George",BRO,1886,,Away,11,18,6,0,0,0,3,2,0,1,0,0,0,0,0
"Shoch, George",BRO,1886,,Home,15,37,17,1,0,0,6,0,2,0,0,0,0,0,0
"Shoch, George",BRO,1886,,VS. LHP,11,34,15,0,0,0,0,0,1,0,0,0,0,0,0
"Shoch, George",BRO,1886,,VS. RHP,18,21,8,1,0,0,0,0,1,1,0,0,0,0,0
"Smith, Phenomenal",BRO,1886,,Away,6,0,0,0,0,0,0,0,0,0,0,0,0,0,0
"Smith, Phenomenal",BRO,1886,,Home,5,1,0,0,0,0,0,0,1,0,0,0,0,0,0
"Smith, Phenomenal",BRO,1886,,VS. RHP,1,1,0,0,0,0,0,0,1,0,0,0,0,0,0
"Start, Joe",BRO,1886,,Away,16,22,3,0,0,0,0,2,5,1,0,1,0,1,0
"Start, Joe",BRO,1886,,Home,16,28,7,1,0,0,0,2,3,1,0,0,0,1,0
"Start, Joe",BRO,1886,,VS. LHP,7,20,4,0,0,0,0,0,4,1,0,0,0,0,0
"Start, Joe",BRO,1886,,VS. RHP,27,30,6,1,0,0,0,0,4,1,0,0,0,0,0
"Swartwood, Ed",BRO,1886,,Away,29,109,34,3,2,2,16,22,4,26,0,0,0,8,6
"Swartwood, Ed",BRO,1886,,Home,29,106,34,0,0,3,20,17,4,22,2,0,1,9,11
"Swartwood, Ed",BRO,1886,,VS. LHP,14,31,11,1,0,0,0,0,3,5,0,0,0,0,0
"Swartwood, Ed",BRO,1886,,VS. RHP,56,184,57,2,2,5,0,0,5,43,0,0,0,0,0
"Traffley, Bill",BRO,1886,,Away,12,12,2,0,0,0,0,1,0,2,0,0,0,1,1
"Traffley, Bill",BRO,1886,,Home,13,25,6,0,0,1,1,4,1,3,0,0,0,0,0
"Traffley, Bill",BRO,1886,,VS. LHP,11,31,7,0,0,1,0,0,1,3,0,0,0,0,0
"Traffley, Bill",BRO,1886,,VS. RHP,8,6,1,0,0,0,0,0,0,2,0,0,0,0,0
"Vieth, Brett",BRO,1886,Y,Away,7,1,0,0,0,0,0,0,1,0,0,0,0,0,0
"Vieth, Brett",BRO,1886,Y,Home,4,0,0,0,0,0,0,0,0,0,0,0,0,0,0
"Vieth, Brett",BRO,1886,Y,VS. LHP,1,1,0,0,0,0,0,0,1,0,0,0,0,0,0
"Wasson, Mark",BRO,1886,Y,Away,2,1,0,0,0,0,0,0,0,0,0,0,0,0,0
"Wasson, Mark",BRO,1886,Y,Home,4,1,0,0,0,0,0,0,0,0,0,0,0,0,0
"Wasson, Mark",BRO,1886,Y,VS. RHP,2,2,0,0,0,0,0,0,0,0,0,0,0,0,0
"Anson, Cap",CHC,1886,,Away,35,152,61,7,6,1,34,27,5,20,2,0,2,8,11
"Anson, Cap",CHC,1886,,Home,32,131,45,9,4,2,39,26,5,17,1,0,0,6,3
"Anson, Cap",CHC,1886,,VS. LHP,29,88,40,7,3,3,0,0,2,6,0,0,0,0,0
"Anson, Cap",CHC,1886,,VS. RHP,53,195,66,9,7,0,0,0,8,31,0,0,0,0,0
"Burns, Tom",CHC,1886,,Away,32,136,36,8,1,1,21,19,7,6,0,1,1,4,0
"Burns, Tom",CHC,1886,,Home,32,122,41,6,1,0,23,23,9,8,2,1,2,5,3
"Burns, Tom",CHC,1886,,VS. LHP,26,75,23,2,1,0,0,0,4,7,0,0,0,0,0
"Burns, Tom",CHC,1886,,VS. RHP,50,183,54,12,1,1,0,0,12,7,0,0,0,0,0
"Clarkson, John",CHC,1886,,Away,16,55,18,0,0,3,10,7,8,0,0,4,0,0,0
"Clarkson, John",CHC,1886,,Home,18,58,15,3,0,1,9,7,10,0,0,2,0,0,0
"Clarkson, John",CHC,1886,,VS. LHP,13,36,10,1,0,0,0,0,5,0,0,0,0,0,0
"Clarkson, John",CHC,1886,,VS. RHP,26,77,23,2,0,4,0,0,13,0,0,0,0,0,0
"Crowley, Aaron",CHC,1886,Y,Away,11,0,0,0,0,0,0,0,0,0,0,0,0,0,0
"Crowley, Aaron",CHC,1886,Y,Home,4,0,0,0,0,0,0,0,0,0,0,0,0,0,0
"Dalrymple, Abner",CHC,1886,,Away,32,54,16,4,2,0,9,12,4,5,0,1,0,4,1
"Dalrymple, Abner",CHC,1886,,Home,28,67,19,3,1,0,10,15,7,7,1,1,0,3,2
"Dalrymple, Abner",CHC,1886,,VS. LHP,14,21,6,2,0,0,0,0,0,3,0,0,0,0,0
"Dalrymple, Abner",CHC,1886,,VS. RHP,41,100,29,5,3,0,0,0,11,9,0,0,0,0,0
"Donahue, Jim",CHC,1886,,Away,2,0,0,0,0,0,0,0,0,0,0,0,0,0,0
"Donahue, Jim",CHC,1886,,Home,5,5,2,0,0,0,1,2,0,0,0,0,0,0,0
"Donahue, Jim",CHC,1886,,VS. LHP,2,3,1,0,0,0,0,0,0,0,0,0,0,0,0
"Donahue, Jim",CHC,1886,,VS. RHP,2,2,1,0,0,0,0,0,0,0,0,0,0,0,0
"Flynn, Jocko",CHC,1886,,Away,12,34,6,2,0,0,5,4,8,0,1,4,0,1,0
"Flynn, Jocko",CHC,1886,,Home,10,28,8,2,0,1,4,6,5,1,0,4,0,0,0
"Flynn, Jocko",CHC,1886,,VS. LHP,10,21,3,1,0,0,0,0,4,0,0,0,0,0,0
"Flynn, Jocko",CHC,1886,,VS. RHP,17,41,11,3,0,1,0,0,9,1,0,0,0,0,0
"Geyger, Vaughan",CHC,1886,Y,Away,14,30,6,0,0,1,4,2,6,3,1,0,0,0,0
"Geyger, Vaughan",CHC,1886,Y,Home,8,17,3,0,0,1,2,2,2,0,0,0,0,0,0
"Geyger, Vaughan",CHC,1886,Y,VS. LHP,6,8,2,0,0,0,0,0,0,1,0,0,0,0,0
"Geyger, Vaughan",CHC,1886,Y,VS. RHP,19,39,7,0,0,2,0,0,8,2,0,0,0,0,0
"Hardtack, Blue Lew",CHC,1886,Y,Away,5,0,0,0,0,0,0,0,0,0,0,0,0,0,0
"Hardtack, Blue Lew",CHC,1886,Y,Home,8,0,0,0,0,0,0,0,0,0,0,0,0,0,0
"Hornung, Joe",CHC,1886,,Away,28,30,10,1,0,0,8,6,4,2,0,1,0,1,0
"Hornung, Joe",CHC,1886,,Home,28,40,8,0,1,0,4,0,5,0,0,2,0,1,0
"Hornung, Joe",CHC,1886,,VS. LHP,19,28,10,1,1,0,0,0,4,0,0,0,0,0,0
"Hornung, Joe",CHC,1886,,VS. RHP,26,42,8,0,0,0,0,0,5,2,0,0,0,0,0
"Jones, Charley",CHC,1886,,Away,35,141,44,7,1,0,21,30,5,16,4,0,2,0,0
"Jones, Charley",CHC,1886,,Home,31,100,26,5,1,1,18,23,3,15,2,1,2,0,0
"Jones, Charley",CHC,1886,,VS. LHP,27,71,16,1,0,0,0,0,1,8,0,0,0,0,0
"Jones, Charley",CHC,1886,,VS. RHP,52,170,54,11,2,1,0,0,7,23,0,0,0,0,0
"Kelly, King",CHC,1886,,Away,35,138,56,7,2,1,28,36,7,27,0,0,3,11,14
"Kelly, King",CHC,1886,,Home,32,129,48,12,1,1,29,29,9,24,0,0,1,10,9
"Kelly, King",CHC,1886,,VS. LHP,29,79,27,4,0,0,0,0,6,15,0,0,0,0,0
"Kelly, King",CHC,1886,,VS. RHP,54,188,77,15,3,2,0,0,10,36,0,0,0,0,0
"Kirke, Devlin",CHC,1886,Y,Away,3,9,1,0,0,0,1,0,1,0,0,3,0,0,0
"Kirke, Devlin",CHC,1886,Y,Home,1,3,1,0,0,0,0,0,0,0,0,0,0,2,0
"Kirke, Devlin",CHC,1886,Y,VS. LHP,2,7,1,0,0,0,0,0,0,0,0,0,0,0,0
"Kirke, Devlin",CHC,1886,Y,VS. RHP,2,5,1,0,0,0,0,0,1,0,0,0,0,0,0
"Lewis, Fred",CHC,1886,,Away,27,94,29,1,1,2,9,22,6,7,1,1,1,2,0
"Lewis, Fred",CHC,1886,,Home,19,64,22,3,0,1,11,14,3,2,1,2,0,1,0
"Lewis, Fred",CHC,1886,,VS. LHP,22,60,21,1,1,1,0,0,4,2,0,0,0,0,0
"Lewis, Fred",CHC,1886,,VS. RHP,31,98,30,3,0,2,0,0,5,7,0,0,0,0,0
"Lynch, Jack",CHC,1886,,Away,15,16,4,1,0,0,0,4,2,1,0,2,0,0,0
"Lynch, Jack",CHC,1886,,Home,8,9,2,1,0,0,1,1,1,1,0,1,0,0,0
"Lynch, Jack",CHC,1886,,VS. LHP,4,8,2,1,0,0,0,0,2,0,0,0,0,0,0
"Lynch, Jack",CHC,1886,,VS. RHP,7,17,4,1,0,0,0,0,1,2,0,0,0,0,0
"McClellan, Bill",CHC,1886,,Away,34,116,33,6,1,0,14,23,7,15,0,1,1,10,4
"McClellan, Bill",CHC,1886,,Home,32,114,37,5,2,0,17,24,1,17,2,0,0,12,8
"McClellan, Bill",CHC,1886,,VS. LHP,26,51,14,3,1,0,0,0,2,11,0,0,0,0,0
"McClellan, Bill",CHC,1886,,VS. RHP,53,179,56,8,2,0,0,0,6,21,0,0,0,0,0
"Mills, Jeth",CHC,1886,Y,Away,5,14,3,1,1,0,5,3,2,3,1,0,0,0,0
"Mills, Jeth",CHC,1886,Y,Home,8,28,9,1,0,0,4,5,1,5,0,0,0,0,0
"Mills, Jeth",CHC,1886,Y,VS. LHP,4,9,4,0,0,0,0,0,1,2,0,0,0,0,0
"Mills, Jeth",CHC,1886,Y,VS. RHP,12,33,8,2,1,0,0,0,2,6,0,0,0,0,0
"Mysty, Bader",CHC,1886,Y,Away,11,35,10,0,0,0,3,7,2,1,0,1,0,1,0
"Mysty, Bader",CHC,1886,Y,Home,7,10,1,0,0,0,1,4,2,3,0,0,0,2,0
"Mysty, Bader",CHC,1886,Y,VS. LHP,6,14,2,0,0,0,0,0,1,3,0,0,0,0,0
"Mysty, Bader",CHC,1886,Y,VS. RHP,8,31,9,0,0,0,0,0,3,1,0,0,0,0,0
"Ringo, Frank",CHC,1886,,Away,16,16,4,1,0,0,3,1,1,1,0,1,0,0,0
"Ringo, Frank",CHC,1886,,Home,17,24,10,6,0,0,5,6,1,0,0,0,0,0,0
"Ringo, Frank",CHC,1886,,VS. LHP,11,17,6,4,0,0,0,0,0,1,0,0,0,0,0
"Ringo, Frank",CHC,1886,,VS. RHP,14,23,8,3,0,0,0,0,2,0,0,0,0,0,0
"Ryan, Jimmy",CHC,1886,,Away,30,103,37,4,2,1,17,19,5,5,1,0,0,2,5
"Ryan, Jimmy",CHC,1886,,Home,21,90,29,1,1,2,15,20,5,2,1,0,0,6,2
"Ryan, Jimmy",CHC,1886,,VS. LHP,23,76,32,3,2,2,0,0,4,1,0,0,0,0,0
"Ryan, Jimmy",CHC,1886,,VS. RHP,33,117,34,2,1,1,0,0,6,6,0,0,0,0,0
"Shaffer, Orator",CHC,1886,,Away,8,22,7,1,1,0,4,5,1,4,0,0,0,1,1
"Shaffer, Orator",CHC,1886,,Home,7,27,8,0,3,0,5,6,1,1,0,0,0,0,0
"Shaffer, Orator",CHC,1886,,VS. LHP,3,2,0,0,0,0,0,0,0,1,0,0,0,0,0
"Shaffer, Orator",CHC,1886,,VS. RHP,14,47,15,1,4,0,0,0,2,4,0,0,0,0,0
"Smith, Bill",CHC,1886,,Away,22,4,0,0,0,0,0,0,0,0,0,0,0,0,0
"Smith, Bill",CHC,1886,,Home,9,2,1,0,0,0,0,1,0,0,0,0,0,0,0
"Smith, Bill",CHC,1886,,VS. RHP,4,6,1,0,0,0,0,0,0,0,0,0,0,0,0
"Snyder, Pop",CHC,1886,,Away,2,0,0,0,0,0,0,0,0,1,0,0,0,0,0
"Snyder, Pop",CHC,1886,,VS. LHP,1,0,0,0,0,0,0,0,0,1,0,0,0,0,0
"Starks, Sammy",CHC,1886,Y,Away,7,23,2,0,0,0,5,3,1,3,1,0,0,0,0
"Starks, Sammy",CHC,1886,Y,Home,1,5,1,0,0,0,0,1,1,0,0,0,0,0,0
"Starks, Sammy",CHC,1886,Y,VS. LHP,6,19,3,0,0,0,0,0,1,2,0,0,0,0,0
"Starks, Sammy",CHC,1886,Y,VS. RHP,3,9,0,0,0,0,0,0,1,1,0,0,0,0,0
"Sunday, Billy",CHC,1886,,Away,20,21,4,0,1,0,5,4,2,2,0,1,0,4,1
"Sunday, Billy",CHC,1886,,Home,7,12,3,0,0,0,0,1,1,0,0,1,0,3,0
"Sunday, Billy",CHC,1886,,VS. LHP,4,4,0,0,0,0,0,0,0,0,0,0,0,0,0
"Sunday, Billy",CHC,1886,,VS. RHP,14,29,7,0,1,0,0,0,3,2,0,0,0,0,0
"Watkins, Sherm",CHC,1886,Y,Away,1,1,0,0,0,0,0,0,0,0,0,0,0,0,0
"Watkins, Sherm",CHC,1886,Y,Home,4,0,0,0,0,0,0,0,0,0,0,0,0,0,0
"Watkins, Sherm",CHC,1886,Y,VS. RHP,1,1,0,0,0,0,0,0,0,0,0,0,0,0,0
"White, Will",CHC,1886,,Away,4,1,0,0,0,0,0,0,1,0,0,0,0,0,0
"White, Will",CHC,1886,,Home,10,3,1,0,0,0,0,0,0,0,0,0,0,0,0
"White, Will",CHC,1886,,VS. LHP,2,2,1,0,0,0,0,0,0,0,0,0,0,0,0
"White, Will",CHC,1886,,VS. RHP,2,2,0,0,0,0,0,0,1,0,0,0,0,0,0
"Williamson, Ned",CHC,1886,,Away,35,109,20,1,1,1,17,14,17,15,3,3,0,3,1
"Williamson, Ned",CHC,1886,,Home,30,97,24,3,2,0,18,18,10,20,5,5,0,2,1
"Williamson, Ned",CHC,1886,,VS. LHP,30,70,18,2,0,1,0,0,6,10,0,0,0,0,0
"Williamson, Ned",CHC,1886,,VS. RHP,51,136,26,2,3,0,0,0,21,25,0,0,0,0,0
"Bastian, Charlie",CIN,1886,,Away,32,118,30,4,2,0,13,17,7,8,0,8,1,14,3
"Bastian, Charlie",CIN,1886,,Home,31,96,22,5,2,0,14,17,12,15,1,6,0,10,4
"Bastian, Charlie",CIN,1886,,VS. LHP,18,34,6,2,0,0,0,0,3,6,0,0,0,0,0
"Bastian, Charlie",CIN,1886,,VS. RHP,56,180,46,7,4,0,0,0,16,17,0,0,0,0,0
"Boyle, Henry",CIN,1886,,Away,10,31,9,2,1,0,7,3,3,0,0,6,0,0,0
"Boyle, Henry",CIN,1886,,Home,11,16,2,0,0,0,1,1,2,2,1,6,0,0,0
"Boyle, Henry",CIN,1886,,VS. LHP,5,12,2,0,1,0,0,0,2,1,0,0,0,0,0
"Boyle, Henry",CIN,1886,,VS. RHP,16,35,9,2,0,0,0,0,3,1,0,0,0,0,0
"Browning, Pete",CIN,1886,,Away,27,121,48,10,1,2,35,19,4,6,3,0,0,5,3
"Browning, Pete",CIN,1886,,Home,32,134,55,12,0,1,26,33,1,12,1,0,2,4,6
"Browning, Pete",CIN,1886,,VS. LHP,19,49,19,6,1,1,0,0,1,4,0,0,0,0,0
"Browning, Pete",CIN,1886,,VS. RHP,56,206,84,16,0,2,0,0,4,14,0,0,0,0,0
"Burch, Ernie",CIN,1886,,Away,29,108,38,9,0,0,16,17,2,9,0,4,2,8,6
"Burch, Ernie",CIN,1886,,Home,33,130,40,8,2,0,17,34,7,11,0,5,1,9,4
"Burch, Ernie",CIN,1886,,VS. LHP,9,15,0,0,0,0,0,0,2,3,0,0,0,0,0
"Burch, Ernie",CIN,1886,,VS. RHP,59,223,78,17,2,0,0,0,7,17,0,0,0,0,0
"Chamberlain, Elton",CIN,1886,,Away,9,1,0,0,0,0,0,0,1,0,0,0,0,0,0
"Chamberlain, Elton",CIN,1886,,Home,10,2,0,0,0,0,0,0,0,0,0,0,0,0,0
"Chamberlain, Elton",CIN,1886,,VS. LHP,2,2,0,0,0,0,0,0,1,0,0,0,0,0,0
"Chamberlain, Elton",CIN,1886,,VS. RHP,1,1,0,0,0,0,0,0,0,0,0,0,0,0,0
"Crane, Ed",CIN,1886,,Away,6,5,2,0,0,0,0,1,1,0,0,4,0,0,0
"Crane, Ed",CIN,1886,,Home,10,4,0,0,0,0,0,1,0,1,0,1,0,0,1
"Crane, Ed",CIN,1886,,VS. LHP,1,1,1,0,0,0,0,0,0,0,0,0,0,0,0
"Crane, Ed",CIN,1886,,VS. RHP,9,8,1,0,0,0,0,0,1,1,0,0,0,0,0
"Donnelly, Jim",CIN,1886,,Away,6,5,0,0,0,0,1,0,0,0,0,0,0,0,0
"Donnelly, Jim",CIN,1886,,Home,8,6,3,0,0,0,0,0,0,0,0,0,0,0,1
"Donnelly, Jim",CIN,1886,,VS. LHP,1,1,0,0,0,0,0,0,0,0,0,0,0,0,0
"Donnelly, Jim",CIN,1886,,VS. RHP,10,10,3,0,0,0,0,0,0,0,0,0,0,0,0
"Ewing, Buck",CIN,1886,,Away,18,80,18,2,1,1,8,14,3,6,0,0,0,11,2
"Ewing, Buck",CIN,1886,,Home,21,87,29,4,4,1,20,15,6,7,1,0,2,7,6
"Ewing, Buck",CIN,1886,,VS. LHP,12,31,8,1,1,0,0,0,5,3,0,0,0,0,0
"Ewing, Buck",CIN,1886,,VS. RHP,36,136,39,5,4,2,0,0,4,10,0,0,0,0,0
"Ganzel, Charlie",CIN,1886,,Away,16,61,20,3,0,0,12,7,4,3,0,0,2,0,3
"Ganzel, Charlie",CIN,1886,,Home,26,70,17,0,1,0,10,7,10,1,0,0,0,0,0
"Ganzel, Charlie",CIN,1886,,VS. LHP,12,23,4,0,0,0,0,0,1,2,0,0,0,0,0
"Ganzel, Charlie",CIN,1886,,VS. RHP,38,108,33,3,1,0,0,0,13,2,0,0,0,0,0
"Harkins, John",CIN,1886,,Away,15,17,5,2,0,0,1,4,1,3,0,4,0,0,0
"Harkins, John",CIN,1886,,Home,19,26,6,1,0,0,6,6,3,3,1,1,0,0,0
"Harkins, John",CIN,1886,,VS. LHP,5,10,1,0,0,0,0,0,2,0,0,0,0,0,0
"Harkins, John",CIN,1886,,VS. RHP,16,33,10,3,0,0,0,0,2,6,0,0,0,0,0
"Latham, Arlie",CIN,1886,,Away,32,143,50,6,1,0,16,43,7,21,1,0,0,38,9
"Latham, Arlie",CIN,1886,,Home,35,152,57,5,0,0,21,36,5,17,0,0,1,28,15
"Latham, Arlie",CIN,1886,,VS. LHP,20,57,21,4,0,0,0,0,3,7,0,0,0,0,0
"Latham, Arlie",CIN,1886,,VS. RHP,62,238,86,7,1,0,0,0,9,31,0,0,0,0,0
"Mann, Fred",CIN,1886,,Away,26,64,21,4,1,1,9,14,2,9,2,1,0,4,4
"Mann, Fred",CIN,1886,,Home,30,56,14,1,2,0,11,14,2,8,2,0,2,4,1
"Mann, Fred",CIN,1886,,VS. LHP,16,38,9,1,1,0,0,0,1,7,0,0,0,0,0
"Mann, Fred",CIN,1886,,VS. RHP,44,82,26,4,2,1,0,0,3,10,0,0,0,0,0
"McGeachy, Jack",CIN,1886,,Away,5,8,1,0,1,0,0,2,2,0,0,1,0,0,0
"McGeachy, Jack",CIN,1886,,Home,12,11,5,2,0,0,7,1,2,0,0,1,0,1,0
"McGeachy, Jack",CIN,1886,,VS. LHP,3,3,0,0,0,0,0,0,1,0,0,0,0,0,0
"McGeachy, Jack",CIN,1886,,VS. RHP,9,16,6,2,1,0,0,0,3,0,0,0,0,0,0
"McPhee, Bid",CIN,1886,,Away,32,135,44,6,2,4,25,24,5,12,1,0,1,19,7
"McPhee, Bid",CIN,1886,,Home,35,132,37,3,1,3,38,26,5,22,3,0,0,13,3
"McPhee, Bid",CIN,1886,,VS. LHP,21,49,8,0,0,2,0,0,2,7,0,0,0,0,0
"McPhee, Bid",CIN,1886,,VS. RHP,61,218,73,9,3,5,0,0,8,27,0,0,0,0,0
"Phillips, Bill",CIN,1886,,Away,32,142,38,6,1,0,14,20,7,6,0,0,1,2,6
"Phillips, Bill",CIN,1886,,Home,35,144,35,5,3,0,15,22,6,10,0,0,0,2,2
"Phillips, Bill",CIN,1886,,VS. LHP,22,61,16,2,0,0,0,0,4,2,0,0,0,0,0
"Phillips, Bill",CIN,1886,,VS. RHP,63,225,57,9,4,0,0,0,9,14,0,0,0,0,0
"Quinn, Joe",CIN,1886,,Away,10,5,1,0,0,0,1,2,1,2,0,0,0,1,1
"Quinn, Joe",CIN,1886,,Home,15,10,2,1,0,0,1,1,1,0,0,0,0,0,0
"Quinn, Joe",CIN,1886,,VS. LHP,5,4,0,0,0,0,0,0,0,1,0,0,0,0,0
"Quinn, Joe",CIN,1886,,VS. RHP,12,11,3,1,0,0,0,0,2,1,0,0,0,0,0
"Radbourn, Charley",CIN,1886,,Away,19,42,6,0,0,0,5,7,4,3,1,12,0,0,0
"Radbourn, Charley",CIN,1886,,Home,21,41,8,0,0,0,2,4,3,4,0,10,0,0,0
"Radbourn, Charley",CIN,1886,,VS. LHP,6,12,1,0,0,0,0,0,0,1,0,0,0,0,0
"Radbourn, Charley",CIN,1886,,VS. RHP,30,71,13,0,0,0,0,0,7,6,0,0,0,0,0
"Reilly, John",CIN,1886,,Away,31,124,35,2,2,1,14,16,5,7,1,0,2,11,2
"Reilly, John",CIN,1886,,Home,33,115,28,1,5,0,20,17,2,7,1,0,1,3,3
"Reilly, John",CIN,1886,,VS. LHP,19,42,13,0,0,0,0,0,1,2,0,0,0,0,0
"Reilly, John",CIN,1886,,VS. RHP,56,197,50,3,7,1,0,0,6,12,0,0,0,0,0
"Sommer, Joe",CIN,1886,,Away,10,6,1,0,0,0,0,1,0,0,0,0,0,0,0
"Sommer, Joe",CIN,1886,,Home,17,24,3,0,0,0,0,0,2,2,0,5,0,0,0
"Sommer, Joe",CIN,1886,,VS. LHP,5,7,2,0,0,0,0,0,0,1,0,0,0,0,0
"Sommer, Joe",CIN,1886,,VS. RHP,16,23,2,0,0,0,0,0,2,1,0,0,0,0,0
"Wiedman, Stump",CIN,1886,,Away,10,4,1,0,0,0,1,0,1,0,0,0,0,0,0
"Wiedman, Stump",CIN,1886,,Home,17,7,2,0,0,0,0,0,1,0,0,0,0,0,0
"Wiedman, Stump",CIN,1886,,VS. LHP,2,2,0,0,0,0,0,0,1,0,0,0,0,0,0
"Wiedman, Stump",CIN,1886,,VS. RHP,5,9,3,0,0,0,0,0,1,0,0,0,0,0,0
"Brady, Steve",LOU,1886,,Away,28,99,30,1,1,1,19,9,3,5,0,0,0,0,1
"Brady, Steve",LOU,1886,,Home,31,101,28,1,2,0,8,19,2,9,0,0,0,1,0
"Brady, Steve",LOU,1886,,VS. LHP,13,19,5,0,0,0,0,0,0,3,0,0,0,0,0
"Brady, Steve",LOU,1886,,VS. RHP,52,181,53,2,3,1,0,0,5,11,0,0,0,0,0
"Brassell, Sam",LOU,1886,Y,Away,3,7,1,0,0,0,0,1,1,0,0,0,0,0,0
"Brassell, Sam",LOU,1886,Y,VS. LHP,2,7,1,0,0,0,0,0,1,0,0,0,0,0,0
"Brown, Tom",LOU,1886,,Away,35,127,35,0,7,0,14,23,2,11,0,1,1,2,0
"Brown, Tom",LOU,1886,,Home,32,122,32,1,1,0,10,16,5,16,0,0,2,0,1
"Brown, Tom",LOU,1886,,VS. LHP,11,19,4,0,0,0,0,0,0,4,0,0,0,0,0
"Brown, Tom",LOU,1886,,VS. RHP,64,230,63,1,8,0,0,0,7,23,0,0,0,0,0
"Conway, Dick",LOU,1886,,Away,4,3,1,0,0,0,0,0,0,0,0,0,0,0,0
"Conway, Dick",LOU,1886,,Home,6,1,0,0,0,0,0,0,1,0,0,0,0,0,0
"Conway, Dick",LOU,1886,,VS. RHP,4,4,1,0,0,0,0,0,1,0,0,0,0,0,0
"Cross, Amos",LOU,1886,,Away,13,42,10,1,1,0,5,5,3,4,0,2,2,0,2
"Cross, Amos",LOU,1886,,Home,22,50,12,1,2,0,10,1,6,6,0,0,1,0,0
"Cross, Amos",LOU,1886,,VS. LHP,9,22,3,1,1,0,0,0,2,1,0,0,0,0,0
"Cross, Amos",LOU,1886,,VS. RHP,29,70,19,1,2,0,0,0,7,9,0,0,0,0,0
"Cushman, Ed",LOU,1886,,Away,10,20,3,0,0,0,1,0,2,1,1,2,0,0,0
"Cushman, Ed",LOU,1886,,Home,11,21,3,0,1,0,3,4,0,2,0,3,0,0,0
"Cushman, Ed",LOU,1886,,VS. LHP,3,5,1,0,0,0,0,0,1,1,0,0,0,0,0
"Cushman, Ed",LOU,1886,,VS. RHP,17,36,5,0,1,0,0,0,1,2,0,0,0,0,0
"Daily, Con",LOU,1886,,Away,23,48,19,2,1,0,14,8,5,5,0,1,1,0,0
"Daily, Con",LOU,1886,,Home,12,38,10,1,0,0,5,6,2,5,0,3,0,0,0
"Daily, Con",LOU,1886,,VS. LHP,1,1,0,0,0,0,0,0,0,0,0,0,0,0,0
"Daily, Con",LOU,1886,,VS. RHP,29,85,29,3,1,0,0,0,7,10,0,0,0,0,0
"Denny, Jerry",LOU,1886,,Away,34,98,30,4,2,6,20,21,6,3,0,0,2,2,1
"Denny, Jerry",LOU,1886,,Home,30,87,22,3,0,1,10,8,11,7,0,11,2,0,0
"Denny, Jerry",LOU,1886,,VS. LHP,10,13,4,1,0,0,0,0,1,1,0,0,0,0,0
"Denny, Jerry",LOU,1886,,VS. RHP,55,172,48,6,2,7,0,0,16,9,0,0,0,0,0
"Embleton, Steve",LOU,1886,Y,Away,8,10,3,1,1,0,3,1,2,1,1,0,1,0,0
"Embleton, Steve",LOU,1886,Y,Home,18,50,16,2,2,0,5,6,2,5,0,0,0,0,0
"Embleton, Steve",LOU,1886,Y,VS. LHP,3,4,3,0,0,0,0,0,0,0,0,0,0,0,0
"Embleton, Steve",LOU,1886,Y,VS. RHP,21,56,16,3,3,0,0,0,4,6,0,0,0,0,0
"Fancher, Vincent",LOU,1886,Y,Away,2,1,0,0,0,0,0,0,0,0,0,0,0,0,0
"Fancher, Vincent",LOU,1886,Y,Home,6,2,0,0,0,0,0,0,0,0,0,0,0,0,0
"Fancher, Vincent",LOU,1886,Y,VS. RHP,3,3,0,0,0,0,0,0,0,0,0,0,0,0,0
"Frazier, Richard",LOU,1886,Y,Away,2,6,2,0,0,0,1,3,1,2,1,0,0,0,0
"Frazier, Richard",LOU,1886,Y,VS. RHP,2,6,2,0,0,0,0,0,1,2,0,0,0,0,0
"Gilligan, Barney",LOU,1886,,Away,19,37,7,1,0,0,4,2,7,7,1,1,0,1,0
"Gilligan, Barney",LOU,1886,,Home,19,34,9,1,0,1,4,7,1,5,0,2,0,0,1
"Gilligan, Barney",LOU,1886,,VS. LHP,3,3,0,0,0,0,0,0,1,2,0,0,0,0,0
"Gilligan, Barney",LOU,1886,,VS. RHP,28,68,16,2,0,1,0,0,7,10,0,0,0,0,0
"Glasscock, Jack",LOU,1886,,Away,35,134,47,8,0,0,16,31,1,12,1,0,2,8,3
"Glasscock, Jack",LOU,1886,,Home,32,123,40,3,3,2,21,19,3,4,0,0,0,5,2
"Glasscock, Jack",LOU,1886,,VS. LHP,14,28,5,0,0,0,0,0,0,3,0,0,0,0,0
"Glasscock, Jack",LOU,1886,,VS. RHP,60,229,82,11,3,2,0,0,4,13,0,0,0,0,0
"Glenn, Ed",LOU,1886,,Away,18,24,6,2,1,0,3,8,0,2,0,0,0,6,3
"Glenn, Ed",LOU,1886,,Home,15,14,1,0,0,0,1,4,0,1,0,1,0,1,0
"Glenn, Ed",LOU,1886,,VS. LHP,5,13,0,0,0,0,0,0,0,2,0,0,0,0,0
"Glenn, Ed",LOU,1886,,VS. RHP,14,25,7,2,1,0,0,0,0,1,0,0,0,0,0
"Hankinson, Frank",LOU,1886,,Away,19,27,9,0,0,0,0,8,2,5,0,1,0,0,0
"Hankinson, Frank",LOU,1886,,Home,16,21,3,0,0,0,2,1,0,1,0,0,0,0,0
"Hankinson, Frank",LOU,1886,,VS. LHP,7,21,8,0,0,0,0,0,0,3,0,0,0,0,0
"Hankinson, Frank",LOU,1886,,VS. RHP,21,27,4,0,0,0,0,0,2,3,0,0,0,0,0
"Healy, John",LOU,1886,,Away,24,14,2,0,0,0,0,3,3,0,0,1,1,0,0
"Healy, John",LOU,1886,,Home,18,6,0,0,0,0,0,0,1,0,0,3,0,0,0
"Healy, John",LOU,1886,,VS. LHP,1,1,0,0,0,0,0,0,0,0,0,0,0,0,0
"Healy, John",LOU,1886,,VS. RHP,14,19,2,0,0,0,0,0,4,0,0,0,0,0,0
"Hoffmiester, Jeffery",LOU,1886,Y,Away,7,1,0,0,0,0,0,0,0,0,0,0,0,0,0
"Hoffmiester, Jeffery",LOU,1886,Y,Home,7,1,0,0,0,0,0,0,1,0,0,0,0,0,0
"Hoffmiester, Jeffery",LOU,1886,Y,VS. RHP,2,2,0,0,0,0,0,0,1,0,0,0,0,0,0
"Houck, Garry",LOU,1886,Y,Away,7,0,0,0,0,0,0,0,0,0,0,0,0,0,0
"Houck, Garry",LOU,1886,Y,Home,9,2,1,0,0,0,0,0,1,0,0,1,0,0,0
"Houck, Garry",LOU,1886,Y,VS. RHP,2,2,1,0,0,0,0,0,1,0,0,0,0,0,0
"Iorio, Harold",LOU,1886,Y,Away,11,12,1,0,0,0,0,1,0,2,0,1,0,0,0
"Iorio, Harold",LOU,1886,Y,VS. LHP,2,6,0,0,0,0,0,0,0,1,0,0,0,0,0
"Iorio, Harold",LOU,1886,Y,VS. RHP,5,6,1,0,0,0,0,0,0,1,0,0,0,0,0
"Johns, Jerry",LOU,1886,Y,Away,26,71,18,1,0,1,8,12,4,3,0,0,0,0,0
"Johns, Jerry",LOU,1886,Y,Home,27,46,14,3,0,1,4,7,7,7,0,0,0,0,0
"Johns, Jerry",LOU,1886,Y,VS. LHP,10,19,3,0,0,1,0,0,3,2,0,0,0,0,0
"Johns, Jerry",LOU,1886,Y,VS. RHP,37,98,29,4,0,1,0,0,8,8,0,0,0,0,0
"Kilroy, Matt",LOU,1886,,Away,14,27,2,0,0,0,2,3,2,3,0,7,0,1,0
"Kilroy, Matt",LOU,1886,,Home,12,21,4,0,0,0,2,2,0,0,1,2,0,0,0
"Kilroy, Matt",LOU,1886,,VS. LHP,5,7,0,0,0,0,0,0,0,0,0,0,0,0,0
"Kilroy, Matt",LOU,1886,,VS. RHP,16,41,6,0,0,0,0,0,2,3,0,0,0,0,0
"Litt, Nate",LOU,1886,Y,Away,13,19,5,0,0,0,2,5,3,0,1,0,0,0,0
"Litt, Nate",LOU,1886,Y,Home,17,17,2,1,0,0,1,2,6,5,0,0,0,0,0
"Litt, Nate",LOU,1886,Y,VS. RHP,18,36,7,1,0,0,0,0,9,5,0,0,0,0,0
"Lyons, Jackie",LOU,1886,Y,Away,3,6,0,0,0,0,0,0,4,0,0,0,0,0,0
"Lyons, Jackie",LOU,1886,Y,Home,2,4,3,0,0,0,1,0,0,0,0,0,0,0,0
"Lyons, Jackie",LOU,1886,Y,VS. LHP,1,2,0,0,0,0,0,0,1,0,0,0,0,0,0
"Lyons, Jackie",LOU,1886,Y,VS. RHP,3,8,3,0,0,0,0,0,3,0,0,0,0,0,0
"Makaras, Paul",LOU,1886,Y,Away,6,11,2,0,0,0,0,0,0,0,0,0,0,0,0
"Makaras, Paul",LOU,1886,Y,Home,1,5,0,0,0,0,0,0,1,0,0,0,0,0,0
"Makaras, Paul",LOU,1886,Y,VS. LHP,1,1,0,0,0,0,0,0,0,0,0,0,0,0,0
"Makaras, Paul",LOU,1886,Y,VS. RHP,4,15,2,0,0,0,0,0,1,0,0,0,0,0,0
"Mentzer, Jack",LOU,1886,Y,Away,4,6,2,0,0,0,1,0,1,0,0,0,0,0,0
"Mentzer, Jack",LOU,1886,Y,Home,7,25,3,0,0,0,1,0,2,0,0,1,0,0,0
"Mentzer, Jack",LOU,1886,Y,VS. LHP,2,4,1,0,0,0,0,0,0,0,0,0,0,0,0
"Mentzer, Jack",LOU,1886,Y,VS. RHP,8,27,4,0,0,0,0,0,3,0,0,0,0,0,0
"Pfeffer, Fred",LOU,1886,,Away,35,143,41,5,0,2,26,29,8,16,1,0,1,7,4
"Pfeffer, Fred",LOU,1886,,Home,32,119,36,2,2,1,15,16,7,7,0,0,0,1,2
"Pfeffer, Fred",LOU,1886,,VS. LHP,13,26,10,1,0,0,0,0,2,5,0,0,0,0,0
"Pfeffer, Fred",LOU,1886,,VS. RHP,62,236,67,6,2,3,0,0,13,18,0,0,0,0,0
"Poole, Vic",LOU,1886,Y,Away,2,0,0,0,0,0,0,0,0,0,0,0,0,0,0
"Roseman, Chief",LOU,1886,,Away,34,134,36,8,3,1,28,24,6,5,0,10,2,1,1
"Roseman, Chief",LOU,1886,,Home,32,112,28,5,0,1,16,9,4,7,0,16,0,1,0
"Roseman, Chief",LOU,1886,,VS. LHP,14,30,8,0,0,0,0,0,2,1,0,0,0,0,0
"Roseman, Chief",LOU,1886,,VS. RHP,64,216,56,13,3,2,0,0,8,11,0,0,0,0,0
"Strauss, Joe",LOU,1886,,Away,27,45,11,2,0,0,7,12,2,0,1,4,0,8,2
"Strauss, Joe",LOU,1886,,Home,13,19,2,0,0,0,1,5,1,0,0,2,1,1,1
"Strauss, Joe",LOU,1886,,VS. LHP,6,15,3,0,0,0,0,0,1,0,0,0,0,0,0
"Strauss, Joe",LOU,1886,,VS. RHP,19,49,10,2,0,0,0,0,2,0,0,0,0,0,0
"Vogelpohl, Jeremy",LOU,1886,Y,Away,20,63,16,4,4,1,16,9,5,5,2,0,1,2,1
"Vogelpohl, Jeremy",LOU,1886,Y,Home,5,17,4,1,2,0,4,3,1,1,0,0,1,0,0
"Vogelpohl, Jeremy",LOU,1886,Y,VS. LHP,6,8,1,0,1,0,0,0,1,2,0,0,0,0,0
"Vogelpohl, Jeremy",LOU,1886,Y,VS. RHP,22,72,19,5,5,1,0,0,5,4,0,0,0,0,0
"Welch, Mickey",LOU,1886,,Away,11,27,4,1,0,0,2,4,7,2,0,2,0,0,0
"Welch, Mickey",LOU,1886,,Home,10,21,5,0,0,0,0,2,2,1,0,3,0,0,0
"Welch, Mickey",LOU,1886,,VS. LHP,1,2,1,0,0,0,0,0,0,0,0,0,0,0,0
"Welch, Mickey",LOU,1886,,VS. RHP,20,46,8,1,0,0,0,0,9,3,0,0,0,0,0
"Werrick, Joe",LOU,1886,,Away,13,14,2,1,0,0,2,2,1,1,2,0,0,0,0
"Werrick, Joe",LOU,1886,,Home,1,1,1,0,0,0,2,0,0,0,0,0,0,0,0
"Werrick, Joe",LOU,1886,,VS. LHP,1,4,1,0,0,0,0,0,0,0,0,0,0,0,0
"Werrick, Joe",LOU,1886,,VS. RHP,7,11,2,1,0,0,0,0,1,1,0,0,0,0,0
"Whitaker, Norberto",LOU,1886,Y,Away,4,1,0,0,0,0,0,0,0,0,0,0,0,0,0
"Whitaker, Norberto",LOU,1886,Y,Home,9,0,0,0,0,0,0,0,0,0,0,0,0,0,0
"Whitaker, Norberto",LOU,1886,Y,VS. LHP,1,1,0,0,0,0,0,0,0,0,0,0,0,0,0
"White, Bill",LOU,1886,,Away,25,31,7,1,1,0,6,4,1,2,0,0,0,1,0
"White, Bill",LOU,1886,,Home,18,24,6,1,0,0,3,3,2,3,0,0,0,1,0
"White, Bill",LOU,1886,,VS. LHP,4,3,0,0,0,0,0,0,0,1,0,0,0,0,0
"White, Bill",LOU,1886,,VS. RHP,29,52,13,2,1,0,0,0,3,4,0,0,0,0,0
"Wykle, Jared",LOU,1886,Y,Away,4,6,1,0,0,0,0,1,0,0,0,0,0,0,0
"Wykle, Jared",LOU,1886,Y,Home,12,20,4,0,0,0,1,1,1,5,0,0,0,0,0
"Wykle, Jared",LOU,1886,Y,VS. LHP,1,1,0,0,0,0,0,0,0,0,0,0,0,0,0
"Wykle, Jared",LOU,1886,Y,VS. RHP,13,25,5,0,0,0,0,0,1,5,0,0,0,0,0
"Barr, Bob",NYG,1886,,Away,7,17,1,1,0,0,3,0,5,2,0,4,0,0,0
"Barr, Bob",NYG,1886,,Home,10,11,0,0,0,0,0,0,2,1,0,3,0,0,0
"Barr, Bob",NYG,1886,,VS. LHP,3,6,0,0,0,0,0,0,2,0,0,0,0,0,0
"Barr, Bob",NYG,1886,,VS. RHP,10,22,1,1,0,0,0,0,5,3,0,0,0,0,0
"Berry, Joseph",NYG,1886,Y,Away,5,0,0,0,0,0,0,0,0,0,0,0,0,0,0
"Berry, Joseph",NYG,1886,Y,Home,3,2,0,0,0,0,0,0,0,0,0,0,0,0,0
"Berry, Joseph",NYG,1886,Y,VS. RHP,2,2,0,0,0,0,0,0,0,0,0,0,0,0,0
"Brodrick, Jordan",NYG,1886,Y,Away,2,0,0,0,0,0,0,0,0,0,0,0,0,0,0
"Brodrick, Jordan",NYG,1886,Y,Home,2,0,0,0,0,0,0,0,0,0,0,0,0,0,0
"Burdock, Jack",NYG,1886,,Home,7,21,5,1,0,0,3,1,1,1,0,0,0,0,0
"Burdock, Jack",NYG,1886,,VS. LHP,1,1,0,0,0,0,0,0,0,0,0,0,0,0,0
"Burdock, Jack",NYG,1886,,VS. RHP,7,20,5,1,0,0,0,0,1,1,0,0,0,0,0
"Daily, Hugh",NYG,1886,,Away,7,3,1,0,0,0,0,0,1,0,0,0,0,0,0
"Daily, Ed",NYG,1886,,Away,8,21,6,1,0,0,0,3,0,0,0,2,0,1,1
"Daily, Ed",NYG,1886,,Home,12,22,2,0,0,0,1,4,2,1,0,3,0,1,0
"Daily, Hugh",NYG,1886,,Home,6,1,1,0,0,0,0,0,0,0,0,0,0,0,0
"Daily, Hugh",NYG,1886,,VS. LHP,1,1,1,0,0,0,0,0,0,0,0,0,0,0,0
"Daily, Ed",NYG,1886,,VS. LHP,3,9,3,0,0,0,0,0,0,0,0,0,0,0,0
"Daily, Ed",NYG,1886,,VS. RHP,16,34,5,1,0,0,0,0,2,1,0,0,0,0,0
"Daily, Hugh",NYG,1886,,VS. RHP,3,3,1,0,0,0,0,0,1,0,0,0,0,0,0
"Deasley, Pat",NYG,1886,,Away,10,15,3,0,0,0,0,0,1,0,0,1,0,0,0
"Deasley, Pat",NYG,1886,,Home,21,34,8,0,0,0,1,3,0,0,0,0,0,0,0
"Deasley, Pat",NYG,1886,,VS. LHP,5,17,5,0,0,0,0,0,0,0,0,0,0,0,0
"Deasley, Pat",NYG,1886,,VS. RHP,26,32,6,0,0,0,0,0,1,0,0,0,0,0,0
"Decker, Harry",NYG,1886,,Home,2,7,2,0,0,0,0,1,0,0,0,0,0,0,0
"Decker, Harry",NYG,1886,,VS. RHP,2,7,2,0,0,0,0,0,0,0,0,0,0,0,0
"Dorgan, Mike",NYG,1886,,Away,32,138,47,5,0,0,12,19,13,11,1,0,0,1,1
"Dorgan, Mike",NYG,1886,,Home,35,147,40,6,1,0,15,19,12,7,1,0,1,1,1
"Dorgan, Mike",NYG,1886,,VS. LHP,20,59,20,4,0,0,0,0,5,4,0,0,0,0,0
"Dorgan, Mike",NYG,1886,,VS. RHP,56,226,67,7,1,0,0,0,20,14,0,0,0,0,0
"Driskell, Barrett",NYG,1886,Y,Away,5,22,3,1,0,0,1,2,4,0,0,0,0,0,0
"Driskell, Barrett",NYG,1886,Y,Home,8,30,9,0,0,0,0,2,4,1,0,0,0,0,0
"Driskell, Barrett",NYG,1886,Y,VS. LHP,13,50,12,1,0,0,0,0,7,1,0,0,0,0,0
"Driskell, Barrett",NYG,1886,Y,VS. RHP,2,2,0,0,0,0,0,0,1,0,0,0,0,0,0
"Esterbrook, Dude",NYG,1886,,Away,32,139,43,3,2,0,19,19,7,1,1,0,1,7,4
"Esterbrook, Dude",NYG,1886,,Home,35,143,36,5,0,1,16,15,11,2,1,0,0,2,4
"Esterbrook, Dude",NYG,1886,,VS. LHP,23,68,18,0,0,1,0,0,6,0,0,0,0,0,0
"Esterbrook, Dude",NYG,1886,,VS. RHP,55,214,61,8,2,0,0,0,12,3,0,0,0,0,0
"Fitzgerald, William",NYG,1886,Y,Away,1,0,0,0,0,0,0,0,0,0,0,0,0,0,0
"Fitzgerald, William",NYG,1886,Y,Home,1,0,0,0,0,0,0,0,0,0,0,0,0,0,0
"Gillespie, Pete",NYG,1886,,Away,27,105,31,3,1,0,12,16,5,6,0,0,0,10,2
"Gillespie, Pete",NYG,1886,,Home,27,103,17,1,2,0,12,11,8,5,0,0,0,3,1
"Gillespie, Pete",NYG,1886,,VS. LHP,10,11,3,0,0,0,0,0,0,0,0,0,0,0,0
"Gillespie, Pete",NYG,1886,,VS. RHP,54,197,45,4,3,0,0,0,13,11,0,0,0,0,0
"Keefe, Tim",NYG,1886,,Away,17,45,7,2,0,0,4,6,10,4,1,5,0,0,0
"Keefe, Tim",NYG,1886,,Home,17,44,7,3,0,1,3,5,4,3,0,7,0,0,0
"Keefe, Tim",NYG,1886,,VS. LHP,11,25,4,1,0,0,0,0,2,1,0,0,0,0,0
"Keefe, Tim",NYG,1886,,VS. RHP,28,64,10,4,0,1,0,0,12,6,0,0,0,0,0
"Krieg, Bill",NYG,1886,,Away,4,4,1,0,0,0,0,0,0,0,0,0,0,0,0
"Krieg, Bill",NYG,1886,,Home,11,11,4,1,0,0,0,2,2,0,0,0,0,0,0
"Krieg, Bill",NYG,1886,,VS. LHP,2,2,0,0,0,0,0,0,1,0,0,0,0,0,0
"Krieg, Bill",NYG,1886,,VS. RHP,13,13,5,1,0,0,0,0,1,0,0,0,0,0,0
"Ledridge, Dallas",NYG,1886,Y,Away,5,22,4,0,0,0,3,2,0,1,0,0,0,0,0
"Ledridge, Dallas",NYG,1886,Y,Home,8,30,7,0,0,0,1,2,5,0,0,0,1,0,1
"Ledridge, Dallas",NYG,1886,Y,VS. LHP,13,51,11,0,0,0,0,0,5,1,0,0,0,0,0
"Ledridge, Dallas",NYG,1886,Y,VS. RHP,1,1,0,0,0,0,0,0,0,0,0,0,0,0,0
"McKinnon, Alex",NYG,1886,,Away,32,141,36,8,0,0,14,21,7,5,0,0,1,3,0
"McKinnon, Alex",NYG,1886,,Home,35,145,38,10,1,1,20,18,3,1,1,0,1,2,2
"McKinnon, Alex",NYG,1886,,VS. LHP,23,66,18,6,0,0,0,0,1,1,0,0,0,0,0
"McKinnon, Alex",NYG,1886,,VS. RHP,55,220,56,12,1,1,0,0,9,5,0,0,0,0,0
"Milligan, Jocko",NYG,1886,,Away,28,83,18,6,0,2,15,10,3,13,0,0,0,1,1
"Milligan, Jocko",NYG,1886,,Home,27,89,19,7,0,2,14,14,4,8,1,1,1,1,1
"Milligan, Jocko",NYG,1886,,VS. LHP,12,12,3,1,0,1,0,0,1,0,0,0,0,0,0
"Milligan, Jocko",NYG,1886,,VS. RHP,52,160,34,12,0,3,0,0,6,21,0,0,0,0,0
"O'Neill, Tip",NYG,1886,,Away,32,140,37,2,3,1,16,20,8,8,1,0,0,4,1
"O'Neill, Tip",NYG,1886,,Home,35,135,35,3,1,0,13,18,4,16,0,0,2,1,1
"O'Neill, Tip",NYG,1886,,VS. LHP,23,60,16,0,0,0,0,0,3,6,0,0,0,0,0
"O'Neill, Tip",NYG,1886,,VS. RHP,56,215,56,5,4,1,0,0,9,18,0,0,0,0,0
"Redmond, Jake",NYG,1886,Y,Away,9,2,0,0,0,0,0,0,1,0,0,0,0,0,0
"Redmond, Jake",NYG,1886,Y,Home,5,0,0,0,0,0,0,0,0,0,0,0,0,0,0
"Redmond, Jake",NYG,1886,Y,VS. LHP,1,1,0,0,0,0,0,0,1,0,0,0,0,0,0
"Redmond, Jake",NYG,1886,Y,VS. RHP,1,1,0,0,0,0,0,0,0,0,0,0,0,0,0
"Rowe, Dave",NYG,1886,,Away,27,106,19,5,2,0,15,6,12,3,1,0,1,0,0
"Rowe, Dave",NYG,1886,,Home,22,77,16,1,0,0,6,7,6,1,0,0,0,0,1
"Rowe, Dave",NYG,1886,,VS. LHP,6,6,1,0,0,0,0,0,1,0,0,0,0,0,0
"Rowe, Dave",NYG,1886,,VS. RHP,48,177,34,6,2,0,0,0,17,4,0,0,0,0,0
"Shaffer, John",NYG,1886,,Away,11,1,0,0,0,0,0,0,0,0,0,0,0,0,0
"Shaffer, John",NYG,1886,,Home,11,2,2,0,0,0,1,1,0,0,0,0,0,0,0
"Shaffer, John",NYG,1886,,VS. LHP,1,1,1,0,0,0,0,0,0,0,0,0,0,0,0
"Shaffer, John",NYG,1886,,VS. RHP,2,2,1,0,0,0,0,0,0,0,0,0,0,0,0
"Sharp, Bryce",NYG,1886,Y,Away,1,0,0,0,0,0,0,0,0,0,0,0,0,0,0
"Sharp, Bryce",NYG,1886,Y,Home,1,1,0,0,0,0,0,0,0,0,0,0,0,0,0
"Sharp, Bryce",NYG,1886,Y,VS. RHP,1,1,0,0,0,0,0,0,0,0,0,0,0,0,0
"Tate, Pop",NYG,1886,,Away,8,37,10,1,0,0,2,2,7,0,0,0,0,0,0
"Tate, Pop",NYG,1886,,Home,8,18,3,0,0,0,1,0,3,2,0,0,0,0,0
"Tate, Pop",NYG,1886,,VS. LHP,10,39,11,1,0,0,0,0,8,1,0,0,0,0,0
"Tate, Pop",NYG,1886,,VS. RHP,7,16,2,0,0,0,0,0,2,1,0,0,0,0,0
"Toole, Steve",NYG,1886,,Away,7,2,1,0,0,0,1,0,0,0,0,0,0,0,0
"Toole, Steve",NYG,1886,,Home,9,3,1,0,0,0,0,1,0,0,0,0,0,0,0
"Toole, Steve",NYG,1886,,VS. LHP,1,1,1,0,0,0,0,0,0,0,0,0,0,0,0
"Toole, Steve",NYG,1886,,VS. RHP,4,4,1,0,0,0,0,0,0,0,0,0,0,0,0
"Ward, John",NYG,1886,,Away,32,148,39,2,2,0,7,22,6,5,0,1,0,18,9
"Ward, John",NYG,1886,,Home,35,154,37,5,1,0,17,17,13,5,0,1,0,11,11
"Ward, John",NYG,1886,,VS. LHP,18,60,13,2,1,0,0,0,5,2,0,0,0,0,0
"Ward, John",NYG,1886,,VS. RHP,56,242,63,5,2,0,0,0,14,8,0,0,0,0,0
"Baker, Phil",PAT,1886,,Away,25,101,18,1,0,0,10,13,5,8,1,0,0,3,1
"Baker, Phil",PAT,1886,,Home,26,102,28,5,3,0,19,13,3,5,1,0,0,5,3
"Baker, Phil",PAT,1886,,VS. LHP,17,43,5,1,0,0,0,0,4,4,0,0,0,0,0
"Baker, Phil",PAT,1886,,VS. RHP,45,160,41,5,3,0,0,0,4,9,0,0,0,0,0
"Coleman, John",PAT,1886,,Away,35,147,41,10,2,1,24,23,5,8,0,0,0,10,2
"Coleman, John",PAT,1886,,Home,32,125,36,5,4,0,15,15,4,9,0,0,1,11,2
"Coleman, John",PAT,1886,,VS. LHP,17,48,12,2,1,1,0,0,2,4,0,0,0,0,0
"Coleman, John",PAT,1886,,VS. RHP,60,224,65,13,5,0,0,0,7,13,0,0,0,0,0
"Fennelly, Frank",PAT,1886,,Away,35,145,38,1,4,5,29,31,6,16,1,0,5,13,8
"Fennelly, Frank",PAT,1886,,Home,31,117,46,6,5,3,27,30,1,20,1,0,3,13,11
"Fennelly, Frank",PAT,1886,,VS. LHP,18,46,19,2,1,0,0,0,1,10,0,0,0,0,0
"Fennelly, Frank",PAT,1886,,VS. RHP,60,216,65,5,8,8,0,0,6,26,0,0,0,0,0
"Gladman, Buck",PAT,1886,,Away,15,32,2,0,0,0,2,2,0,2,2,3,0,1,0
"Gladman, Buck",PAT,1886,,Home,16,27,5,0,1,1,3,4,1,2,0,4,0,0,0
"Gladman, Buck",PAT,1886,,VS. LHP,6,14,1,0,0,0,0,0,0,3,0,0,0,0,0
"Gladman, Buck",PAT,1886,,VS. RHP,18,45,6,0,1,1,0,0,1,1,0,0,0,0,0
"Gleason, Jack",PAT,1886,,Away,25,76,17,4,3,1,11,9,3,7,3,6,4,2,2
"Gleason, Jack",PAT,1886,,Home,23,68,18,4,2,0,8,10,6,6,3,4,3,0,2
"Gleason, Jack",PAT,1886,,VS. LHP,11,28,8,1,2,0,0,0,1,3,0,0,0,0,0
"Gleason, Jack",PAT,1886,,VS. RHP,41,116,27,7,3,1,0,0,8,10,0,0,0,0,0
"Hardie, Lou",PAT,1886,,Away,3,6,1,0,0,0,1,2,2,1,0,0,0,0,0
"Hardie, Lou",PAT,1886,,Home,3,9,1,0,0,0,1,0,3,0,0,1,0,0,0
"Hardie, Lou",PAT,1886,,VS. LHP,1,4,0,0,0,0,0,0,1,0,0,0,0,0,0
"Hardie, Lou",PAT,1886,,VS. RHP,5,11,2,0,0,0,0,0,4,1,0,0,0,0,0
"Hart, Bill",PAT,1886,,Away,17,4,1,1,0,0,0,1,0,0,0,0,0,1,0
"Hart, Bill",PAT,1886,,Home,16,3,1,0,0,0,0,0,0,1,0,1,0,0,0
"Hart, Bill",PAT,1886,,VS. LHP,2,1,0,0,0,0,0,0,0,1,0,0,0,0,0
"Hart, Bill",PAT,1886,,VS. RHP,5,6,2,1,0,0,0,0,0,0,0,0,0,0,0
"Hofford, John",PAT,1886,,Away,8,1,0,0,0,0,0,0,0,0,0,0,0,0,0
"Hofford, John",PAT,1886,,Home,5,1,0,0,0,0,0,0,0,0,0,0,0,0,0
"Hofford, John",PAT,1886,,VS. LHP,1,1,0,0,0,0,0,0,0,0,0,0,0,0,0
"Hofford, John",PAT,1886,,VS. RHP,1,1,0,0,0,0,0,0,0,0,0,0,0,0,0
"Larkin, Henry",PAT,1886,,Away,35,156,54,7,5,0,21,38,7,16,0,0,1,17,8
"Larkin, Henry",PAT,1886,,Home,32,139,42,10,4,0,17,28,4,14,0,0,1,10,8
"Larkin, Henry",PAT,1886,,VS. LHP,19,57,12,3,0,0,0,0,1,7,0,0,0,0,0
"Larkin, Henry",PAT,1886,,VS. RHP,62,238,84,14,9,0,0,0,10,23,0,0,0,0,0
"Lyons, Denny",PAT,1886,,Away,21,15,3,0,0,0,4,6,0,1,0,1,1,0,0
"Lyons, Denny",PAT,1886,,Home,16,11,1,0,0,0,0,2,0,2,0,1,0,0,0
"Lyons, Denny",PAT,1886,,VS. LHP,5,5,0,0,0,0,0,0,0,0,0,0,0,0,0
"Lyons, Denny",PAT,1886,,VS. RHP,23,21,4,0,0,0,0,0,0,3,0,0,0,0,0
"Mathews, Bobby",PAT,1886,,Away,1,1,0,0,0,0,0,0,0,0,0,0,0,0,0
"Mathews, Bobby",PAT,1886,,Home,2,2,0,0,0,0,0,1,0,0,0,0,0,0,0
"Mathews, Bobby",PAT,1886,,VS. RHP,2,3,0,0,0,0,0,0,0,0,0,0,0,0,0
"McCormick, Jim",PAT,1886,,Away,16,42,14,2,0,1,7,6,4,0,1,3,0,0,0
"McCormick, Jim",PAT,1886,,Home,15,32,5,2,0,0,0,4,7,1,0,7,0,0,0
"McCormick, Jim",PAT,1886,,VS. LHP,5,13,4,0,0,0,0,0,1,0,0,0,0,0,0
"McCormick, Jim",PAT,1886,,VS. RHP,27,61,15,4,0,1,0,0,10,1,0,0,0,0,0
"Miller, Cyclone",PAT,1886,,Away,18,9,3,1,0,0,1,3,0,1,0,2,0,0,0
"Miller, Cyclone",PAT,1886,,Home,16,14,3,1,0,0,2,1,0,0,0,1,0,0,0
"Miller, Cyclone",PAT,1886,,VS. LHP,2,3,1,1,0,0,0,0,0,0,0,0,0,0,0
"Miller, Cyclone",PAT,1886,,VS. RHP,13,20,5,1,0,0,0,0,0,1,0,0,0,0,0
"Myers, Al",PAT,1886,,Away,34,158,41,7,2,0,33,17,11,4,2,0,0,0,0
"Myers, Al",PAT,1886,,Home,31,133,38,4,2,0,22,28,6,7,1,0,0,0,0
"Myers, Al",PAT,1886,,VS. LHP,19,57,19,3,0,0,0,0,3,3,0,0,0,0,0
"Myers, Al",PAT,1886,,VS. RHP,61,234,60,8,4,0,0,0,14,8,0,0,0,0,0
"O'Brien, Jack",PAT,1886,,Away,31,124,34,6,1,0,16,20,4,14,1,0,2,7,5
"O'Brien, Jack",PAT,1886,,Home,27,108,30,10,2,0,27,18,3,9,0,0,0,8,5
"O'Brien, Jack",PAT,1886,,VS. LHP,14,37,12,4,0,0,0,0,3,6,0,0,0,0,0
"O'Brien, Jack",PAT,1886,,VS. RHP,54,195,52,12,3,0,0,0,4,17,0,0,0,0,0
"Powell, Abner",PAT,1886,,Away,18,22,8,0,0,1,2,4,2,2,0,1,0,0,0
"Powell, Abner",PAT,1886,,Home,17,16,3,0,0,0,1,3,1,0,0,0,0,0,0
"Powell, Abner",PAT,1886,,VS. LHP,2,2,0,0,0,0,0,0,1,0,0,0,0,0,0
"Powell, Abner",PAT,1886,,VS. RHP,26,36,11,0,0,1,0,0,2,2,0,0,0,0,0
"Purcell, Blondie",PAT,1886,,Away,16,25,7,0,0,0,1,8,0,8,0,0,1,7,4
"Purcell, Blondie",PAT,1886,,Home,18,23,6,1,1,0,3,3,2,3,0,0,0,4,1
"Purcell, Blondie",PAT,1886,,VS. LHP,6,7,3,0,0,0,0,0,0,2,0,0,0,0,0
"Purcell, Blondie",PAT,1886,,VS. RHP,27,41,10,1,1,0,0,0,2,9,0,0,0,0,0
"Reipschlager, Charlie",PAT,1886,,Away,20,46,12,1,2,0,7,7,2,2,0,0,1,0,0
"Reipschlager, Charlie",PAT,1886,,Home,20,41,9,1,0,1,10,3,2,1,0,2,1,0,0
"Reipschlager, Charlie",PAT,1886,,VS. LHP,5,16,4,0,1,0,0,0,2,0,0,0,0,0,0
"Reipschlager, Charlie",PAT,1886,,VS. RHP,28,71,17,2,1,1,0,0,2,3,0,0,0,0,0
"Stovey, Harry",PAT,1886,,Away,32,137,29,7,0,5,19,31,7,19,1,0,2,22,7
"Stovey, Harry",PAT,1886,,Home,30,130,37,9,2,1,16,29,4,15,0,0,0,22,3
"Stovey, Harry",PAT,1886,,VS. LHP,18,49,13,5,0,1,0,0,3,11,0,0,0,0,0
"Stovey, Harry",PAT,1886,,VS. RHP,56,218,53,11,2,5,0,0,8,23,0,0,0,0,0
"Whitney, Jim",PAT,1886,,Away,17,51,13,1,0,0,9,4,6,3,0,8,0,0,0
"Whitney, Jim",PAT,1886,,Home,14,37,5,1,1,0,2,5,4,3,1,4,0,0,0
"Whitney, Jim",PAT,1886,,VS. LHP,8,22,5,0,0,0,0,0,4,0,0,0,0,0,0
"Whitney, Jim",PAT,1886,,VS. RHP,25,66,13,2,1,0,0,0,6,6,0,0,0,0,0
"Atkinson, Al",PHI,1886,,Away,7,0,0,0,0,0,0,0,0,0,0,0,0,0,0
"Atkinson, Al",PHI,1886,,Home,8,0,0,0,0,0,0,0,0,1,0,0,0,0,0
"Atkinson, Al",PHI,1886,,VS. RHP,1,0,0,0,0,0,0,0,0,1,0,0,0,0,0
"Broughton, Richard",PHI,1886,Y,Away,19,40,11,3,1,0,7,3,9,2,2,0,0,0,0
"Broughton, Richard",PHI,1886,Y,Home,15,30,6,0,0,0,0,3,5,0,0,0,0,0,0
"Broughton, Richard",PHI,1886,Y,VS. LHP,14,24,7,2,0,0,0,0,10,0,0,0,0,0,0
"Broughton, Richard",PHI,1886,Y,VS. RHP,16,46,10,1,1,0,0,0,4,2,0,0,0,0,0
"Buffinton, Charlie",PHI,1886,,Away,17,62,14,3,0,1,10,6,2,4,2,0,0,1,0
"Buffinton, Charlie",PHI,1886,,Home,13,47,13,2,1,0,3,5,1,2,0,0,0,2,0
"Buffinton, Charlie",PHI,1886,,VS. LHP,7,15,1,1,0,0,0,0,0,3,0,0,0,0,0
"Buffinton, Charlie",PHI,1886,,VS. RHP,25,94,26,4,1,1,0,0,3,3,0,0,0,0,0
"Cahill, John",PHI,1886,,Away,4,9,3,2,0,0,2,2,0,0,0,1,0,0,1
"Cahill, John",PHI,1886,,Home,10,22,4,0,0,0,5,2,1,1,0,2,0,1,0
"Cahill, John",PHI,1886,,VS. LHP,6,12,4,2,0,0,0,0,1,0,0,0,0,0,0
"Cahill, John",PHI,1886,,VS. RHP,7,19,3,0,0,0,0,0,0,1,0,0,0,0,0
"Crane, Sam",PHI,1886,,Away,4,2,0,0,0,0,0,0,0,0,0,1,0,0,0
"Crane, Sam",PHI,1886,,VS. RHP,2,2,0,0,0,0,0,0,0,0,0,0,0,0,0
"Dogg, Ricardo",PHI,1886,Y,Away,17,28,7,0,0,0,5,9,2,2,0,1,1,0,0
"Dogg, Ricardo",PHI,1886,Y,Home,23,11,2,0,0,0,0,0,1,0,0,1,0,0,0
"Dogg, Ricardo",PHI,1886,Y,VS. LHP,12,11,2,0,0,0,0,0,1,1,0,0,0,0,0
"Dogg, Ricardo",PHI,1886,Y,VS. RHP,12,28,7,0,0,0,0,0,2,1,0,0,0,0,0
"Drees, Matthew",PHI,1886,Y,Away,12,43,7,1,0,0,3,5,5,3,0,0,1,0,0
"Drees, Matthew",PHI,1886,Y,Home,15,54,22,1,0,1,11,8,4,8,0,0,0,0,0
"Drees, Matthew",PHI,1886,Y,VS. LHP,7,5,2,0,0,0,0,0,0,2,0,0,0,0,0
"Drees, Matthew",PHI,1886,Y,VS. RHP,25,92,27,2,0,1,0,0,9,9,0,0,0,0,0
"Dunlap, Fred",PHI,1886,,Away,32,135,35,2,1,2,19,19,12,9,1,4,2,6,2
"Dunlap, Fred",PHI,1886,,Home,35,128,31,6,0,1,14,23,13,18,1,6,0,4,4
"Dunlap, Fred",PHI,1886,,VS. LHP,21,57,18,3,0,2,0,0,3,4,0,0,0,0,0
"Dunlap, Fred",PHI,1886,,VS. RHP,56,206,48,5,1,1,0,0,22,23,0,0,0,0,0
"Ferguson, Charlie",PHI,1886,,Away,16,53,16,2,1,0,4,6,5,6,0,0,0,0,0
"Ferguson, Charlie",PHI,1886,,Home,18,54,15,1,0,0,8,7,4,7,1,0,0,0,0
"Ferguson, Charlie",PHI,1886,,VS. LHP,13,30,8,1,0,0,0,0,2,2,0,0,0,0,0
"Ferguson, Charlie",PHI,1886,,VS. RHP,27,77,23,2,1,0,0,0,7,11,0,0,0,0,0
"Flint, Silver",PHI,1886,,Away,4,0,0,0,0,0,0,0,0,0,0,0,0,0,0
"Flint, Silver",PHI,1886,,Home,4,9,2,0,0,0,1,0,1,0,0,1,0,0,0
"Flint, Silver",PHI,1886,,VS. RHP,3,9,2,0,0,0,0,0,1,0,0,0,0,0,0
"Fogarty, Jim",PHI,1886,,Away,21,97,28,7,2,3,16,22,6,8,2,0,0,7,4
"Fogarty, Jim",PHI,1886,,Home,23,88,29,3,2,1,13,20,7,17,2,0,0,13,7
"Fogarty, Jim",PHI,1886,,VS. LHP,19,52,15,5,0,0,0,0,5,7,0,0,0,0,0
"Fogarty, Jim",PHI,1886,,VS. RHP,35,133,42,5,4,4,0,0,8,18,0,0,0,0,0
"Foutz, Dave",PHI,1886,,Away,16,63,17,3,1,1,5,11,2,1,0,0,0,0,1
"Foutz, Dave",PHI,1886,,Home,17,52,15,5,1,0,8,3,2,0,1,0,0,0,0
"Foutz, Dave",PHI,1886,,VS. LHP,10,26,4,1,0,0,0,0,1,0,0,0,0,0,0
"Foutz, Dave",PHI,1886,,VS. RHP,27,89,28,7,2,1,0,0,3,1,0,0,0,0,0
"Fulmer, Chris",PHI,1886,,Away,26,75,17,1,1,0,9,15,6,10,0,12,1,11,5
"Fulmer, Chris",PHI,1886,,Home,22,67,16,0,0,0,8,9,1,9,1,4,1,8,4
"Fulmer, Chris",PHI,1886,,VS. LHP,18,42,13,0,0,0,0,0,1,4,0,0,0,0,0
"Fulmer, Chris",PHI,1886,,VS. RHP,35,100,20,1,1,0,0,0,6,15,0,0,0,0,0
"Greer, Ed",PHI,1886,,Away,17,17,3,0,1,0,1,4,0,1,0,6,1,1,0
"Greer, Ed",PHI,1886,,Home,23,18,3,1,0,0,5,5,2,1,1,4,0,4,0
"Greer, Ed",PHI,1886,,VS. LHP,5,8,1,0,0,0,0,0,0,1,0,0,0,0,0
"Greer, Ed",PHI,1886,,VS. RHP,13,27,5,1,1,0,0,0,2,1,0,0,0,0,0
"Handiboe, Jim",PHI,1886,,Away,14,4,1,0,0,0,0,1,0,0,0,0,0,0,0
"Handiboe, Jim",PHI,1886,,Home,19,7,1,0,0,0,1,0,1,0,0,1,0,0,0
"Handiboe, Jim",PHI,1886,,VS. RHP,10,11,2,0,0,0,0,0,1,0,0,0,0,0,0
"Holland, Cole",PHI,1886,Y,Away,20,34,7,0,0,1,2,3,1,1,0,3,0,1,0
"Holland, Cole",PHI,1886,Y,Home,22,51,11,2,2,0,3,3,1,1,0,4,0,1,0
"Holland, Cole",PHI,1886,Y,VS. LHP,11,10,1,0,1,0,0,0,0,1,0,0,0,0,0
"Holland, Cole",PHI,1886,Y,VS. RHP,27,75,17,2,1,1,0,0,2,1,0,0,0,0,0
"Manning, Jim",PHI,1886,,Away,17,14,2,1,0,0,0,4,2,0,0,2,0,5,0
"Manning, Jim",PHI,1886,,Home,17,12,1,0,0,0,1,6,1,1,0,0,0,4,0
"Manning, Jim",PHI,1886,,VS. LHP,7,9,1,0,0,0,0,0,2,0,0,0,0,0,0
"Manning, Jim",PHI,1886,,VS. RHP,9,17,2,1,0,0,0,0,1,1,0,0,0,0,0
"Markus, Ernie",PHI,1886,Y,Away,3,0,0,0,0,0,0,0,0,0,0,0,0,0,0
"Markus, Ernie",PHI,1886,Y,Home,2,0,0,0,0,0,0,0,0,0,0,0,0,0,0
"Morrill, John",PHI,1886,,Away,32,131,37,9,1,5,27,26,21,12,1,0,0,2,1
"Morrill, John",PHI,1886,,Home,35,126,30,7,1,1,17,21,22,17,2,0,0,1,2
"Morrill, John",PHI,1886,,VS. LHP,23,64,19,4,1,2,0,0,7,6,0,0,0,0,0
"Morrill, John",PHI,1886,,VS. RHP,56,193,48,12,1,4,0,0,36,23,0,0,0,0,0
"Mulvey, Joe",PHI,1886,,Away,25,76,21,2,1,0,8,11,8,1,0,0,0,5,2
"Mulvey, Joe",PHI,1886,,Home,25,75,13,3,0,0,8,10,4,5,0,0,0,9,2
"Mulvey, Joe",PHI,1886,,VS. LHP,19,57,16,2,1,0,0,0,5,3,0,0,0,0,0
"Mulvey, Joe",PHI,1886,,VS. RHP,30,94,18,3,0,0,0,0,7,3,0,0,0,0,0
"Nelson, Candy",PHI,1886,,Away,13,15,2,0,0,0,0,1,0,2,0,0,0,0,0
"Nelson, Candy",PHI,1886,,Home,17,27,4,0,0,0,7,2,0,4,0,3,0,0,0
"Nelson, Candy",PHI,1886,,VS. LHP,4,4,0,0,0,0,0,0,0,0,0,0,0,0,0
"Nelson, Candy",PHI,1886,,VS. RHP,22,38,6,0,0,0,0,0,0,6,0,0,0,0,0
"Orr, Dave",PHI,1886,,Away,32,136,47,4,4,7,35,30,7,10,2,0,2,4,0
"Orr, Dave",PHI,1886,,Home,35,134,44,5,2,2,19,23,3,15,0,0,2,3,4
"Orr, Dave",PHI,1886,,VS. LHP,23,65,22,2,2,1,0,0,4,1,0,0,0,0,0
"Orr, Dave",PHI,1886,,VS. RHP,56,205,69,7,4,8,0,0,6,24,0,0,0,0,0
"Sylvester, Lou",PHI,1886,,Away,17,38,9,2,0,0,4,5,2,7,0,0,0,0,0
"Sylvester, Lou",PHI,1886,,Home,13,25,4,0,0,0,3,3,1,3,0,3,1,0,0
"Sylvester, Lou",PHI,1886,,VS. LHP,13,25,6,0,0,0,0,0,1,3,0,0,0,0,0
"Sylvester, Lou",PHI,1886,,VS. RHP,15,38,7,2,0,0,0,0,2,7,0,0,0,0,0
"Thompson, Sam",PHI,1886,,Away,32,137,42,7,0,2,21,21,4,9,1,0,1,1,1
"Thompson, Sam",PHI,1886,,Home,35,141,42,3,4,3,20,28,7,14,0,0,0,1,6
"Thompson, Sam",PHI,1886,,VS. LHP,19,58,14,3,0,0,0,0,2,4,0,0,0,0,0
"Thompson, Sam",PHI,1886,,VS. RHP,56,220,70,7,4,5,0,0,9,19,0,0,0,0,0
"Titcomb, Cannonball",PHI,1886,,Away,1,0,0,0,0,0,0,0,0,0,0,0,0,0,0
"Titcomb, Cannonball",PHI,1886,,Home,2,1,0,0,0,0,0,0,1,0,0,0,0,0,0
"Titcomb, Cannonball",PHI,1886,,VS. LHP,1,1,0,0,0,0,0,0,1,0,0,0,0,0,0
"Wass, Brendan",PHI,1886,Y,Away,5,0,0,0,0,0,0,0,0,0,0,0,0,0,0
"Wass, Brendan",PHI,1886,Y,Home,7,0,0,0,0,0,0,0,0,0,0,0,0,0,0
"Welcome, Adam",PHI,1886,Y,Away,5,0,0,0,0,0,0,0,0,0,0,0,0,0,0
"Welcome, Adam",PHI,1886,Y,Home,8,1,1,0,0,0,0,0,0,0,0,0,0,0,0
"Welcome, Adam",PHI,1886,Y,VS. LHP,1,1,1,0,0,0,0,0,0,0,0,0,0,0,0
"Bairey, Shelby",PIT,1886,Y,Away,14,42,11,0,1,0,3,11,2,6,0,0,0,6,1
"Bairey, Shelby",PIT,1886,Y,Home,15,54,11,1,1,1,6,10,3,6,0,0,1,2,1
"Bairey, Shelby",PIT,1886,Y,VS. LHP,2,1,0,0,0,0,0,0,0,1,0,0,0,0,0
"Bairey, Shelby",PIT,1886,Y,VS. RHP,28,95,22,1,2,1,0,0,5,11,0,0,0,0,0
"Bierbauer, Lou",PIT,1886,,Away,35,141,35,6,2,1,10,21,7,6,0,6,0,9,6
"Bierbauer, Lou",PIT,1886,,Home,32,127,30,4,1,0,9,13,7,6,1,3,1,9,3
"Bierbauer, Lou",PIT,1886,,VS. LHP,15,49,11,1,0,0,0,0,2,4,0,0,0,0,0
"Bierbauer, Lou",PIT,1886,,VS. RHP,56,219,54,9,3,1,0,0,12,8,0,0,0,0,0
"Carroll, Fred",PIT,1886,,Away,35,112,26,7,2,1,13,10,8,12,1,0,0,0,1
"Carroll, Fred",PIT,1886,,Home,32,93,22,8,3,2,17,11,7,11,0,0,0,2,0
"Carroll, Fred",PIT,1886,,VS. LHP,15,52,16,4,1,1,0,0,2,4,0,0,0,0,0
"Carroll, Fred",PIT,1886,,VS. RHP,53,153,32,11,4,2,0,0,13,19,0,0,0,0,0
"Clements, Jack",PIT,1886,,Away,14,18,3,0,0,0,1,0,2,0,1,2,0,0,0
"Clements, Jack",PIT,1886,,Home,10,24,4,1,0,0,4,0,4,0,0,7,0,0,0
"Clements, Jack",PIT,1886,,VS. LHP,4,4,1,0,0,0,0,0,0,0,0,0,0,0,0
"Clements, Jack",PIT,1886,,VS. RHP,16,38,6,1,0,0,0,0,6,0,0,0,0,0,0
"Clemmons, Marques",PIT,1886,Y,Away,3,3,0,0,0,0,0,0,2,0,0,0,0,0,0
"Clemmons, Marques",PIT,1886,Y,Home,1,2,0,0,0,0,0,0,0,0,0,0,0,0,0
"Clemmons, Marques",PIT,1886,Y,VS. RHP,4,5,0,0,0,0,0,0,2,0,0,0,0,0,0
"Conway, Pete",PIT,1886,,Away,16,23,7,0,1,3,7,5,3,0,0,1,0,0,0
"Conway, Pete",PIT,1886,,Home,17,21,3,0,0,0,2,0,6,2,0,0,1,0,0
"Conway, Pete",PIT,1886,,VS. LHP,5,9,4,0,1,0,0,0,3,1,0,0,0,0,0
"Conway, Pete",PIT,1886,,VS. RHP,22,35,6,0,0,3,0,0,6,1,0,0,0,0,0
"Corkhill, Pop",PIT,1886,,Away,35,130,32,2,0,1,18,14,9,9,1,1,3,8,6
"Corkhill, Pop",PIT,1886,,Home,32,110,30,2,0,0,11,17,7,5,0,2,2,6,4
"Corkhill, Pop",PIT,1886,,VS. LHP,14,44,13,0,0,1,0,0,4,2,0,0,0,0,0
"Corkhill, Pop",PIT,1886,,VS. RHP,55,196,49,4,0,0,0,0,12,12,0,0,0,0,0
"Davis, Jumbo",PIT,1886,,Away,30,59,10,2,1,0,5,3,1,1,0,6,2,0,4
"Davis, Jumbo",PIT,1886,,Home,15,39,9,1,0,0,3,8,1,2,0,2,2,5,2
"Davis, Jumbo",PIT,1886,,VS. LHP,5,9,1,0,0,0,0,0,1,0,0,0,0,0,0
"Davis, Jumbo",PIT,1886,,VS. RHP,35,89,18,3,1,0,0,0,1,3,0,0,0,0,0
"Farrar, Sid",PIT,1886,,Away,34,133,34,9,0,0,12,18,10,6,3,0,1,3,7
"Farrar, Sid",PIT,1886,,Home,30,120,24,4,2,1,10,10,16,4,0,0,1,3,1
"Farrar, Sid",PIT,1886,,VS. LHP,16,53,16,6,1,0,0,0,8,4,0,0,0,0,0
"Farrar, Sid",PIT,1886,,VS. RHP,50,200,42,7,1,1,0,0,18,6,0,0,0,0,0
"Galvin, Pud",PIT,1886,,Away,19,48,18,1,0,1,6,8,2,1,0,0,0,1,1
"Galvin, Pud",PIT,1886,,Home,15,34,9,1,0,0,5,2,4,0,0,0,0,0,0
"Galvin, Pud",PIT,1886,,VS. LHP,7,18,9,0,0,1,0,0,0,0,0,0,0,0,0
"Galvin, Pud",PIT,1886,,VS. RHP,27,64,18,2,0,0,0,0,6,1,0,0,0,0,0
"Irwin, Arthur",PIT,1886,,Away,35,122,25,4,3,0,8,18,15,8,1,1,1,10,2
"Irwin, Arthur",PIT,1886,,Home,32,98,22,2,0,0,16,12,12,13,2,3,0,5,2
"Irwin, Arthur",PIT,1886,,VS. LHP,16,42,5,1,1,0,0,0,5,4,0,0,0,0,0
"Irwin, Arthur",PIT,1886,,VS. RHP,55,178,42,5,2,0,0,0,22,17,0,0,0,0,0
"Keeler, Alvaro",PIT,1886,Y,Away,2,1,0,0,0,0,0,0,0,0,0,0,0,0,0
"Keeler, Alvaro",PIT,1886,Y,Home,7,8,1,0,0,0,0,1,1,0,0,0,0,0,0
"Keeler, Alvaro",PIT,1886,Y,VS. LHP,1,1,0,0,0,0,0,0,0,0,0,0,0,0,0
"Keeler, Alvaro",PIT,1886,Y,VS. RHP,5,8,1,0,0,0,0,0,1,0,0,0,0,0,0
"King, Silver",PIT,1886,,Away,14,0,0,0,0,0,0,0,0,0,0,0,0,0,0
"King, Silver",PIT,1886,,Home,14,0,0,0,0,0,0,0,0,0,0,0,0,0,0
"Kuehne, Bill",PIT,1886,,Away,26,56,12,0,2,0,9,9,2,2,1,4,0,9,2
"Kuehne, Bill",PIT,1886,,Home,19,41,12,3,0,0,5,6,1,1,3,0,0,3,2
"Kuehne, Bill",PIT,1886,,VS. LHP,15,53,17,3,2,0,0,0,0,1,0,0,0,0,0
"Kuehne, Bill",PIT,1886,,VS. RHP,24,44,7,0,0,0,0,0,3,2,0,0,0,0,0
"Lalllathin, Richard",PIT,1886,Y,Away,6,0,0,0,0,0,0,0,0,0,0,0,0,0,0
"Lalllathin, Richard",PIT,1886,Y,Home,4,0,0,0,0,0,0,0,0,0,0,0,0,0,0
"Madigan, Tony",PIT,1886,,Away,13,3,0,0,0,0,0,0,0,0,0,1,0,0,0
"Madigan, Tony",PIT,1886,,Home,8,1,0,0,0,0,0,0,0,0,0,0,0,0,0
"Madigan, Tony",PIT,1886,,VS. RHP,4,4,0,0,0,0,0,0,0,0,0,0,0,0,0
"McGuire, Deacon",PIT,1886,,Away,14,16,4,1,0,1,7,3,3,1,1,1,0,0,0
"McGuire, Deacon",PIT,1886,,Home,12,9,1,0,0,0,0,0,1,2,0,0,0,0,0
"McGuire, Deacon",PIT,1886,,VS. LHP,9,9,1,0,0,0,0,0,2,0,0,0,0,0,0
"McGuire, Deacon",PIT,1886,,VS. RHP,16,16,4,1,0,1,0,0,2,3,0,0,0,0,0
"Miller, Doggie",PIT,1886,,Away,32,91,28,7,0,1,14,16,2,10,0,0,1,9,2
"Miller, Doggie",PIT,1886,,Home,30,70,13,3,0,1,9,9,1,13,1,1,0,4,6
"Miller, Doggie",PIT,1886,,VS. LHP,10,21,3,1,0,0,0,0,1,2,0,0,0,0,0
"Miller, Doggie",PIT,1886,,VS. RHP,48,140,38,9,0,2,0,0,2,21,0,0,0,0,0
"Murphy, Joe",PIT,1886,,Away,15,7,0,0,0,0,1,0,1,0,1,0,0,0,0
"Murphy, Joe",PIT,1886,,Home,14,2,0,0,0,0,0,0,0,0,0,0,0,0,0
"Murphy, Joe",PIT,1886,,VS. LHP,1,1,0,0,0,0,0,0,0,0,0,0,0,0,0
"Murphy, Joe",PIT,1886,,VS. RHP,8,8,0,0,0,0,0,0,1,0,0,0,0,0,0
"O'Day, Hank",PIT,1886,,Away,16,1,0,0,0,0,0,0,0,0,0,0,0,0,0
"O'Day, Hank",PIT,1886,,Home,16,0,0,0,0,0,0,0,0,0,0,0,0,0,0
"O'Day, Hank",PIT,1886,,VS. LHP,1,1,0,0,0,0,0,0,0,0,0,0,0,0,0
"Osburn, Brandon",PIT,1886,Y,Away,6,13,4,0,1,1,5,2,4,1,1,0,1,0,0
"Osburn, Brandon",PIT,1886,Y,Home,2,7,3,0,0,0,1,0,0,0,0,0,1,0,0
"Osburn, Brandon",PIT,1886,Y,VS. LHP,2,6,3,0,0,0,0,0,0,0,0,0,0,0,0
"Osburn, Brandon",PIT,1886,Y,VS. RHP,7,14,4,0,1,1,0,0,4,1,0,0,0,0,0
"Richardson, Danny",PIT,1886,,Away,32,38,13,3,0,0,3,5,5,1,0,0,0,3,1
"Richardson, Danny",PIT,1886,,Home,26,35,6,1,0,0,5,3,3,4,1,5,0,4,0
"Richardson, Danny",PIT,1886,,VS. LHP,17,35,11,1,0,0,0,0,5,1,0,0,0,0,0
"Richardson, Danny",PIT,1886,,VS. RHP,33,38,8,3,0,0,0,0,3,4,0,0,0,0,0
"Roeber, Toby",PIT,1886,Y,Away,12,1,0,0,0,0,0,0,1,0,0,0,0,0,0
"Roeber, Toby",PIT,1886,Y,Home,7,0,0,0,0,0,0,0,0,0,0,0,0,0,0
"Roeber, Toby",PIT,1886,Y,VS. RHP,1,1,0,0,0,0,0,0,1,0,0,0,0,0,0
"Saggio, Luis",PIT,1886,Y,Away,28,49,18,2,2,0,11,12,1,1,0,0,1,0,0
"Saggio, Luis",PIT,1886,Y,Home,28,47,10,1,2,0,1,7,6,5,0,0,0,0,1
"Saggio, Luis",PIT,1886,Y,VS. LHP,9,9,3,0,0,0,0,0,1,0,0,0,0,0,0
"Saggio, Luis",PIT,1886,Y,VS. RHP,45,87,25,3,4,0,0,0,6,6,0,0,0,0,0
"Schomberg, Otto",PIT,1886,,Away,31,65,21,1,2,0,12,6,4,17,0,0,0,0,2
"Schomberg, Otto",PIT,1886,,Home,30,63,22,4,3,0,3,9,5,8,0,0,0,1,0
"Schomberg, Otto",PIT,1886,,VS. LHP,14,12,4,0,1,0,0,0,1,2,0,0,0,0,0
"Schomberg, Otto",PIT,1886,,VS. RHP,50,116,39,5,4,0,0,0,8,23,0,0,0,0,0
"Scowden, Vern",PIT,1886,Y,Away,6,0,0,0,0,0,0,0,0,0,0,0,0,0,0
"Scowden, Vern",PIT,1886,Y,Home,9,0,0,0,0,0,0,0,0,0,0,0,0,0,0
"Seery, Emmett",PIT,1886,,Away,33,80,24,7,1,0,12,13,16,15,2,2,0,5,2
"Seery, Emmett",PIT,1886,,Home,31,73,14,1,2,0,9,10,14,10,0,5,0,2,2
"Seery, Emmett",PIT,1886,,VS. LHP,13,41,8,1,1,0,0,0,7,8,0,0,0,0,0
"Seery, Emmett",PIT,1886,,VS. RHP,52,112,30,7,2,0,0,0,23,17,0,0,0,0,0
"Singhi, Kurt",PIT,1886,Y,Away,9,4,0,0,0,0,1,0,2,0,0,0,0,0,0
"Singhi, Kurt",PIT,1886,Y,Home,3,1,0,0,0,0,0,0,0,0,0,0,0,0,0
"Singhi, Kurt",PIT,1886,Y,VS. RHP,4,5,0,0,0,0,0,0,2,0,0,0,0,0,0
"Smith, Elmer",PIT,1886,,Away,15,5,1,0,0,0,0,0,1,0,0,0,0,0,0
"Smith, Elmer",PIT,1886,,Home,15,6,1,0,0,0,1,2,1,1,0,0,0,0,0
"Smith, Elmer",PIT,1886,,VS. LHP,1,1,0,0,0,0,0,0,0,0,0,0,0,0,0
"Smith, Elmer",PIT,1886,,VS. RHP,8,10,2,0,0,0,0,0,2,1,0,0,0,0,0
"Barkley, Sam",STL,1886,,Away,32,85,22,7,3,0,16,13,2,15,1,0,0,2,1
"Barkley, Sam",STL,1886,,Home,34,87,19,3,2,0,13,13,0,8,0,1,1,1,2
"Barkley, Sam",STL,1886,,VS. LHP,11,12,2,0,0,0,0,0,0,1,0,0,0,0,0
"Barkley, Sam",STL,1886,,VS. RHP,60,160,39,10,5,0,0,0,2,22,0,0,0,0,0
"Brumbly, Steve",STL,1886,Y,Away,8,1,0,0,0,0,0,0,1,0,0,0,0,0,0
"Brumbly, Steve",STL,1886,Y,Home,6,1,0,0,0,0,0,0,1,0,0,0,0,0,0
"Brumbly, Steve",STL,1886,Y,VS. RHP,2,2,0,0,0,0,0,0,2,0,0,0,0,0,0
"Bushong, Doc",STL,1886,,Away,22,64,15,0,0,0,9,8,7,3,1,0,0,1,2
"Bushong, Doc",STL,1886,,Home,23,65,11,2,0,0,6,8,1,6,1,5,0,0,2
"Bushong, Doc",STL,1886,,VS. LHP,13,28,7,1,0,0,0,0,2,0,0,0,0,0,0
"Bushong, Doc",STL,1886,,VS. RHP,38,101,19,1,0,0,0,0,6,9,0,0,0,0,0
"Caruthers, Bob",STL,1886,,Away,13,38,11,0,3,0,3,8,3,9,0,0,0,0,0
"Caruthers, Bob",STL,1886,,Home,16,37,13,6,0,0,8,6,0,11,0,0,0,0,0
"Caruthers, Bob",STL,1886,,VS. LHP,6,10,2,0,0,0,0,0,0,3,0,0,0,0,0
"Caruthers, Bob",STL,1886,,VS. RHP,25,65,22,6,3,0,0,0,3,17,0,0,0,0,0
"Comiskey, Charlie",STL,1886,,Away,17,10,1,1,0,0,0,2,1,2,0,0,0,2,0
"Comiskey, Charlie",STL,1886,,Home,16,13,1,1,0,0,1,4,0,0,0,0,0,1,1
"Comiskey, Charlie",STL,1886,,VS. LHP,3,4,0,0,0,0,0,0,1,0,0,0,0,0,0
"Comiskey, Charlie",STL,1886,,VS. RHP,19,19,2,2,0,0,0,0,0,2,0,0,0,0,0
"Connor, Roger",STL,1886,,Away,32,132,55,8,6,1,31,33,2,14,1,0,1,2,1
"Connor, Roger",STL,1886,,Home,35,134,42,6,3,2,17,21,5,16,0,0,1,2,4
"Connor, Roger",STL,1886,,VS. LHP,14,35,21,2,2,2,0,0,1,4,0,0,0,0,0
"Connor, Roger",STL,1886,,VS. RHP,65,231,76,12,7,1,0,0,6,26,0,0,0,0,0
"Farrell, Joe",STL,1886,,Away,6,2,0,0,0,0,0,0,0,0,0,0,0,0,0
"Farrell, Joe",STL,1886,,Home,3,0,0,0,0,0,0,0,0,0,0,0,0,0,0
"Farrell, Joe",STL,1886,,VS. RHP,2,2,0,0,0,0,0,0,0,0,0,0,0,0,0
"Getzien, Charlie",STL,1886,,Away,9,3,0,0,0,0,0,0,0,0,0,0,0,0,0
"Getzien, Charlie",STL,1886,,Home,15,3,0,0,0,0,0,1,1,0,0,0,1,1,0
"Getzien, Charlie",STL,1886,,VS. LHP,1,1,0,0,0,0,0,0,0,0,0,0,0,0,0
"Getzien, Charlie",STL,1886,,VS. RHP,4,5,0,0,0,0,0,0,1,0,0,0,0,0,0
"Gore, George",STL,1886,,Away,32,135,60,9,5,4,27,50,3,24,0,0,3,4,4
"Gore, George",STL,1886,,Home,34,126,40,5,2,3,21,29,5,29,0,0,1,5,5
"Gore, George",STL,1886,,VS. LHP,17,31,6,1,0,0,0,0,2,9,0,0,0,0,0
"Gore, George",STL,1886,,VS. RHP,65,230,94,13,7,7,0,0,6,44,0,0,0,0,0
"Hudson, Nat",STL,1886,,Away,13,18,6,0,0,0,1,2,0,0,0,3,0,0,0
"Hudson, Nat",STL,1886,,Home,17,15,7,1,0,0,7,3,0,1,0,4,0,0,0
"Hudson, Nat",STL,1886,,VS. LHP,1,3,2,0,0,0,0,0,0,0,0,0,0,0,0
"Hudson, Nat",STL,1886,,VS. RHP,13,30,11,1,0,0,0,0,0,1,0,0,0,0,0
"Kerins, John",STL,1886,,Away,7,29,13,3,0,0,13,11,1,6,0,0,0,1,4
"Kerins, John",STL,1886,,Home,7,27,11,3,0,0,7,3,0,1,0,0,0,0,1
"Kerins, John",STL,1886,,VS. LHP,3,6,2,0,0,0,0,0,0,0,0,0,0,0,0
"Kerins, John",STL,1886,,VS. RHP,14,50,22,6,0,0,0,0,1,7,0,0,0,0,0
"Mountain, Frank",STL,1886,,Away,22,12,1,0,0,0,0,0,0,6,0,1,0,1,0
"Mountain, Frank",STL,1886,,Home,17,5,1,0,0,0,0,2,0,5,0,4,0,1,1
"Mountain, Frank",STL,1886,,VS. LHP,6,4,1,0,0,0,0,0,0,3,0,0,0,0,0
"Mountain, Frank",STL,1886,,VS. RHP,20,13,1,0,0,0,0,0,0,8,0,0,0,0,0
"Muldoon, Mike",STL,1886,,Away,13,7,2,0,0,0,3,1,0,3,0,2,0,1,0
"Muldoon, Mike",STL,1886,,Home,7,5,1,1,0,0,1,1,0,1,0,0,1,0,0
"Muldoon, Mike",STL,1886,,VS. LHP,1,0,0,0,0,0,0,0,0,1,0,0,0,0,0
"Muldoon, Mike",STL,1886,,VS. RHP,11,12,3,1,0,0,0,0,0,3,0,0,0,0,0
"Peoples, Jimmy",STL,1886,,Away,18,37,9,0,0,1,4,7,1,3,1,5,0,1,1
"Peoples, Jimmy",STL,1886,,Home,13,28,9,1,0,0,2,7,0,3,0,1,1,2,1
"Peoples, Jimmy",STL,1886,,VS. LHP,5,7,1,0,0,0,0,0,0,0,0,0,0,0,0
"Peoples, Jimmy",STL,1886,,VS. RHP,24,58,17,1,0,1,0,0,1,6,0,0,0,0,0
"Ramsey, Toad",STL,1886,,Away,14,49,11,1,0,2,8,7,1,1,0,7,0,0,0
"Ramsey, Toad",STL,1886,,Home,15,34,6,1,0,0,3,4,3,1,0,7,0,0,0
"Ramsey, Toad",STL,1886,,VS. LHP,5,8,1,0,0,0,0,0,0,0,0,0,0,0,0
"Ramsey, Toad",STL,1886,,VS. RHP,25,75,16,2,0,2,0,0,4,2,0,0,0,0,0
"Robinson, Wilbert",STL,1886,,Away,18,14,3,0,0,0,1,5,0,0,0,0,0,2,0
"Robinson, Yank",STL,1886,,Away,31,126,36,6,0,3,34,25,5,15,1,0,2,15,7
"Robinson, Yank",STL,1886,,Home,34,136,36,4,2,2,15,26,10,17,0,0,1,17,10
"Robinson, Wilbert",STL,1886,,Home,17,12,4,1,1,0,4,4,0,2,0,3,0,5,1
"Robinson, Wilbert",STL,1886,,VS. LHP,2,2,1,0,0,0,0,0,0,0,0,0,0,0,0
"Robinson, Yank",STL,1886,,VS. LHP,18,36,7,1,0,0,0,0,4,5,0,0,0,0,0
"Robinson, Yank",STL,1886,,VS. RHP,63,226,65,9,2,5,0,0,11,27,0,0,0,0,0
"Robinson, Wilbert",STL,1886,,VS. RHP,17,24,6,1,1,0,0,0,0,2,0,0,0,0,0
"Smith, Germany",STL,1886,,Away,23,48,13,1,3,0,13,6,1,1,2,4,0,2,0
"Smith, Germany",STL,1886,,Home,26,69,16,4,1,0,13,10,7,3,0,4,0,5,2
"Smith, Germany",STL,1886,,VS. LHP,11,27,8,0,1,0,0,0,1,2,0,0,0,0,0
"Smith, Germany",STL,1886,,VS. RHP,37,90,21,5,3,0,0,0,7,2,0,0,0,0,0
"Sullivan, Tom",STL,1886,,Away,5,0,0,0,0,0,0,0,0,0,0,0,0,0,0
"Sullivan, Tom",STL,1886,,Home,6,3,0,0,0,0,0,0,0,0,0,0,0,0,0
"Sullivan, Tom",STL,1886,,VS. LHP,2,2,0,0,0,0,0,0,0,0,0,0,0,0,0
"Sullivan, Tom",STL,1886,,VS. RHP,1,1,0,0,0,0,0,0,0,0,0,0,0,0,0
"Sutton, Ezra",STL,1886,,Away,32,142,34,3,0,2,31,26,4,12,1,0,0,8,1
"Sutton, Ezra",STL,1886,,Home,35,149,43,8,0,0,28,18,6,5,1,0,0,6,7
"Sutton, Ezra",STL,1886,,VS. LHP,20,35,13,3,0,0,0,0,0,4,0,0,0,0,0
"Sutton, Ezra",STL,1886,,VS. RHP,66,256,64,8,0,2,0,0,10,13,0,0,0,0,0
"Weise, Merv",STL,1886,Y,Away,2,0,0,0,0,0,0,0,0,0,0,0,0,0,0
"Weise, Merv",STL,1886,Y,Home,5,1,0,0,0,0,0,0,0,0,0,0,0,0,0
"Weise, Merv",STL,1886,Y,VS. LHP,1,1,0,0,0,0,0,0,0,0,0,0,0,0,0
"White, Deacon",STL,1886,,Away,32,147,45,5,0,1,16,31,4,10,1,0,2,0,1
"White, Deacon",STL,1886,,Home,35,136,44,5,1,0,16,19,8,15,2,0,0,0,1
"White, Deacon",STL,1886,,VS. LHP,17,30,6,0,0,0,0,0,3,6,0,0,0,0,0
"White, Deacon",STL,1886,,VS. RHP,65,253,83,10,1,1,0,0,9,19,0,0,0,0,0
"Wolf, Chicken",STL,1886,,Away,31,148,47,5,2,0,28,24,9,4,2,4,0,9,4
"Wolf, Chicken",STL,1886,,Home,34,141,46,4,3,1,21,32,8,12,0,0,1,8,8
"Wolf, Chicken",STL,1886,,VS. LHP,18,40,5,0,0,0,0,0,0,3,0,0,0,0,0
"Wolf, Chicken",STL,1886,,VS. RHP,65,249,88,9,5,1,0,0,17,13,0,0,0,0,0
"Zubov, Sergei",STL,1886,Y,Home,1,1,0,0,0,0,0,0,0,0,0,0,0,0,0
"Zubov, Sergei",STL,1886,Y,VS. RHP,1,1,0,0,0,0,0,0,0,0,0,0,0,0,0
