Player,Team,SN,Prospect,G,AB,PA,H,Doubles,Triples,HR,RBI,RBI 2 Outs,R,SO,BB,HBP,SF,SH,SB,CS,LOB,NP,GB,FB,WIS-WAR,Clutch,XBH%,XBH/H%,Bases/Hit,eBA,K%,BB%,FB/HR,Pitches/HR,RBI%
"Baldwin, Lady",CLV,1886,,31,85,102,21,3,2,0,9,6,15,6,11,0,0,6,0,0,40,317,43,21,0.33,36.8,5.9,23.8,1.333,0.314,5.9,10.8,,,18.4
"Bennett, Charlie",CLV,1886,,46,158,194,35,7,1,1,15,3,20,20,35,0,1,0,1,0,77,660,44,60,0.87,13.1,5.7,25.7,1.343,0.363,10.3,18,60,660,16.3
"Briody, Fatty",CLV,1886,,32,56,59,14,1,0,0,4,1,6,4,1,1,1,0,0,0,34,181,12,27,-0.17,8.9,1.8,7.1,1.071,0.276,6.8,1.7,,,10.5
"Carroll, Cliff",CLV,1886,,67,247,286,51,6,1,1,35,11,30,14,36,0,2,1,0,0,142,913,92,93,0.56,24.8,3.2,15.7,1.216,0.306,4.9,12.6,93,913,19.8
"Casey, Dan",CLV,1886,,21,22,23,3,1,0,0,0,0,1,4,0,0,0,1,0,0,9,69,4,12,-0.18,-8.2,4.5,33.3,1.333,0.13,17.4,0,,,0
"Fogel, Adam",CLV,1886,Y,1,0,0,0,0,0,0,0,0,0,0,0,0,0,0,0,0,0,0,0,0,0,,,,,,,,,,
"Gilmore, Frank",CLV,1886,,15,2,2,0,0,0,0,0,0,0,1,0,0,0,0,0,0,2,6,1,0,-0.03,-20,0,,,0,50,0,,,0
"Kennedy, Ted",CLV,1886,,4,0,0,0,0,0,0,0,0,0,0,0,0,0,0,0,0,0,0,0,0,0,,,,,,,,,,
"Lillie, Jim",CLV,1886,,19,7,11,1,0,0,0,0,0,0,0,1,0,0,3,0,1,5,35,6,3,-0.07,-14.3,0,0,1,0.182,0,9.1,,,0
"Macullar, Jimmy",CLV,1886,,21,19,20,7,2,0,0,3,1,5,0,1,0,0,0,1,0,8,62,5,7,0.19,21.1,10.5,28.6,1.286,0.4,0,5,,,27.3
"Manning, Jack",CLV,1886,,66,257,288,54,8,3,0,32,14,31,16,26,1,4,0,0,0,152,898,82,109,0.26,27.8,4.3,20.4,1.259,0.285,5.6,9,,,17.4
"McGarr, Chippy",CLV,1886,,35,163,171,53,5,1,2,15,11,23,4,7,1,0,0,1,3,52,515,59,47,0.54,38.8,4.9,15.1,1.245,0.357,2.3,4.1,23.5,257.5,22.4
"McLaughlin, Tom",CLV,1886,,21,6,6,1,0,0,0,0,0,1,0,0,0,0,0,0,0,8,19,3,2,-0.06,-26.7,0,0,1,0.167,0,0,,,0
"McQuery, Mox",CLV,1886,,67,284,319,65,9,4,2,34,18,33,39,32,0,3,0,3,0,167,1045,79,104,0.94,30.4,5.3,23.1,1.354,0.307,12.2,10,52,522.5,16.9
"Morris, Ed",CLV,1886,,30,97,111,27,2,1,1,10,6,15,2,3,1,0,10,1,0,49,335,41,37,0.17,31,4.1,14.8,1.259,0.279,1.8,2.7,37,335,16.9
"Richardson, Hardy",CLV,1886,,67,298,327,106,16,3,11,54,13,61,11,28,0,1,0,2,0,118,1064,119,63,4.05,19.4,10.1,28.3,1.519,0.411,3.4,8.6,5.73,96.7,31.4
"Rowe, Jack",CLV,1886,,56,256,272,68,13,4,3,39,18,36,11,14,1,1,0,1,0,100,830,110,67,1.35,32.5,7.8,29.4,1.441,0.306,4,5.1,22.33,276.7,28.1
"Sams, Tanner",CLV,1886,Y,1,0,0,0,0,0,0,0,0,0,0,0,0,0,0,0,0,0,0,0,0,0,,,,,,,,,,
"Shaw, Dupee",CLV,1886,,27,9,10,1,0,0,0,0,0,0,3,0,0,0,1,0,0,5,29,2,4,-0.1,-11.1,0,0,1,0.1,30,0,,,0
"Shearer, Jeffrey",CLV,1886,Y,1,0,0,0,0,0,0,0,0,0,0,0,0,0,0,0,0,0,0,0,0,0,,,,,,,,,,
"Twitchell, Larry",CLV,1886,,1,0,0,0,0,0,0,0,0,0,0,0,0,0,0,0,0,0,0,0,0,0,,,,,,,,,,
"Whitney, Art",CLV,1886,,67,275,300,70,8,1,2,36,12,40,9,22,2,1,0,2,0,140,917,109,87,0.69,21.9,4,15.7,1.229,0.314,3,7.3,43.5,458.5,20.5
"Wood, George",CLV,1886,,67,292,320,77,10,5,0,35,13,46,51,24,1,3,0,1,0,153,1081,102,64,0.83,21.7,5.1,19.5,1.26,0.322,15.9,7.5,,,18.6
"Carpenter, Hick",BLN,1886,,65,271,282,56,4,1,0,34,9,23,14,6,2,1,2,6,4,147,800,99,105,-0.8,20.6,1.8,8.9,1.107,0.228,5,2.1,,,18.8
"Corcoran, Larry",BLN,1886,,7,3,5,1,1,0,0,0,0,1,0,1,0,0,1,0,0,1,15,3,0,0.07,-6.7,33.3,100,2,0.4,0,20,,,0
"Farrell, Jack",BLN,1886,,30,26,30,7,1,1,0,4,2,7,0,2,0,0,2,0,0,11,93,15,6,0.15,33.7,7.7,28.6,1.429,0.3,0,6.7,,,26.7
"Gerhardt, Joe",BLN,1886,,1,5,5,0,0,0,0,0,0,0,0,0,0,0,0,0,0,2,15,2,3,-0.08,-8,0,,,0,0,0,,,0
"Hanlon, Ned",BLN,1886,,67,256,294,58,6,2,3,38,16,35,17,33,0,5,0,41,9,154,922,90,96,1.56,28.7,4.3,19,1.328,0.315,5.8,11.2,32,307.3,19.8
"Henderson, Hardie",BLN,1886,,35,16,17,7,1,0,1,2,2,2,0,1,0,0,0,0,0,3,52,2,7,0.28,54.8,12.5,28.6,1.571,0.471,0,5.9,7,52,40
"Holbert, Bill",BLN,1886,,5,14,15,4,1,0,0,0,0,1,2,1,0,0,0,0,0,6,49,2,6,0.01,-8.6,7.1,25,1.25,0.333,13.3,6.7,,,0
"Houck, Sadie",BLN,1886,,67,259,272,58,5,0,4,17,2,24,6,1,2,2,8,14,10,118,760,110,93,-0.61,5.6,3.5,15.5,1.293,0.226,2.2,0.4,23.25,190,12.6
"Johnston, Dick",BLN,1886,,66,275,282,72,10,9,2,41,17,32,35,2,1,4,0,5,8,111,831,92,80,0.84,29.7,7.6,29.2,1.472,0.27,12.4,0.7,40,415.5,27
"Kerins, John",BLN,1886,,51,201,229,68,9,1,6,33,6,32,9,25,2,1,0,14,12,90,740,62,63,2.23,14.7,8,23.5,1.426,0.417,3.9,10.9,10.5,123.3,26.8
"Mack, Reddy",BLN,1886,,66,265,318,64,11,4,2,33,10,51,14,47,3,0,3,7,4,108,995,93,97,1.67,22.5,6.4,26.6,1.391,0.358,4.4,14.8,48.5,497.5,23.4
"McKeon, Larry",BLN,1886,,39,10,10,3,1,0,0,0,0,2,1,0,0,0,0,0,0,6,29,3,3,0.01,-12,10,33.3,1.333,0.3,10,0,,,0
"Mullane, Tony",BLN,1886,,34,98,114,28,4,2,0,9,9,13,5,2,1,0,13,1,2,39,336,52,25,0.12,51.7,6.1,21.4,1.286,0.272,4.4,1.8,,,18.8
"Myers, George",BLN,1886,,9,10,15,1,0,0,0,0,0,1,0,3,0,0,2,0,1,5,43,4,7,-0.06,-10,0,0,1,0.267,0,20,,,0
"Nicol, Hugh",BLN,1886,,7,5,5,2,0,0,0,0,0,0,0,0,0,0,0,0,0,1,17,2,1,-0.01,-4,0,0,1,0.4,0,0,,,0
"Porter, Henry",BLN,1886,,33,79,93,16,2,0,0,6,5,10,4,1,1,1,11,1,0,31,257,36,35,-0.33,45.1,2.5,12.5,1.125,0.196,4.3,1.1,,,16.2
"Robinson, Wilbert",BLN,1886,,13,50,55,9,3,0,0,6,3,13,0,4,1,0,0,10,0,23,166,16,24,0.19,35.8,6,33.3,1.333,0.255,0,7.3,,,20.7
"Scott, Milt",BLN,1886,,23,25,28,7,2,0,0,4,4,3,3,1,0,0,2,0,1,11,89,8,9,0.07,58.3,8,28.6,1.286,0.286,10.7,3.6,,,26.7
"Terry, Adonis",BLN,1886,,19,7,7,4,1,0,0,1,1,3,0,0,0,0,0,1,0,0,19,2,1,0.13,57.5,14.3,25,1.25,0.571,0,0,,,
"Welch, Curt",BLN,1886,,67,307,328,93,15,4,3,31,14,58,6,13,4,4,0,60,23,94,943,119,88,1.82,26.5,7.2,23.7,1.344,0.34,1.8,4,29.33,314.3,24.8
"Wise, Sam",BLN,1886,,64,254,287,76,12,9,4,52,13,50,34,27,2,3,1,25,15,110,943,93,54,2.89,24.4,9.8,32.9,1.553,0.37,11.8,9.4,13.5,235.8,32.1
"Andrews, Ed",BSN,1886,,60,207,243,52,10,2,1,21,10,39,15,9,1,0,26,37,7,80,738,96,70,0.84,28.2,6.3,25,1.327,0.255,6.2,3.7,70,738,20.8
"Baldwin, Kid",BSN,1886,,28,77,89,18,1,0,0,12,8,4,4,1,0,2,9,1,2,36,264,39,27,-0.19,44,1.3,5.6,1.056,0.218,4.5,1.1,,,25
"Brouthers, Dan",BSN,1886,,67,271,313,97,21,6,1,46,15,45,10,42,0,0,0,11,11,82,1059,95,69,3.3,24.5,10.3,28.9,1.371,0.444,3.2,13.4,69,1059,35.9
"Couch, Jack",BSN,1886,Y,18,72,82,19,1,2,0,7,5,9,5,5,1,0,4,0,0,24,257,38,14,0.12,40.1,4.2,15.8,1.263,0.305,6.1,6.1,,,22.6
"Force, Davy",BSN,1886,,42,100,124,22,3,0,0,11,8,11,10,10,1,0,13,6,2,55,380,39,42,0.06,40.4,3,13.6,1.136,0.266,8.1,8.1,,,16.7
"Foster, Elmer",BSN,1886,,29,57,63,13,0,0,0,8,2,8,3,2,0,0,4,2,1,34,179,16,29,-0.13,19,0,0,1,0.238,4.8,3.2,,,19
"Fryman, Joseph",BSN,1886,Y,19,81,87,24,4,1,1,10,4,13,14,4,1,1,0,0,2,29,286,21,23,0.36,25.3,7.4,25,1.375,0.337,16.1,4.6,23,286,25.6
"Hecker, Guy",BSN,1886,,34,101,113,46,6,0,1,16,4,16,4,11,1,0,0,0,1,30,349,34,17,1.24,17,6.9,15.2,1.196,0.513,3.5,9.7,17,349,34.8
"Henry, John",BSN,1886,,10,0,0,0,0,0,0,0,0,0,0,0,0,0,0,0,0,0,0,0,0,0,,,,,,,,,,
"Hines, Paul",BSN,1886,,67,264,300,74,8,3,3,40,12,42,14,35,1,0,0,9,9,133,937,101,74,1.65,21.1,5.3,18.9,1.311,0.367,4.7,11.7,24.67,312.3,23.1
"Hoover, Buster",BSN,1886,,29,18,21,3,1,0,1,3,0,2,1,2,0,0,1,1,0,16,67,8,7,0.18,12.2,11.1,66.7,2.333,0.238,4.8,9.5,7,67,15.8
"Keefe, George",BSN,1886,,20,0,0,0,0,0,0,0,0,0,0,0,0,0,0,0,0,0,0,0,0,0,,,,,,,,,,
"Kirby, John",BSN,1886,,51,15,17,3,0,0,0,0,0,2,4,0,0,0,2,0,0,3,51,8,2,-0.12,-4,0,0,1,0.176,23.5,0,,,0
"Meister, John",BSN,1886,,37,106,114,31,2,1,0,14,7,8,8,3,0,2,3,1,0,52,330,33,39,0.14,28.7,2.8,9.7,1.129,0.304,7,2.6,,,21.2
"Nash, Billy",BSN,1886,,61,206,221,56,8,3,0,29,16,22,11,12,2,1,0,2,9,90,684,86,54,0.37,34.4,5.3,19.6,1.25,0.318,5,5.4,,,24.4
"O'Rourke, Jim",BSN,1886,,67,255,294,63,15,2,1,30,9,40,8,35,0,4,0,7,7,102,969,108,79,1.16,21.3,7.1,28.6,1.349,0.338,2.7,11.9,79,969,22.7
"Poorman, Tom",BSN,1886,,61,200,228,54,10,3,1,29,9,38,38,17,2,3,6,24,13,96,752,66,51,1.1,22,7,25.9,1.352,0.324,16.7,7.5,51,752,23.2
"Smith, Pop",BSN,1886,,67,213,267,50,10,0,2,25,14,33,12,19,2,2,31,25,14,109,782,107,76,0.61,32.8,5.6,24,1.32,0.268,4.5,7.1,38,391,18.7
"Sowders, Len",BSN,1886,,45,40,44,12,2,1,0,4,1,9,1,4,0,0,0,1,1,19,139,17,10,0.21,13,7.5,25,1.333,0.364,2.3,9.1,,,17.4
"Stemmeyer, Bill",BSN,1886,,33,81,88,26,2,0,1,17,7,12,4,6,0,1,0,0,0,31,280,31,21,0.54,32.5,3.7,11.5,1.192,0.368,4.5,6.8,21,280,35.4
"Sweeney, Charlie",BSN,1886,,14,8,8,1,1,0,0,0,0,1,0,0,0,0,0,0,0,2,23,4,3,-0.04,-5,12.5,100,2,0.125,0,0,,,0
"Taylor, Billy",BSN,1886,,15,3,3,1,0,0,0,1,1,0,1,0,0,0,0,0,0,1,11,0,1,0.02,73.3,0,0,1,0.333,33.3,0,,,50
"Tuck, Trevor",BSN,1886,Y,5,0,0,0,0,0,0,0,0,0,0,0,0,0,0,0,0,0,0,0,0,0,,,,,,,,,,
"Bassett, Charley",BRO,1886,,61,84,95,24,3,2,0,5,2,5,7,11,0,0,0,0,0,29,322,30,23,0.35,19.3,6,20.8,1.292,0.368,7.4,11.6,,,14.7
"Clark, Bob",BRO,1886,,12,20,23,3,0,0,0,1,0,4,0,3,0,0,0,1,1,16,72,8,9,-0.09,-6,0,0,1,0.261,0,13,,,5.9
"Collins, Hub",BRO,1886,,34,35,37,9,2,0,0,7,3,8,1,2,0,0,0,2,2,24,115,15,10,0.11,31,5.7,22.2,1.222,0.297,2.7,5.4,,,22.6
"Cook, Paul",BRO,1886,,43,145,151,33,2,0,0,12,6,12,5,5,0,0,1,1,3,77,446,48,60,-0.54,25.3,1.4,6.1,1.061,0.252,3.3,3.3,,,13.5
"Dumars, Titus",BRO,1886,Y,11,8,12,3,1,0,0,0,0,1,0,3,1,0,0,0,0,4,39,4,1,0.13,-10,12.5,33.3,1.333,0.583,0,25,,,0
"Dunn, Rich",BRO,1886,Y,19,3,3,0,0,0,0,0,0,0,2,0,0,0,0,0,0,1,10,1,0,-0.05,-6.7,0,,,0,66.7,0,,,0
"Ely, Bones",BRO,1886,,21,3,3,0,0,0,0,0,0,0,0,0,0,0,0,0,0,1,7,1,2,-0.05,-6.7,0,,,0,0,0,,,0
"Feeger, Wallace",BRO,1886,Y,25,51,55,10,0,1,0,2,0,7,0,2,1,0,1,3,2,25,166,16,26,-0.23,-3.8,2,10,1.2,0.236,0,3.6,,,7.4
"Forster, Tom",BRO,1886,,46,129,153,26,3,0,0,10,8,12,8,8,1,1,14,4,4,54,452,59,51,-0.43,43.2,2.3,11.5,1.115,0.23,5.2,5.2,,,15.6
"Gleason, Bill",BRO,1886,,64,281,306,80,12,2,1,27,15,45,15,22,1,2,0,14,16,99,947,104,83,0.62,30.9,5.3,18.8,1.237,0.339,4.9,7.2,83,947,21.4
"Grimm, Lloyd",BRO,1886,Y,4,1,1,0,0,0,0,0,0,0,0,0,0,0,0,0,0,0,3,0,1,-0.02,0,0,,,0,0,0,,,
"Hobson, Ryan",BRO,1886,Y,45,36,45,8,1,0,0,2,0,7,11,8,1,0,0,0,0,17,157,11,6,0.08,-1.9,2.8,12.5,1.125,0.378,24.4,17.8,,,10.5
"Hollman, Corey",BRO,1886,Y,13,5,5,0,0,0,0,0,0,0,3,0,0,0,0,0,0,2,17,0,2,-0.08,-8,0,,,0,60,0,,,0
"Huey, John",BRO,1886,Y,24,8,9,0,0,0,0,0,0,0,2,0,0,0,1,0,0,6,25,3,3,-0.12,-15,0,,,0,22.2,0,,,0
"Keenan, Jim",BRO,1886,,41,77,89,22,0,0,2,13,6,14,3,11,1,0,0,0,0,31,297,30,22,0.55,32.8,2.6,9.1,1.273,0.382,3.4,12.4,11,148.5,29.5
"Knowles, Jimmy",BRO,1886,,66,241,282,52,7,3,0,25,10,23,31,14,0,1,26,6,11,143,852,97,86,-0.37,22.6,4.1,19.2,1.25,0.235,11,5,,,14.9
"Mays, Al",BRO,1886,,26,57,74,8,1,1,0,6,5,1,1,2,1,1,13,0,0,18,218,28,34,-0.24,57.9,3.5,25,1.375,0.151,1.4,2.7,,,25
"McGinnis, Jumbo",BRO,1886,,24,50,56,15,7,0,0,7,4,4,2,0,1,0,5,0,0,30,162,15,23,0.3,30.6,14,46.7,1.467,0.286,3.6,0,,,18.9
"McTamany, Jim",BRO,1886,,55,204,241,50,9,1,0,25,5,27,11,34,2,1,0,9,5,102,752,74,70,0.9,15,4.9,20,1.22,0.358,4.6,14.1,,,19.7
"Pechiney, George",BRO,1886,,33,55,56,9,1,0,0,2,1,6,3,0,1,0,0,0,0,28,161,16,27,-0.41,21.5,1.8,11.1,1.111,0.179,5.4,0,,,6.7
"Pinkney, George",BRO,1886,,67,276,306,88,11,5,0,46,26,38,13,28,1,1,0,16,11,116,927,92,84,1.87,35.5,5.8,18.2,1.239,0.384,4.2,9.2,,,28.4
"Radford, Paul",BRO,1886,,67,219,303,66,6,1,0,22,9,34,17,33,0,0,51,25,16,83,934,130,57,0.97,22.9,3.2,10.6,1.121,0.327,5.6,10.9,,,21
"Shoch, George",BRO,1886,,26,55,56,23,1,0,0,9,4,2,2,1,0,0,0,0,0,26,166,21,9,0.29,24.5,1.8,4.3,1.043,0.429,3.6,1.8,,,25.7
"Smith, Phenomenal",BRO,1886,,11,1,1,0,0,0,0,0,0,0,1,0,0,0,0,0,0,2,3,0,0,-0.02,-40,0,,,0,100,0,,,0
"Start, Joe",BRO,1886,,32,50,53,10,1,0,0,0,0,4,8,2,0,0,1,2,0,39,162,14,19,-0.25,-15.6,2,10,1.1,0.226,15.1,3.8,,,0
"Swartwood, Ed",BRO,1886,,58,215,266,68,3,2,5,36,12,39,8,48,1,2,0,17,17,111,857,83,57,2.34,22.2,4.7,14.7,1.324,0.443,3,18,11.4,171.4,24.5
"Traffley, Bill",BRO,1886,,25,37,42,8,0,0,1,1,0,5,1,5,0,0,0,1,1,21,130,18,10,0.03,-7.6,2.7,12.5,1.375,0.31,2.4,11.9,10,130,4.5
"Vieth, Brett",BRO,1886,Y,11,1,1,0,0,0,0,0,0,0,1,0,0,0,0,0,0,0,3,0,0,-0.02,0,0,,,0,100,0,,,
"Wasson, Mark",BRO,1886,Y,6,2,2,0,0,0,0,0,0,0,0,0,0,0,0,0,0,0,6,2,0,-0.03,0,0,,,0,0,0,,,
"Anson, Cap",CHC,1886,,67,283,325,106,16,10,3,73,16,53,10,37,2,3,0,14,14,132,1052,109,61,4.28,22.3,10.2,27.4,1.425,0.45,3.1,11.4,20.33,350.7,35.6
"Burns, Tom",CHC,1886,,64,258,279,77,14,2,1,44,15,42,16,14,3,2,2,9,3,118,857,97,69,1.44,25,6.6,22.1,1.273,0.339,5.7,5,69,857,27.2
"Clarkson, John",CHC,1886,,34,113,119,33,3,0,4,19,4,14,18,0,0,0,6,0,0,56,364,33,35,0.65,17.9,6.2,21.2,1.455,0.277,15.1,0,8.75,91,25.3
"Crowley, Aaron",CHC,1886,Y,15,0,0,0,0,0,0,0,0,0,0,0,0,0,0,0,0,0,0,0,0,0,,,,,,,,,,
"Dalrymple, Abner",CHC,1886,,60,121,136,35,7,3,0,19,5,27,11,12,0,1,2,7,3,51,422,45,33,0.89,21,8.3,28.6,1.371,0.348,8.1,8.8,,,27.1
"Donahue, Jim",CHC,1886,,7,5,5,2,0,0,0,1,0,2,0,0,0,0,0,0,0,2,16,2,1,0.02,7,0,0,1,0.4,0,0,,,33.3
"Flynn, Jocko",CHC,1886,,22,62,72,14,4,0,1,9,3,10,13,1,0,1,8,1,0,35,225,28,16,0.18,24.7,8.1,35.7,1.5,0.211,18.1,1.4,16,225,20.5
"Geyger, Vaughan",CHC,1886,Y,22,47,51,9,0,0,2,6,0,4,8,3,0,1,0,0,0,32,161,13,18,0.13,6.4,4.3,22.2,1.667,0.24,15.7,5.9,9,80.5,15.8
"Hardtack, Blue Lew",CHC,1886,Y,13,0,0,0,0,0,0,0,0,0,0,0,0,0,0,0,0,0,0,0,0,0,,,,,,,,,,
"Hornung, Joe",CHC,1886,,56,70,75,18,1,1,0,12,5,6,9,2,0,0,3,2,0,34,239,27,19,0.11,31.1,2.9,11.1,1.167,0.267,12,2.7,,,26.1
"Jones, Charley",CHC,1886,,66,241,283,70,12,2,1,39,14,53,8,31,4,6,1,0,0,146,898,88,82,1.64,22.5,6.2,21.4,1.271,0.379,2.8,11,82,898,21.1
"Kelly, King",CHC,1886,,67,267,322,104,19,3,2,57,25,65,16,51,4,0,0,21,23,98,1168,117,30,3.79,31,9,23.1,1.298,0.494,5,15.8,15,584,36.8
"Kirke, Devlin",CHC,1886,Y,4,12,15,2,0,0,0,1,0,0,1,0,0,0,3,2,0,10,43,7,5,-0.05,-1.7,0,0,1,0.133,6.7,0,,,9.1
"Lewis, Fred",CHC,1886,,46,158,173,51,4,1,3,20,5,36,9,9,1,2,3,3,0,65,540,62,40,0.95,16,5.1,15.7,1.294,0.357,5.2,5.2,13.33,180,23.5
"Lynch, Jack",CHC,1886,,23,25,30,6,2,0,0,1,1,5,3,2,0,0,3,0,0,12,87,9,10,0.02,45.4,8,33.3,1.333,0.267,10,6.7,,,7.7
"McClellan, Bill",CHC,1886,,66,230,266,70,11,3,0,31,18,47,8,32,1,2,1,22,12,127,833,74,79,1.61,31.3,6.1,20,1.243,0.39,3,12,,,19.6
"Mills, Jeth",CHC,1886,Y,13,42,51,12,2,1,0,9,1,8,3,8,0,1,0,0,0,28,162,14,14,0.44,14.7,7.1,25,1.333,0.4,5.9,15.7,,,24.3
"Mysty, Bader",CHC,1886,Y,18,45,50,11,0,0,0,4,2,11,4,4,0,0,1,3,0,21,161,15,16,-0.01,26.6,0,0,1,0.3,8,8,,,16
"Ringo, Frank",CHC,1886,,33,40,42,14,7,0,0,8,6,7,2,1,0,0,1,0,0,21,126,9,16,0.47,44.1,17.5,50,1.5,0.357,4.8,2.4,,,27.6
"Ryan, Jimmy",CHC,1886,,51,193,202,66,5,3,3,32,11,39,10,7,0,2,0,8,7,86,617,68,51,1.29,22.8,5.7,16.7,1.303,0.365,5,3.5,17,205.7,27.1
"Shaffer, Orator",CHC,1886,,15,49,54,15,1,4,0,9,1,11,2,5,0,0,0,1,1,29,174,16,16,0.53,11.7,10.2,33.3,1.6,0.37,3.7,9.3,,,23.7
"Smith, Bill",CHC,1886,,31,6,6,1,0,0,0,0,0,1,0,0,0,0,0,0,0,0,15,1,4,-0.06,0,0,0,1,0.167,0,0,,,
"Snyder, Pop",CHC,1886,,2,0,1,0,0,0,0,0,0,0,0,1,0,0,0,0,0,0,5,0,0,0.03,,,,,1,0,100,,,
"Starks, Sammy",CHC,1886,Y,8,28,32,3,0,0,0,5,1,4,2,3,0,1,0,0,0,15,94,10,14,-0.1,49.3,0,0,1,0.194,6.3,9.4,,,25
"Sunday, Billy",CHC,1886,,27,33,37,7,0,1,0,5,3,5,3,2,0,0,2,7,1,27,119,16,9,0.13,35.1,3,14.3,1.286,0.243,8.1,5.4,,,15.6
"Watkins, Sherm",CHC,1886,Y,5,1,1,0,0,0,0,0,0,0,0,0,0,0,0,0,0,1,3,1,0,-0.02,-20,0,,,0,0,0,,,0
"White, Will",CHC,1886,,14,4,4,1,0,0,0,0,0,0,1,0,0,0,0,0,0,2,10,1,1,-0.03,-10,0,0,1,0.25,25,0,,,0
"Williamson, Ned",CHC,1886,,65,206,257,44,4,3,1,35,8,32,27,35,0,8,8,5,2,126,842,81,70,1,23.1,3.9,18.2,1.295,0.317,10.5,13.6,70,842,21.7
"Bastian, Charlie",CIN,1886,,63,214,253,52,9,4,0,27,13,34,19,23,1,1,14,24,7,108,788,100,58,1.02,29.6,6.1,25,1.327,0.302,7.5,9.1,,,20
"Boyle, Henry",CIN,1886,,21,47,62,11,2,1,0,8,7,4,5,2,0,1,12,0,0,22,184,28,16,0.12,56.2,6.4,27.3,1.364,0.213,8.1,3.2,,,26.7
"Browning, Pete",CIN,1886,,59,255,279,103,22,1,3,61,18,52,5,18,2,4,0,9,9,95,816,94,57,3.36,25.1,10.2,25.2,1.32,0.447,1.8,6.5,19,272,39.1
"Burch, Ernie",CIN,1886,,62,238,270,78,17,2,0,33,13,51,9,20,3,0,9,17,10,110,795,90,69,1.64,23.1,8,24.4,1.269,0.374,3.3,7.4,,,23.1
"Chamberlain, Elton",CIN,1886,,19,3,3,0,0,0,0,0,0,0,1,0,0,0,0,0,0,0,8,1,1,-0.05,0,0,,,0,33.3,0,,,
"Crane, Ed",CIN,1886,,16,9,15,2,0,0,0,0,0,2,1,1,0,0,5,0,1,9,42,9,2,-0.07,-20,0,0,1,0.2,6.7,6.7,,,0
"Donnelly, Jim",CIN,1886,,14,11,11,3,0,0,0,1,0,0,0,0,0,0,0,0,1,7,31,5,3,-0.07,-2.7,0,0,1,0.273,0,0,,,12.5
"Ewing, Buck",CIN,1886,,39,167,183,47,6,5,2,28,18,29,9,13,2,1,0,18,8,95,576,71,41,1.33,38.6,7.8,27.7,1.468,0.341,4.9,7.1,20.5,288,22.8
"Ganzel, Charlie",CIN,1886,,42,131,137,37,3,1,0,22,14,14,14,4,2,0,0,0,3,85,423,46,34,0.14,36.7,3.1,10.8,1.135,0.314,10.2,2.9,,,20.6
"Harkins, John",CIN,1886,,34,43,55,11,3,0,0,7,1,10,4,6,0,1,5,0,0,21,167,20,14,0.25,16.5,7,27.3,1.273,0.315,7.3,10.9,,,25
"Latham, Arlie",CIN,1886,,67,295,335,107,11,1,0,37,24,79,12,38,1,1,0,66,24,96,1058,105,72,2.62,36.3,4.1,11.2,1.121,0.437,3.6,11.3,,,27.8
"Mann, Fred",CIN,1886,,56,120,144,35,5,3,1,20,7,28,4,17,2,4,1,8,5,63,450,46,40,1.08,24.1,7.5,25.7,1.4,0.386,2.8,11.8,40,450,24.1
"McGeachy, Jack",CIN,1886,,17,19,21,6,2,1,0,7,7,3,4,0,0,0,2,1,0,10,64,6,5,0.3,74.5,15.8,50,1.667,0.286,19,0,,,41.2
"McPhee, Bid",CIN,1886,,67,267,306,81,9,3,7,63,34,50,10,34,1,4,0,32,10,148,940,92,87,3.44,39.2,7.1,23.5,1.444,0.384,3.3,11.1,12.43,134.3,29.9
"Phillips, Bill",CIN,1886,,67,286,303,73,11,4,0,29,9,42,13,16,1,0,0,4,8,133,900,104,96,0.18,18.1,5.2,20.5,1.26,0.297,4.3,5.3,,,17.9
"Quinn, Joe",CIN,1886,,25,15,17,3,1,0,0,2,2,3,2,2,0,0,0,1,1,17,57,3,7,0.03,47.3,6.7,33.3,1.333,0.294,11.8,11.8,,,10.5
"Radbourn, Charley",CIN,1886,,40,83,113,14,0,0,0,7,5,11,7,7,0,1,22,0,0,38,342,51,32,-0.37,41.6,0,0,1,0.188,6.2,6.2,,,15.6
"Reilly, John",CIN,1886,,64,239,258,63,3,7,1,34,14,33,7,14,3,2,0,14,5,117,754,93,78,0.87,27,4.6,17.5,1.317,0.313,2.7,5.4,78,754,22.5
"Sommer, Joe",CIN,1886,,27,30,37,4,0,0,0,0,0,1,2,2,0,0,5,0,0,18,110,12,17,-0.25,-12,0,0,1,0.162,5.4,5.4,,,0
"Wiedman, Stump",CIN,1886,,27,11,11,3,0,0,0,1,1,0,2,0,0,0,0,0,0,1,32,4,2,-0.04,58.2,0,0,1,0.273,18.2,0,,,50
"Brady, Steve",LOU,1886,,59,200,214,58,2,3,1,27,19,28,5,14,0,0,0,1,1,82,654,70,65,0.6,41,3,10.3,1.19,0.336,2.3,6.5,65,654,24.8
"Brassell, Sam",LOU,1886,Y,3,7,7,1,0,0,0,0,0,1,1,0,0,0,0,0,0,1,22,2,3,-0.07,-2.9,0,0,1,0.143,14.3,0,,,0
"Brown, Tom",LOU,1886,,67,249,280,67,1,8,0,24,12,39,7,27,3,0,1,2,1,104,892,97,79,0.72,27.4,3.6,13.4,1.254,0.346,2.5,9.6,,,18.8
"Conway, Dick",LOU,1886,,10,4,4,1,0,0,0,0,0,0,1,0,0,0,0,0,0,3,12,0,2,-0.03,-15,0,0,1,0.25,25,0,,,0
"Cross, Amos",LOU,1886,,35,92,107,22,2,3,0,15,5,6,9,10,3,0,2,0,2,45,342,35,28,0.35,27.3,5.4,22.7,1.364,0.327,8.4,9.3,,,25
"Cushman, Ed",LOU,1886,,21,41,50,6,0,1,0,4,1,4,2,3,0,1,5,0,0,29,160,21,18,-0.14,18.4,2.4,16.7,1.333,0.184,4,6,,,12.1
"Daily, Con",LOU,1886,,35,86,101,29,3,1,0,19,12,14,7,10,1,0,4,0,0,31,318,38,16,0.73,44,4.7,13.8,1.172,0.396,6.9,9.9,,,38
"Denny, Jerry",LOU,1886,,64,185,210,52,7,2,7,30,20,29,17,10,4,0,11,2,1,83,647,75,52,1.6,41.7,8.6,30.8,1.615,0.314,8.1,4.8,7.43,92.4,26.5
"Embleton, Steve",LOU,1886,Y,26,60,68,19,3,3,0,8,3,7,4,6,1,1,0,0,0,27,226,22,16,0.54,22.4,10,31.6,1.474,0.388,5.9,8.8,,,22.9
"Fancher, Vincent",LOU,1886,Y,8,3,3,0,0,0,0,0,0,0,0,0,0,0,0,0,0,2,7,0,3,-0.05,-13.3,0,,,0,0,0,,,0
"Frazier, Richard",LOU,1886,Y,2,6,9,2,0,0,0,1,0,3,1,2,0,1,0,0,0,3,30,2,2,0.07,5,0,0,1,0.5,11.1,22.2,,,25
"Gilligan, Barney",LOU,1886,,38,71,87,16,2,0,1,8,3,9,8,12,0,1,3,1,1,36,264,25,26,0.29,23.6,4.2,18.8,1.313,0.326,9.2,13.8,26,264,18.2
"Glasscock, Jack",LOU,1886,,67,257,276,87,11,3,2,37,8,50,4,16,2,1,0,13,5,101,845,98,69,1.78,15.7,6.2,18.4,1.264,0.382,1.4,5.8,34.5,422.5,26.8
"Glenn, Ed",LOU,1886,,33,38,42,7,2,1,0,4,2,12,0,3,0,0,1,7,3,25,128,16,16,0.1,29,7.9,42.9,1.571,0.238,0,7.1,,,13.8
"Hankinson, Frank",LOU,1886,,35,48,55,12,0,0,0,2,2,9,2,6,0,0,1,0,0,23,170,14,21,-0.07,45.4,0,0,1,0.327,3.6,10.9,,,8
"Healy, John",LOU,1886,,42,20,25,2,0,0,0,0,0,3,4,0,1,0,4,0,0,7,72,10,8,-0.23,-7,0,0,1,0.12,16,0,,,0
"Hoffmiester, Jeffery",LOU,1886,Y,14,2,2,0,0,0,0,0,0,0,1,0,0,0,0,0,0,2,5,0,1,-0.03,-20,0,,,0,50,0,,,0
"Houck, Garry",LOU,1886,Y,16,2,3,1,0,0,0,0,0,0,1,0,0,0,1,0,0,0,8,1,0,0.01,0,0,0,1,0.333,33.3,0,,,
"Iorio, Harold",LOU,1886,Y,11,12,15,1,0,0,0,0,0,1,0,2,0,0,1,0,0,13,49,10,2,-0.09,-21.7,0,0,1,0.2,0,13.3,,,0
"Johns, Jerry",LOU,1886,Y,53,117,127,32,4,0,2,12,4,19,11,10,0,0,0,0,0,51,381,35,39,0.45,19.2,5.1,18.8,1.313,0.331,8.7,7.9,19.5,190.5,19
"Kilroy, Matt",LOU,1886,,26,48,61,6,0,0,0,4,2,5,2,3,0,1,9,1,0,33,177,26,24,-0.3,31.3,0,0,1,0.15,3.3,4.9,,,10.8
"Litt, Nate",LOU,1886,Y,30,36,42,7,1,0,0,3,2,7,9,5,0,1,0,0,0,19,141,9,12,-0.02,35.6,2.8,14.3,1.143,0.293,21.4,11.9,,,13.6
"Lyons, Jackie",LOU,1886,Y,5,10,10,3,0,0,0,1,1,0,4,0,0,0,0,0,0,5,29,0,3,-0.02,50,0,0,1,0.3,40,0,,,16.7
"Makaras, Paul",LOU,1886,Y,7,16,16,2,0,0,0,0,0,0,1,0,0,0,0,0,0,9,46,5,8,-0.17,-11.3,0,0,1,0.125,6.3,0,,,0
"Mentzer, Jack",LOU,1886,Y,11,31,32,5,0,0,0,2,1,0,3,0,0,0,1,0,0,18,99,10,14,-0.24,25.4,0,0,1,0.156,9.4,0,,,10
"Pfeffer, Fred",LOU,1886,,67,262,287,77,7,2,3,41,14,45,15,23,1,1,0,8,6,124,896,96,75,1.39,23.6,4.6,15.6,1.26,0.353,5.2,8,25,298.7,24.8
"Poole, Vic",LOU,1886,Y,2,0,0,0,0,0,0,0,0,0,0,0,0,0,0,0,0,0,0,0,0,0,,,,,,,,,,
"Roseman, Chief",LOU,1886,,66,246,286,64,13,3,2,44,18,33,10,12,2,0,26,2,1,133,849,117,80,1.19,30.3,7.3,28.1,1.391,0.273,3.5,4.2,40,424.5,24.9
"Strauss, Joe",LOU,1886,,40,64,72,13,2,0,0,8,5,17,3,0,1,1,6,9,3,28,219,29,26,-0.12,41,3.1,15.4,1.154,0.197,4.2,0,,,22.2
"Vogelpohl, Jeremy",LOU,1886,Y,25,80,90,20,5,6,1,20,12,12,6,6,2,2,0,2,1,35,276,24,32,1.06,51.3,15,60,2,0.318,6.7,6.7,32,276,36.4
"Welch, Mickey",LOU,1886,,21,48,56,9,1,0,0,2,0,6,9,3,0,0,5,0,0,20,177,27,8,-0.22,-1.7,2.1,11.1,1.111,0.214,16.1,5.4,,,9.1
"Werrick, Joe",LOU,1886,,14,15,18,3,1,0,0,4,2,2,1,1,0,2,0,0,0,9,55,6,7,0.06,53,6.7,33.3,1.333,0.25,5.6,5.6,,,30.8
"Whitaker, Norberto",LOU,1886,Y,13,1,1,0,0,0,0,0,0,0,0,0,0,0,0,0,0,0,2,1,0,-0.02,0,0,,,0,0,0,,,
"White, Bill",LOU,1886,,43,55,60,13,2,1,0,9,4,7,3,5,0,0,0,2,0,38,190,22,17,0.23,29.2,5.5,23.1,1.308,0.3,5,8.3,,,19.1
"Wykle, Jared",LOU,1886,Y,16,26,31,5,0,0,0,1,1,2,1,5,0,0,0,0,0,9,104,10,10,-0.04,49.1,0,0,1,0.323,3.2,16.1,,,10
"Barr, Bob",NYG,1886,,17,28,38,1,1,0,0,3,3,0,7,3,0,0,7,0,0,13,120,13,13,-0.17,130.7,3.6,100,2,0.105,18.4,7.9,,,18.8
"Berry, Joseph",NYG,1886,Y,8,2,2,0,0,0,0,0,0,0,0,0,0,0,0,0,0,0,7,1,1,-0.03,0,0,,,0,0,0,,,
"Brodrick, Jordan",NYG,1886,Y,4,0,0,0,0,0,0,0,0,0,0,0,0,0,0,0,0,0,0,0,0,0,,,,,,,,,,
"Burdock, Jack",NYG,1886,,7,21,22,5,1,0,0,3,3,1,1,1,0,0,0,0,0,9,68,8,7,0.02,59.4,4.8,20,1.2,0.273,4.5,4.5,,,25
"Daily, Ed",NYG,1886,,20,43,49,8,1,0,0,1,0,7,2,1,0,0,5,2,1,21,144,18,19,-0.25,-6,2.3,12.5,1.125,0.184,4.1,2,,,4.5
"Daily, Hugh",NYG,1886,,13,4,4,2,0,0,0,0,0,0,1,0,0,0,0,0,0,2,12,0,1,0.01,-10,0,0,1,0.5,25,0,,,0
"Deasley, Pat",NYG,1886,,31,49,50,11,0,0,0,1,1,3,1,0,0,0,1,0,0,23,139,23,15,-0.33,43.3,0,0,1,0.22,2,0,,,4.2
"Decker, Harry",NYG,1886,,2,7,7,2,0,0,0,0,0,1,0,0,0,0,0,0,0,2,22,4,1,-0.04,-5.7,0,0,1,0.286,0,0,,,0
"Dorgan, Mike",NYG,1886,,67,285,306,87,11,1,0,27,14,38,25,18,1,2,0,2,2,84,953,104,70,0.6,29.3,4.2,13.8,1.149,0.349,8.2,5.9,,,24.3
"Driskell, Barrett",NYG,1886,Y,13,52,53,12,1,0,0,1,0,4,8,1,0,0,0,0,0,24,162,12,20,-0.26,-6.7,1.9,8.3,1.083,0.245,15.1,1.9,,,4
"Esterbrook, Dude",NYG,1886,,67,282,288,79,8,2,1,35,16,34,18,3,1,2,0,9,8,112,858,108,78,0.14,28.2,3.9,13.9,1.19,0.29,6.3,1,78,858,23.8
"Fitzgerald, William",NYG,1886,Y,2,0,0,0,0,0,0,0,0,0,0,0,0,0,0,0,0,0,0,0,0,0,,,,,,,,,,
"Gillespie, Pete",NYG,1886,,54,208,219,48,4,3,0,24,9,27,13,11,0,0,0,13,3,105,681,87,59,0.1,23.7,3.4,14.6,1.208,0.269,5.9,5,,,18.6
"Keefe, Tim",NYG,1886,,34,89,109,14,5,0,1,7,2,11,14,7,0,1,12,0,0,34,332,40,34,-0.07,21.6,6.7,42.9,1.571,0.194,12.8,6.4,34,332,17.1
"Krieg, Bill",NYG,1886,,15,15,15,5,1,0,0,0,0,2,2,0,0,0,0,0,0,6,45,3,5,0,-8,6.7,20,1.2,0.333,13.3,0,,,0
"Ledridge, Dallas",NYG,1886,Y,13,52,54,11,0,0,0,4,1,4,5,1,1,0,0,0,1,27,161,25,11,-0.3,13,0,0,1,0.241,9.3,1.9,,,12.9
"McKinnon, Alex",NYG,1886,,67,286,295,74,18,1,1,34,15,39,10,6,2,1,0,5,2,126,877,125,78,0.49,27,7,27,1.311,0.279,3.4,2,78,877,21.3
"Milligan, Jocko",NYG,1886,,55,172,196,37,13,0,4,29,10,24,7,21,1,1,1,2,2,92,628,60,70,1.26,30.1,9.9,45.9,1.676,0.303,3.6,10.7,17.5,157,24
"O'Neill, Tip",NYG,1886,,67,275,302,72,5,4,1,29,15,38,12,24,2,1,0,5,2,115,976,111,80,0.59,29.6,3.6,13.9,1.222,0.326,4,7.9,80,976,20.1
"Redmond, Jake",NYG,1886,Y,14,2,2,0,0,0,0,0,0,0,1,0,0,0,0,0,0,0,5,0,1,-0.03,0,0,,,0,50,0,,,
"Rowe, Dave",NYG,1886,,49,183,189,35,6,2,0,21,9,13,18,4,1,1,0,0,1,105,580,61,69,-0.45,28,4.4,22.9,1.286,0.213,9.5,2.1,,,16.7
"Shaffer, John",NYG,1886,,22,3,3,2,0,0,0,1,0,1,0,0,0,0,0,0,0,1,9,0,1,0.05,8.3,0,0,1,0.667,0,0,,,50
"Sharp, Bryce",NYG,1886,Y,2,1,1,0,0,0,0,0,0,0,0,0,0,0,0,0,0,0,4,0,1,-0.02,0,0,,,0,0,0,,,
"Tate, Pop",NYG,1886,,16,55,57,13,1,0,0,3,2,2,10,2,0,0,0,0,0,17,187,16,16,-0.19,34.1,1.8,7.7,1.077,0.263,17.5,3.5,,,15
"Toole, Steve",NYG,1886,,16,5,5,2,0,0,0,1,1,1,0,0,0,0,0,0,0,2,15,3,0,0.02,57,0,0,1,0.4,0,0,,,33.3
"Ward, John",NYG,1886,,67,302,314,76,7,3,0,24,13,39,19,10,0,0,2,29,20,108,982,121,87,-0.4,29.4,3.3,13.2,1.171,0.274,6.1,3.2,,,18.2
"Baker, Phil",PAT,1886,,51,203,218,46,6,3,0,29,11,26,8,13,0,2,0,8,4,98,648,75,76,0.26,28.2,4.4,19.6,1.261,0.273,3.7,6,,,22.8
"Coleman, John",PAT,1886,,67,272,290,77,15,6,1,39,11,38,9,17,1,0,0,21,4,140,877,91,93,1.77,19,8.1,28.6,1.39,0.328,3.1,5.9,93,877,21.8
"Fennelly, Frank",PAT,1886,,66,262,308,84,7,9,8,56,14,61,7,36,8,2,0,26,19,117,935,93,80,3.63,23.6,9.2,28.6,1.583,0.418,2.3,11.7,10,116.9,32.4
"Gladman, Buck",PAT,1886,,31,59,72,7,0,1,1,5,2,6,1,4,0,2,7,1,0,34,215,27,33,-0.16,29.9,3.4,28.6,1.714,0.157,1.4,5.6,33,215,12.8
"Gleason, Jack",PAT,1886,,48,144,180,35,8,5,1,19,3,19,9,13,7,6,10,2,4,79,536,46,70,0.79,13.2,9.7,40,1.6,0.316,5,7.2,70,536,19.4
"Hardie, Lou",PAT,1886,,6,15,17,2,0,0,0,2,1,2,5,1,0,0,1,0,0,10,51,8,1,-0.08,41.7,0,0,1,0.176,29.4,5.9,,,16.7
"Hart, Bill",PAT,1886,,33,7,9,2,1,0,0,0,0,1,0,1,0,0,1,1,0,6,26,2,4,0.07,-17.1,14.3,50,1.5,0.333,0,11.1,,,0
"Hofford, John",PAT,1886,,13,2,2,0,0,0,0,0,0,0,0,0,0,0,0,0,0,1,7,1,1,-0.03,-10,0,,,0,0,0,,,0
"Larkin, Henry",PAT,1886,,67,295,327,96,17,9,0,38,20,66,11,30,2,0,0,27,16,107,998,132,56,2.42,30.9,8.8,27.1,1.365,0.391,3.4,9.2,,,26.2
"Lyons, Denny",PAT,1886,,37,26,32,4,0,0,0,4,1,8,0,3,1,0,2,0,0,23,103,11,13,-0.06,24.8,0,0,1,0.25,0,9.4,,,14.8
"Mathews, Bobby",PAT,1886,,3,3,3,0,0,0,0,0,0,1,0,0,0,0,0,0,0,0,7,2,1,-0.05,0,0,,,0,0,0,,,
"McCormick, Jim",PAT,1886,,31,74,86,19,4,0,1,7,3,10,11,1,0,1,10,0,0,36,270,35,20,0.1,22.8,6.8,26.3,1.368,0.235,12.8,1.2,20,270,16.3
"Miller, Cyclone",PAT,1886,,34,23,27,6,2,0,0,3,3,4,0,1,0,0,3,0,0,10,78,10,9,0.07,56.3,8.7,33.3,1.333,0.259,0,3.7,,,23.1
"Myers, Al",PAT,1886,,65,291,305,79,11,4,0,55,25,45,17,11,0,3,0,0,0,150,913,120,78,0.98,33.3,5.2,19,1.241,0.298,5.6,3.6,,,26.8
"O'Brien, Jack",PAT,1886,,58,232,258,64,16,3,0,43,20,38,7,23,2,1,0,15,10,115,795,80,82,1.57,33.5,8.2,29.7,1.344,0.346,2.7,8.9,,,27.2
"Powell, Abner",PAT,1886,,35,38,41,11,0,0,1,3,0,7,3,2,0,0,1,0,0,15,128,12,13,0.09,0.3,2.6,9.1,1.273,0.317,7.3,4.9,13,128,16.7
"Purcell, Blondie",PAT,1886,,34,48,60,13,1,1,0,4,2,11,2,11,1,0,0,11,5,15,203,19,14,0.37,28,4.2,15.4,1.231,0.417,3.3,18.3,,,21.1
"Reipschlager, Charlie",PAT,1886,,40,87,94,21,2,2,1,17,10,10,4,3,2,0,2,0,0,55,281,28,36,0.35,41.1,5.7,23.8,1.429,0.277,4.3,3.2,36,281,23.6
"Stovey, Harry",PAT,1886,,62,267,304,66,16,2,6,35,24,60,11,34,2,1,0,44,10,99,973,104,87,2.58,42.8,9,36.4,1.576,0.337,3.6,11.2,14.5,162.2,26.1
"Whitney, Jim",PAT,1886,,31,88,107,18,2,1,0,11,4,9,10,6,0,1,12,0,0,44,323,43,30,-0.06,26.5,3.4,16.7,1.222,0.226,9.3,5.6,,,20
"Atkinson, Al",PHI,1886,,15,0,1,0,0,0,0,0,0,0,0,1,0,0,0,0,0,0,4,0,0,0.03,,,,,1,0,100,,,
"Broughton, Richard",PHI,1886,Y,34,70,74,17,3,1,0,7,3,6,14,2,0,2,0,0,0,32,228,20,21,0.01,24.6,5.7,23.5,1.294,0.264,18.9,2.7,,,17.9
"Buffinton, Charlie",PHI,1886,,30,109,117,27,5,1,1,13,6,11,3,6,0,2,0,3,0,55,336,44,37,0.35,27.4,6.4,25.9,1.37,0.287,2.6,5.1,37,336,19.1
"Cahill, John",PHI,1886,,14,31,35,7,2,0,0,7,7,4,1,1,0,0,3,1,1,16,95,9,17,0.08,69.7,6.5,28.6,1.286,0.229,2.9,2.9,,,30.4
"Crane, Sam",PHI,1886,,4,2,3,0,0,0,0,0,0,0,0,0,0,0,1,0,0,1,6,3,0,-0.03,-10,0,,,0,0,0,,,0
"Dogg, Ricardo",PHI,1886,Y,40,39,44,9,0,0,0,5,1,9,3,2,1,0,2,0,0,19,128,15,14,-0.09,16.9,0,0,1,0.273,6.8,4.5,,,20.8
"Drees, Matthew",PHI,1886,Y,27,97,109,29,2,0,1,14,5,13,9,11,1,0,0,0,0,37,353,33,26,0.48,24.7,3.1,10.3,1.172,0.376,8.3,10.1,26,353,27.5
"Dunlap, Fred",PHI,1886,,67,263,304,66,8,1,3,33,14,42,25,27,2,2,10,10,6,110,978,97,85,0.92,27.8,4.6,18.2,1.288,0.315,8.2,8.9,28.33,326,23.1
"Ferguson, Charlie",PHI,1886,,34,107,121,31,3,1,0,12,3,13,9,13,0,1,0,0,0,54,405,37,31,0.4,14,3.7,12.9,1.161,0.367,7.4,10.7,,,18.2
"Flint, Silver",PHI,1886,,8,9,10,2,0,0,0,1,1,0,1,0,0,0,1,0,0,5,30,1,6,-0.04,53.9,0,0,1,0.2,10,0,,,16.7
"Fogarty, Jim",PHI,1886,,44,185,214,57,10,4,4,29,12,42,13,25,0,4,0,20,11,73,702,68,51,2.15,28.1,9.7,31.6,1.526,0.39,6.1,11.7,12.75,175.5,28.4
"Foutz, Dave",PHI,1886,,33,115,117,32,8,2,1,13,6,14,4,1,0,1,0,0,1,48,336,43,37,0.42,26.9,9.6,34.4,1.469,0.284,3.4,0.9,37,336,21.3
"Fulmer, Chris",PHI,1886,,48,142,180,33,1,1,0,17,7,24,7,19,2,1,16,19,9,80,572,80,39,0.26,24.8,1.4,6.1,1.091,0.302,3.9,10.6,,,17.5
"Greer, Ed",PHI,1886,,40,35,49,6,1,1,0,6,2,9,2,2,1,1,10,5,0,14,142,19,19,0.13,38.7,5.7,33.3,1.5,0.188,4.1,4.1,,,30
"Handiboe, Jim",PHI,1886,,33,11,12,2,0,0,0,1,1,1,1,0,0,0,1,0,0,6,36,5,4,-0.07,54.1,0,0,1,0.167,8.3,0,,,14.3
"Holland, Cole",PHI,1886,Y,42,85,94,18,2,2,1,5,1,6,2,2,0,0,7,2,0,39,291,36,36,-0.02,9.2,5.9,27.8,1.5,0.213,2.1,2.1,36,291,11.4
"Manning, Jim",PHI,1886,,34,26,29,3,1,0,0,1,1,10,3,1,0,0,2,9,0,13,82,12,10,0,50,3.8,33.3,1.333,0.138,10.3,3.4,,,7.1
"Markus, Ernie",PHI,1886,Y,5,0,0,0,0,0,0,0,0,0,0,0,0,0,0,0,0,0,0,0,0,0,,,,,,,,,,
"Morrill, John",PHI,1886,,67,257,289,67,16,2,6,44,20,47,43,29,0,3,0,3,3,142,947,73,77,2.23,31.4,9.3,35.8,1.567,0.336,14.9,10,12.83,157.8,23.7
"Mulvey, Joe",PHI,1886,,50,151,157,34,5,1,0,16,5,21,12,6,0,0,0,14,4,76,466,63,42,-0.01,19.7,4,17.6,1.206,0.255,7.6,3.8,,,17.4
"Nelson, Candy",PHI,1886,,30,42,51,6,0,0,0,7,5,3,0,6,0,0,3,0,0,28,167,23,16,-0.07,57.4,0,0,1,0.235,0,11.8,,,20
"Orr, Dave",PHI,1886,,67,270,301,91,9,6,9,54,20,53,10,25,4,2,0,7,4,122,929,110,61,3.45,27.3,8.9,26.4,1.527,0.401,3.3,8.3,6.78,103.2,30.7
"Sylvester, Lou",PHI,1886,,30,63,77,13,2,0,0,7,5,8,3,10,1,0,3,0,0,38,241,25,25,0.09,39.8,3.2,15.4,1.154,0.312,3.9,13,,,15.6
"Thompson, Sam",PHI,1886,,67,278,303,84,10,4,5,41,15,49,11,23,1,1,0,2,7,127,969,109,75,1.84,23.8,6.8,22.6,1.393,0.358,3.6,7.6,15,193.8,24.4
"Titcomb, Cannonball",PHI,1886,,3,1,1,0,0,0,0,0,0,0,1,0,0,0,0,0,0,1,3,0,0,-0.02,-20,0,,,0,100,0,,,0
"Wass, Brendan",PHI,1886,Y,12,0,0,0,0,0,0,0,0,0,0,0,0,0,0,0,0,0,0,0,0,0,,,,,,,,,,
"Welcome, Adam",PHI,1886,Y,13,1,1,1,0,0,0,0,0,0,0,0,0,0,0,0,0,0,2,0,0,0.02,0,0,0,1,1,0,0,,,
"Bairey, Shelby",PIT,1886,Y,29,96,109,22,1,2,1,9,4,21,5,12,1,0,0,8,2,54,336,37,32,0.37,23.2,4.2,18.2,1.364,0.321,4.6,11,32,336,14.3
"Bierbauer, Lou",PIT,1886,,67,268,291,65,10,3,1,19,8,34,14,12,1,1,9,18,9,118,893,105,93,0.06,21,5.2,21.5,1.292,0.269,4.8,4.1,93,893,13.9
"Carroll, Fred",PIT,1886,,67,205,229,48,15,5,3,30,13,21,15,23,0,1,0,2,1,100,728,74,69,1.63,30.7,11.2,47.9,1.708,0.311,6.6,10,23,242.7,23.1
"Clements, Jack",PIT,1886,,24,42,52,7,1,0,0,5,3,0,6,0,0,1,9,0,0,23,144,29,10,-0.21,40.5,2.4,14.3,1.143,0.137,11.5,0,,,17.9
"Clemmons, Marques",PIT,1886,Y,4,5,5,0,0,0,0,0,0,0,2,0,0,0,0,0,0,2,13,0,3,-0.08,-8,0,,,0,40,0,,,0
"Conway, Pete",PIT,1886,,33,44,48,10,0,1,3,9,6,5,9,2,1,0,1,0,0,17,145,11,15,0.48,52.6,9.1,40,2.1,0.271,18.8,4.2,5,48.3,34.6
"Corkhill, Pop",PIT,1886,,67,240,263,62,4,0,1,29,14,31,16,14,5,1,3,14,10,121,808,86,80,0.04,28.1,2.1,8.1,1.113,0.309,6.1,5.3,80,808,19.3
"Davis, Jumbo",PIT,1886,,45,98,113,19,3,1,0,8,4,11,2,3,4,0,8,5,6,37,328,30,55,-0.37,30.1,4.1,21.1,1.263,0.23,1.8,2.7,,,17.8
"Farrar, Sid",PIT,1886,,64,253,268,58,13,2,1,22,12,28,26,10,2,3,0,6,8,99,838,100,72,-0.09,30.8,6.3,27.6,1.345,0.264,9.7,3.7,72,838,18.2
"Galvin, Pud",PIT,1886,,34,82,83,27,2,0,1,11,4,10,6,1,0,0,0,1,1,30,244,27,22,0.25,23.1,3.7,11.1,1.185,0.337,7.2,1.2,22,244,26.8
"Irwin, Arthur",PIT,1886,,67,220,249,47,6,3,0,24,6,30,27,21,1,3,4,15,4,121,774,79,73,0.3,16.8,4.1,19.1,1.255,0.28,10.8,8.4,,,16.6
"Keeler, Alvaro",PIT,1886,Y,9,9,9,1,0,0,0,0,0,1,1,0,0,0,0,0,0,5,32,5,2,-0.1,-11.1,0,0,1,0.111,11.1,0,,,0
"King, Silver",PIT,1886,,28,0,0,0,0,0,0,0,0,0,0,0,0,0,0,0,0,0,0,0,0,0,,,,,,,,,,
"Kuehne, Bill",PIT,1886,,45,97,108,24,3,2,0,14,5,15,3,3,0,4,4,12,4,35,315,38,39,0.26,28.1,5.2,20.8,1.292,0.26,2.8,2.8,,,28.6
"Lalllathin, Richard",PIT,1886,Y,10,0,0,0,0,0,0,0,0,0,0,0,0,0,0,0,0,0,0,0,0,0,,,,,,,,,,
"Madigan, Tony",PIT,1886,,21,4,5,0,0,0,0,0,0,0,0,0,0,0,1,0,0,2,17,3,2,-0.06,-10,0,,,0,0,0,,,0
"McGuire, Deacon",PIT,1886,,26,25,30,5,1,0,1,7,4,3,4,3,0,1,1,0,0,16,94,6,12,0.26,57.8,8,40,1.8,0.276,13.3,10,12,94,30.4
"Miller, Doggie",PIT,1886,,62,161,187,41,10,0,2,23,10,25,3,23,1,1,1,13,8,65,588,56,63,1.09,30.5,7.5,29.3,1.39,0.349,1.6,12.3,31.5,294,26.1
"Murphy, Joe",PIT,1886,,29,9,10,0,0,0,0,1,0,0,1,0,0,1,0,0,0,4,28,5,4,-0.11,-8.9,0,,,0,10,0,,,20
"O'Day, Hank",PIT,1886,,32,1,1,0,0,0,0,0,0,0,0,0,0,0,0,0,0,1,3,0,1,-0.02,-20,0,,,0,0,0,,,0
"Osburn, Brandon",PIT,1886,Y,8,20,24,7,0,1,1,6,2,2,4,1,2,1,0,0,0,7,71,5,5,0.35,35.4,10,28.6,1.714,0.435,16.7,4.2,5,71,46.2
"Richardson, Danny",PIT,1886,,58,73,84,19,4,0,0,8,3,8,8,5,0,1,5,7,1,38,253,26,26,0.23,21,5.5,21.1,1.211,0.289,9.5,6,,,17.4
"Roeber, Toby",PIT,1886,Y,19,1,1,0,0,0,0,0,0,0,1,0,0,0,0,0,0,0,3,0,0,-0.02,0,0,,,0,100,0,,,
"Saggio, Luis",PIT,1886,Y,56,96,103,28,3,4,0,12,4,19,7,6,1,0,0,0,1,48,316,32,29,0.46,19.5,7.3,25,1.393,0.34,6.8,5.8,,,20
"Schomberg, Otto",PIT,1886,,61,128,153,43,5,5,0,15,5,15,9,25,0,0,0,1,2,45,527,44,32,1.32,20.1,7.8,23.3,1.349,0.444,5.9,16.3,,,25
"Scowden, Vern",PIT,1886,Y,15,0,0,0,0,0,0,0,0,0,0,0,0,0,0,0,0,0,0,0,0,0,,,,,,,,,,
"Seery, Emmett",PIT,1886,,64,153,187,38,8,3,0,21,8,23,30,25,0,2,7,7,4,57,611,44,50,0.97,28.2,7.2,28.9,1.368,0.341,16,13.4,,,26.9
"Singhi, Kurt",PIT,1886,Y,12,5,5,0,0,0,0,1,0,0,2,0,0,0,0,0,0,6,15,3,0,-0.05,-24,0,,,0,40,0,,,14.3
"Smith, Elmer",PIT,1886,,30,11,12,2,0,0,0,1,1,2,2,1,0,0,0,0,0,2,39,3,4,-0.04,61.4,0,0,1,0.25,16.7,8.3,,,33.3
"Barkley, Sam",STL,1886,,66,172,198,41,10,5,0,29,12,26,2,23,1,1,1,3,3,80,623,73,56,1.14,32.6,8.7,36.6,1.488,0.33,1,11.6,,,26.6
"Brumbly, Steve",STL,1886,Y,14,2,2,0,0,0,0,0,0,0,2,0,0,0,0,0,0,0,6,0,0,-0.03,0,0,,,0,100,0,,,
"Bushong, Doc",STL,1886,,45,129,145,26,2,0,0,15,6,16,8,9,0,2,5,1,4,71,427,47,55,-0.38,26.3,1.6,7.7,1.077,0.245,5.5,6.2,,,17.4
"Caruthers, Bob",STL,1886,,29,75,95,24,6,3,0,11,5,14,3,20,0,0,0,0,0,15,320,26,22,1.13,32.5,12,37.5,1.5,0.463,3.2,21.1,,,42.3
"Comiskey, Charlie",STL,1886,,33,23,25,2,2,0,0,1,1,6,1,2,0,0,0,3,1,11,71,9,11,-0.06,55.4,8.7,100,2,0.16,4,8,,,8.3
"Connor, Roger",STL,1886,,67,266,299,97,14,9,3,48,15,54,7,30,2,1,0,4,5,114,955,106,57,3.28,21.9,9.8,26.8,1.423,0.433,2.3,10,19,318.3,29.6
"Farrell, Joe",STL,1886,,9,2,2,0,0,0,0,0,0,0,0,0,0,0,0,0,0,2,6,0,2,-0.03,-20,0,,,0,0,0,,,0
"Getzien, Charlie",STL,1886,,24,6,7,0,0,0,0,0,0,1,1,0,1,0,0,1,0,0,20,3,2,-0.07,0,0,,,0.143,14.3,0,,,
"Gore, George",STL,1886,,66,261,318,100,14,7,7,48,21,79,8,53,4,0,0,9,9,125,1107,78,75,4.53,26.7,10.7,28,1.49,0.494,2.5,16.7,10.71,158.1,27.7
"Hudson, Nat",STL,1886,,30,33,41,13,1,0,0,8,1,5,0,1,0,0,7,0,0,8,128,15,12,0.24,19.9,3,7.7,1.077,0.341,0,2.4,,,50
"Kerins, John",STL,1886,,14,56,63,24,6,0,0,20,5,14,1,7,0,0,0,1,5,31,199,16,15,0.88,26.4,10.7,25,1.25,0.492,1.6,11.1,,,39.2
"Mountain, Frank",STL,1886,,39,17,33,2,0,0,0,0,0,2,0,11,0,0,5,2,1,15,108,9,11,0.16,-17.6,0,0,1,0.394,0,33.3,,,0
"Muldoon, Mike",STL,1886,,20,12,19,3,1,0,0,4,3,2,0,4,1,0,2,1,0,7,62,5,6,0.22,65.8,8.3,33.3,1.333,0.421,0,21.1,,,36.4
"Peoples, Jimmy",STL,1886,,31,65,79,18,1,0,1,6,3,14,1,6,1,1,6,3,2,26,228,30,23,0.18,27,3.1,11.1,1.222,0.321,1.3,7.6,23,228,18.8
"Ramsey, Toad",STL,1886,,29,83,99,17,2,0,2,11,8,11,4,2,0,0,14,0,0,33,283,40,36,0.07,47.8,4.8,23.5,1.471,0.192,4,2,18,141.5,25
"Robinson, Wilbert",STL,1886,,35,26,31,7,1,1,0,5,4,9,0,2,0,0,3,7,1,8,89,13,9,0.28,55.3,7.7,28.6,1.429,0.29,0,6.5,,,38.5
"Robinson, Yank",STL,1886,,65,262,298,72,10,2,5,49,14,51,15,32,3,1,0,32,17,136,957,104,71,2.27,24.3,6.5,23.6,1.403,0.36,5,10.7,14.2,191.4,26.5
"Smith, Germany",STL,1886,,49,117,131,29,5,4,0,26,12,16,8,4,0,2,8,7,2,74,401,52,38,0.68,37.3,7.7,31,1.448,0.256,6.1,3.1,,,26
"Sullivan, Tom",STL,1886,,11,3,3,0,0,0,0,0,0,0,0,0,0,0,0,0,0,3,10,2,1,-0.05,-20,0,,,0,0,0,,,0
"Sutton, Ezra",STL,1886,,67,291,310,77,11,0,2,59,20,44,10,17,0,2,0,14,8,148,933,117,89,1.19,29.8,4.5,16.9,1.221,0.305,3.2,5.5,44.5,466.5,28.5
"Weise, Merv",STL,1886,Y,7,1,1,0,0,0,0,0,0,0,0,0,0,0,0,0,0,1,4,1,0,-0.02,-20,0,,,0,0,0,,,0
"White, Deacon",STL,1886,,67,283,313,89,10,1,1,32,9,50,12,25,2,3,0,0,2,104,994,100,85,1.08,17.5,4.2,13.5,1.169,0.374,3.8,8,85,994,23.5
"Wolf, Chicken",STL,1886,,65,289,312,93,9,5,1,49,25,56,17,16,1,2,4,17,12,122,949,105,79,1.6,32.9,5.2,16.1,1.237,0.355,5.4,5.1,79,949,28.7
"Zubov, Sergei",STL,1886,Y,1,1,1,0,0,0,0,0,0,0,0,0,0,0,0,0,0,2,4,0,1,-0.02,-40,0,,,0,0,0,,,0
