Player,Team,SN,Prospect,G,GS,CG,SHO,QS,W,L,SV,BSV,Holds,Outs,IP,BFP,AB,H,2B,3B,HR,R,ER,BB,IBB,SO,HBP,SF,SH,WP,BK,GIDP,IR,IRS,NP,GB,FB,WIS-WAR,Clutch,K%,BB%,XBH%,Pitches/Inn,Baserunners/Inn,FB/HR,OBIP,HR%,GB%,FB%
"Baldwin, Lady",CLV,1886,,30,30,15,1,14,12,14,0,0,0,688,229.333,1025,920,238,46,10,6,142,106,71,1,83,6,6,22,5,0,13,0,0,3324,320,305,5.38,16.4,8.1,6.9,26.1,14.5,1.37,50.83,0.968,2.5,31.2,29.8
"Casey, Dan",CLV,1886,,21,8,0,0,6,2,4,0,0,0,224,74.667,325,299,72,7,2,1,29,16,16,0,27,1,1,8,2,1,6,5,0,1032,130,78,1.73,17,8.3,4.9,13.9,13.8,1.19,78,0.947,1.4,40,24
"Fogel, Adam",CLV,1886,Y,1,0,0,0,0,0,0,0,0,0,6,2,10,6,2,0,0,0,0,0,2,1,0,1,0,1,0,0,0,0,0,35,4,1,-0.03,9.6,0,20,0,17.5,2.5,,1.2,0,40,10
"Gilmore, Frank",CLV,1886,,15,0,0,0,0,1,3,7,2,0,56,18.667,94,77,21,1,1,0,14,13,16,0,8,0,1,0,1,0,3,2,2,318,28,21,0.97,5.3,8.5,17,9.5,17,1.98,,0.98,0,29.8,22.3
"Kennedy, Ted",CLV,1886,,4,0,0,0,0,0,2,1,0,0,15,5,24,24,8,1,0,0,4,1,0,0,0,0,0,0,0,0,1,3,1,71,9,7,0.13,13.3,0,0,12.5,14.2,1.6,,0.938,0,37.5,29.2
"Morris, Ed",CLV,1886,,29,29,12,3,21,14,12,0,0,0,696,232,1027,945,254,31,9,2,125,70,45,0,59,3,9,25,4,0,15,0,0,3229,380,285,6.44,20.1,5.7,4.4,16.5,13.9,1.3,142.5,0.958,0.8,37,27.8
"Sams, Tanner",CLV,1886,Y,1,0,0,0,0,0,1,0,0,0,3,1,6,5,3,0,0,0,2,2,0,0,0,0,0,1,0,0,0,0,0,20,2,1,-0.04,-14.3,0,0,0,20,3,,1,0,33.3,16.7
"Shaw, Dupee",CLV,1886,,27,0,0,0,0,1,1,0,0,0,143,47.667,213,199,52,4,3,1,21,13,10,0,15,1,1,2,3,0,2,11,4,670,65,70,0.81,14.1,7,4.7,15.4,14.1,1.32,70,0.948,1.9,30.5,32.9
"Shearer, Jeffrey",CLV,1886,Y,1,0,0,0,0,0,0,0,0,0,5,1.667,9,7,1,0,0,0,0,0,2,0,2,0,0,0,0,0,0,2,0,37,1,3,0.01,18.2,22.2,22.2,0,22.2,1.8,,0.75,0,11.1,33.3
"Twitchell, Larry",CLV,1886,,1,0,0,0,0,0,0,0,0,0,1,0.333,3,2,1,1,0,0,0,0,1,0,0,0,0,0,0,0,0,0,0,12,0,1,-0.05,0,0,33.3,100,36,6,,1,0,0,33.3
"Henderson, Hardie",BLN,1886,,35,0,0,0,0,4,2,1,0,0,204,68,304,271,71,15,0,0,40,33,24,0,11,0,4,5,0,0,11,18,9,950,103,95,1.64,10.9,3.6,7.9,21.1,14,1.4,,0.975,0,33.9,31.3
"McKeon, Larry",BLN,1886,,39,0,0,0,0,5,2,0,0,0,127,42.333,191,171,44,8,2,0,15,13,16,1,3,0,1,3,0,0,2,33,13,584,62,66,1.5,10.2,1.6,8.4,22.7,13.8,1.42,,0.969,0,32.5,34.6
"Mullane, Tony",BLN,1886,,34,34,9,0,20,13,15,0,0,0,762,254,1187,1066,311,40,20,5,179,117,79,9,40,6,5,31,12,1,21,0,0,3666,420,330,3.86,13.5,3.4,6.7,20.9,14.4,1.56,66,0.963,1.6,35.4,27.8
"Porter, Henry",BLN,1886,,33,33,0,0,15,8,16,0,0,0,626,208.667,989,866,268,30,10,12,172,125,71,7,35,5,3,44,7,0,15,0,0,3047,351,259,1.27,9.6,3.5,7.2,19.4,14.6,1.65,21.58,0.969,4.5,35.5,26.2
"Terry, Adonis",BLN,1886,,19,0,0,0,0,0,2,11,6,0,63,21,120,96,30,6,1,0,21,13,19,0,8,2,0,3,4,0,2,17,9,403,37,24,0.95,5.6,6.7,15.8,23.3,19.2,2.43,,0.902,0,30.8,20
"Hecker, Guy",BSN,1886,,34,34,2,1,28,14,13,0,0,0,711,237,1025,924,219,25,10,2,120,66,75,7,21,5,7,14,5,0,26,0,0,3173,379,326,5.86,17.2,2,7.3,16.9,13.4,1.26,163,0.979,0.9,37,31.8
"Henry, John",BSN,1886,,10,0,0,0,0,1,0,1,1,0,16,5.333,26,24,8,1,0,1,5,4,2,0,4,0,0,0,1,0,1,9,2,95,10,2,0.32,8.1,15.4,7.7,25,17.8,1.88,2,1,12.5,38.5,7.7
"Keefe, George",BSN,1886,,20,0,0,0,0,1,0,4,0,0,48,16,75,64,18,2,0,0,5,2,7,1,0,1,2,1,2,0,1,19,6,236,25,24,0.74,12.8,0,9.3,11.1,14.8,1.63,,0.98,0,33.3,32
"Kirby, John",BSN,1886,,51,0,0,0,0,1,2,6,1,0,221,73.667,351,303,85,14,4,3,56,45,40,3,18,0,2,6,6,1,9,17,2,1168,110,97,0.64,8,5.1,11.4,24.7,15.9,1.7,32.33,0.981,3.5,31.3,27.6
"Stemmeyer, Bill",BSN,1886,,33,33,2,0,17,9,16,0,0,0,631,210.333,970,852,213,34,18,10,153,107,94,4,96,6,7,11,23,1,20,0,0,3201,326,231,3.49,15.2,9.9,9.7,29.1,15.2,1.49,23.1,0.961,4.7,33.6,23.8
"Sweeney, Charlie",BSN,1886,,14,0,0,0,0,3,1,1,0,0,62,20.667,101,86,30,3,2,3,17,13,12,0,8,0,3,0,3,2,2,17,10,325,23,28,0.48,7.3,7.9,11.9,26.7,15.7,2.03,9.33,1.059,10,22.8,27.7
"Taylor, Billy",BSN,1886,,15,0,0,0,0,0,1,0,0,0,68,22.667,109,96,24,3,0,0,19,13,11,0,5,0,1,1,0,0,3,5,2,338,40,29,0.06,6,4.6,10.1,12.5,14.9,1.54,,0.913,0,36.7,26.6
"Tuck, Trevor",BSN,1886,Y,5,0,0,0,0,1,2,2,0,0,21,7,33,29,9,1,0,2,4,2,3,1,4,0,1,0,0,0,1,3,2,108,10,7,0.37,13.8,12.1,9.1,33.3,15.4,1.71,3.5,1,22.2,30.3,21.2
"Dunn, Rich",BRO,1886,Y,19,0,0,0,0,2,0,3,2,0,73,24.333,109,91,25,4,3,0,15,13,10,0,7,1,0,7,0,0,1,13,5,358,38,28,1.07,8.7,6.4,9.2,28,14.7,1.48,,1,0,34.9,25.7
"Ely, Bones",BRO,1886,,21,0,0,0,0,0,1,0,2,0,84,28,146,120,40,6,0,2,27,21,20,0,6,1,1,4,0,0,2,8,4,496,43,36,-0.6,1.8,4.1,13.7,20,17.7,2.18,18,0.987,5,29.5,24.7
"Grimm, Lloyd",BRO,1886,Y,4,0,0,0,0,0,0,0,0,0,17,5.667,30,25,11,2,0,0,8,8,5,0,1,0,0,0,0,0,1,3,0,114,5,8,-0.2,-8.9,3.3,16.7,18.2,20.1,2.82,,1.231,0,16.7,26.7
"Hollman, Corey",BRO,1886,Y,13,0,0,0,0,2,0,0,0,0,47,15.667,77,67,24,2,0,1,11,9,8,1,2,1,0,1,0,0,3,13,3,244,24,18,0.25,4.7,2.6,10.4,12.5,15.6,2.11,18,1.071,4.2,31.2,23.4
"Huey, John",BRO,1886,Y,24,0,0,0,0,0,3,3,3,0,98,32.667,163,139,41,10,4,1,25,13,19,2,6,0,2,3,0,0,2,21,8,517,39,58,0.07,9,3.7,11.7,36.6,15.8,1.84,58,0.948,2.4,23.9,35.6
"Mays, Al",BRO,1886,,26,26,5,0,12,4,18,0,0,0,537,179,876,752,220,20,9,10,148,109,87,6,37,10,8,19,16,0,10,0,0,2847,306,215,-0.17,8.2,4.2,9.9,17.7,15.9,1.77,21.5,0.96,4.5,34.9,24.5
"McGinnis, Jumbo",BRO,1886,,24,22,2,1,10,4,13,1,0,0,418,139.333,658,581,164,22,9,9,96,69,45,5,12,11,3,18,0,0,8,2,0,2059,241,184,0.81,12.1,1.8,6.8,24.4,14.8,1.58,20.44,0.955,5.5,36.6,28
"Pechiney, George",BRO,1886,,33,19,1,0,9,2,12,0,1,0,414,138,696,596,181,27,10,3,133,79,66,2,15,10,10,14,5,0,5,10,3,2238,206,215,-0.5,7.2,2.2,9.5,22.1,16.2,1.86,71.67,0.948,1.7,29.6,30.9
"Smith, Phenomenal",BRO,1886,,11,0,0,0,0,0,0,0,0,0,24,8,44,39,18,3,0,1,12,11,4,0,1,0,0,1,1,0,2,8,3,139,13,8,-0.33,-7.4,2.3,9.1,22.2,17.4,2.75,8,1.095,5.6,29.5,18.2
"Vieth, Brett",BRO,1886,Y,11,0,0,0,0,1,4,0,0,0,40,13.333,67,57,22,5,0,1,16,12,8,0,1,0,1,1,0,0,1,4,0,221,25,11,-0.08,-1.1,1.5,11.9,27.3,16.6,2.25,11,1.083,4.5,37.3,16.4
"Wasson, Mark",BRO,1886,Y,6,0,0,0,0,1,0,0,0,0,19,6.333,37,30,12,1,1,1,12,10,7,0,5,0,0,0,0,0,0,7,1,131,8,5,-0.02,-8,13.5,18.9,25,20.7,3,5,1.077,8.3,21.6,13.5
"Clarkson, John",CHC,1886,,34,34,10,2,22,18,11,0,0,0,796,265.333,1163,1063,287,40,13,20,148,99,66,11,114,3,8,23,3,0,21,0,0,3721,372,320,6.73,19.9,9.8,5.7,25.4,14,1.34,16,0.986,7,32,27.5
"Crowley, Aaron",CHC,1886,Y,15,0,0,0,0,1,1,10,2,0,48,16,73,67,20,5,1,0,5,4,5,0,1,1,0,0,0,0,2,7,5,228,24,22,1.5,11.8,1.4,6.8,30,14.3,1.63,,1.022,0,32.9,30.1
"Flynn, Jocko",CHC,1886,,22,22,4,1,18,11,4,0,0,0,486,162,684,609,118,14,5,9,76,45,57,3,62,3,3,12,13,0,20,0,0,2222,233,211,5.18,19.1,9.1,8.3,23.7,13.7,1.1,23.44,0.955,7.6,34.1,30.8
"Hardtack, Blue Lew",CHC,1886,Y,13,0,0,0,0,1,1,4,0,0,39,13,57,52,11,2,0,0,4,4,5,0,5,0,0,0,0,0,0,3,1,179,12,24,0.95,13.4,8.8,8.8,18.2,13.8,1.23,,0.944,0,21.1,42.1
"Lynch, Jack",CHC,1886,,23,11,0,0,5,6,6,1,2,0,246,82,393,349,101,12,5,4,61,40,31,3,10,3,4,6,3,1,3,2,2,1227,135,113,1.37,9.2,2.5,7.9,20.8,15,1.65,28.25,0.952,4,34.4,28.8
"Smith, Bill",CHC,1886,,31,0,0,0,0,2,0,1,0,0,115,38.333,166,145,37,4,3,0,10,10,16,0,16,0,2,3,1,0,2,14,7,566,57,40,1.07,15.6,9.6,9.6,18.9,14.8,1.38,,1.021,0,34.3,24.1
"Watkins, Sherm",CHC,1886,Y,5,0,0,0,0,1,2,0,0,0,11,3.667,19,14,3,2,0,0,5,4,4,0,2,0,0,1,0,0,0,0,0,63,6,4,0.24,-2.2,10.5,21.1,66.7,17.2,1.91,,0.9,0,31.6,21.1
"White, Will",CHC,1886,,14,0,0,0,0,2,0,0,0,0,60,20,92,80,13,2,0,1,13,3,8,1,3,1,0,3,1,0,0,6,2,298,39,28,0.74,12.2,3.3,8.7,23.1,14.9,1.1,28,0.851,7.7,42.4,30.4
"Boyle, Henry",CIN,1886,,21,20,3,1,14,8,6,0,0,0,431,143.667,637,568,151,15,13,7,85,56,39,9,44,5,7,18,4,0,6,0,0,1972,224,173,3.21,15.4,6.9,6.1,23.2,13.7,1.36,24.71,0.975,4.6,35.2,27.2
"Chamberlain, Elton",CIN,1886,,19,0,0,0,0,1,2,0,1,0,48,16,96,86,33,6,5,0,23,18,7,0,2,1,0,2,0,0,0,13,5,303,30,23,-0.11,-3.1,2.1,7.3,33.3,18.9,2.56,,0.868,0,31.3,24
"Harkins, John",CIN,1886,,34,10,6,0,6,8,6,1,2,0,366,122,568,509,141,18,12,7,78,56,42,3,23,1,2,14,4,0,4,15,6,1775,200,159,2.18,11.9,4,7.4,26.2,14.5,1.51,22.71,0.955,5,35.2,28
"Radbourn, Charley",CIN,1886,,40,32,18,2,18,16,14,1,0,0,820,273.333,1230,1109,294,32,12,9,161,97,73,17,67,4,8,36,4,0,21,5,1,3793,443,347,6.39,20.7,5.4,5.9,18,13.9,1.36,38.56,0.953,3.1,36,28.2
"Wiedman, Stump",CIN,1886,,27,5,0,0,1,1,5,4,4,0,133,44.333,228,209,70,12,6,3,51,35,12,1,13,2,2,3,3,1,3,10,4,695,67,64,0.4,5.5,5.7,5.3,30,15.7,1.89,21.33,0.916,4.3,29.4,28.1
"Conway, Dick",LOU,1886,,10,0,0,0,0,1,0,0,0,0,43,14.333,70,63,23,8,2,1,13,12,4,0,6,0,0,3,0,0,1,7,2,223,20,17,0.16,4.3,8.6,5.7,47.8,15.6,1.88,17,1,4.3,28.6,24.3
"Cushman, Ed",LOU,1886,,20,20,0,0,14,8,5,0,0,0,382,127.333,574,509,136,15,4,2,71,44,44,0,23,3,4,14,6,1,8,0,0,1849,188,179,2.79,13.8,4,7.7,15.4,14.5,1.44,89.5,0.978,1.5,32.8,31.2
"Fancher, Vincent",LOU,1886,Y,8,0,0,0,0,2,1,0,0,0,29,9.667,49,39,13,1,0,0,8,6,8,0,5,0,0,2,0,0,0,5,0,175,15,8,0.41,5.8,10.2,16.3,7.7,18.1,2.17,,1.043,0,30.6,16.3
"Healy, John",LOU,1886,,42,4,0,0,2,5,7,8,1,0,265,88.333,383,340,79,19,7,1,45,26,30,1,28,2,2,9,5,0,3,31,13,1235,146,97,3.44,16.8,7.3,7.8,34.2,14,1.26,97,0.975,1.3,38.1,25.3
"Hoffmiester, Jeffery",LOU,1886,Y,14,0,0,0,0,0,1,1,0,0,55,18.333,86,67,15,7,0,0,12,12,16,0,4,0,0,3,1,0,0,5,1,312,29,22,0.04,4.4,4.7,18.6,46.7,17,1.69,,1,0,33.7,25.6
"Houck, Garry",LOU,1886,Y,16,0,0,0,0,0,2,8,5,0,54,18,93,83,26,5,1,0,17,5,9,1,5,0,0,1,1,0,2,8,4,288,30,22,0.86,11.9,5.4,9.7,23.1,16,1.94,,0.942,0,32.3,23.7
"Kilroy, Matt",LOU,1886,,25,18,9,0,14,10,5,0,0,0,439,146.333,646,568,132,15,5,3,64,40,55,0,49,6,3,14,9,2,11,7,3,2110,218,184,4.23,17.9,7.6,8.5,17.4,14.4,1.32,61.33,0.97,2.3,33.7,28.5
"Lyons, Jackie",LOU,1886,Y,5,4,0,0,2,2,1,0,0,0,77,25.667,116,108,29,13,0,1,20,14,6,0,7,2,0,0,1,0,3,1,0,365,38,34,0.71,8.2,6,5.2,48.3,14.2,1.44,34,0.972,3.4,32.8,29.3
"Poole, Vic",LOU,1886,Y,2,0,0,0,0,1,0,0,0,0,7,2.333,12,12,5,3,0,0,3,3,0,0,0,0,0,0,0,0,0,0,0,36,5,2,0.23,-4.1,0,0,60,15.4,2.14,,1,0,41.7,16.7
"Welch, Mickey",LOU,1886,,21,21,4,0,8,7,8,0,0,0,418,139.333,621,546,156,15,9,3,94,63,46,1,49,3,1,25,9,0,7,0,0,1994,209,158,2.82,14.1,7.9,7.4,17.3,14.3,1.47,52.67,1.005,1.9,33.7,25.4
"Whitaker, Norberto",LOU,1886,Y,13,0,0,0,0,0,1,0,0,0,32,10.667,58,45,14,0,0,1,12,11,12,0,4,0,0,1,0,0,0,4,3,194,15,13,-0.34,-3.3,6.9,20.7,7.1,18.2,2.44,13,1,7.1,25.9,22.4
"Barr, Bob",NYG,1886,,17,14,4,0,7,4,10,0,0,0,295,98.333,493,443,138,20,6,6,99,58,35,5,24,1,2,12,7,0,6,3,2,1568,164,129,0.4,8.3,4.9,7.1,23.2,15.9,1.77,21.5,0.925,4.3,33.3,26.2
"Berry, Joseph",NYG,1886,Y,8,0,0,0,0,0,0,0,0,0,19,6.333,34,31,14,3,0,1,8,8,2,0,1,0,1,0,0,0,1,11,2,103,6,11,-0.23,-4.6,2.9,5.9,28.6,16.3,2.53,11,1.059,7.1,17.6,32.4
"Brodrick, Jordan",NYG,1886,Y,4,0,0,0,0,0,0,0,0,0,13,4.333,20,19,4,1,0,0,2,0,1,0,2,0,0,0,1,0,0,5,3,67,7,6,0.08,17.1,10,5,25,15.5,1.15,,0.846,0,35,30
"Daily, Ed",NYG,1886,,19,19,7,0,7,4,11,0,0,0,395,131.667,616,539,146,23,4,0,89,54,53,8,39,4,6,14,11,0,5,0,0,2023,204,170,1.81,13.6,6.3,8.6,18.5,15.4,1.54,,0.952,0,33.1,27.6
"Daily, Hugh",NYG,1886,,13,0,0,0,0,0,0,0,0,0,35,11.667,71,61,28,9,1,0,16,10,8,0,3,0,1,1,0,0,1,16,11,232,20,12,-0.45,0.9,4.2,11.3,35.7,19.9,3.09,,1,0,28.2,16.9
"Fitzgerald, William",NYG,1886,Y,2,0,0,0,0,0,0,0,0,0,7,2.333,11,11,2,1,0,0,1,0,0,0,1,0,0,0,0,0,0,0,0,34,6,2,0.07,17.8,9.1,0,50,14.6,0.86,,0.75,0,54.5,18.2
"Keefe, Tim",NYG,1886,,34,34,20,1,21,12,15,0,0,0,838,279.333,1238,1121,295,38,17,4,145,90,76,20,117,5,9,27,10,0,17,0,0,3943,402,342,6.66,21.2,9.5,6.1,20,14.1,1.35,85.5,0.969,1.4,32.5,27.6
"Redmond, Jake",NYG,1886,Y,14,0,0,0,0,0,0,2,0,0,36,12,70,61,22,4,1,1,16,12,9,0,4,0,0,0,1,0,1,11,4,238,15,20,-0.14,0.4,5.7,12.9,27.3,19.8,2.58,20,0.914,4.5,21.4,28.6
"Shaffer, John",NYG,1886,,22,0,0,0,0,3,3,1,1,0,66,22,109,90,21,3,0,0,15,9,17,0,5,1,0,1,0,0,3,13,3,376,39,26,0.81,8,4.6,15.6,14.3,17.1,1.77,,0.938,0,35.8,23.9
"Sharp, Bryce",NYG,1886,Y,2,0,0,0,0,0,0,0,0,0,6,2,10,10,3,1,0,0,3,2,0,0,2,0,0,0,0,0,0,1,0,31,0,5,0.04,8,20,0,33.3,15.5,1.5,,0.8,0,0,50
"Toole, Steve",NYG,1886,,16,0,0,0,0,2,1,3,0,0,53,17.667,89,74,19,2,0,0,14,9,11,1,4,0,2,2,0,0,1,18,5,294,28,27,0.85,8,4.5,12.4,10.5,16.6,1.7,,0.891,0,31.5,30.3
"Hart, Bill",PAT,1886,,33,0,0,0,0,4,1,6,1,0,188,62.667,280,248,61,6,3,2,36,24,21,0,9,5,0,6,5,0,6,4,2,893,90,94,2.17,12.1,3.2,7.5,18,14.3,1.39,47,0.973,3.3,32.1,33.6
"Hofford, John",PAT,1886,,13,0,0,0,0,1,0,2,1,0,54,18,89,72,20,2,0,0,16,13,12,1,3,2,0,3,0,1,1,1,1,298,27,24,0.4,3.4,3.4,13.5,10,16.6,1.89,,1,0,30.3,27
"Mathews, Bobby",PAT,1886,,3,0,0,0,0,1,0,0,0,0,18,6,28,23,5,0,1,0,1,1,3,2,1,0,1,1,1,0,0,4,2,88,11,8,0.31,11.1,3.6,10.7,20,14.7,1.33,,0.895,0,39.3,28.6
"McCormick, Jim",PAT,1886,,31,31,0,0,22,13,11,0,0,0,591,197,866,765,179,31,8,6,100,48,75,6,66,3,4,19,4,2,13,0,0,2796,306,235,5.34,20.9,7.6,8.7,25.1,14.2,1.3,39.17,0.97,3.4,35.3,27.1
"Miller, Cyclone",PAT,1886,,34,5,0,0,4,7,3,3,0,0,265,88.333,402,346,81,7,3,1,44,22,40,2,21,3,3,10,10,0,6,5,1,1299,133,123,2.82,16.3,5.2,10,13.6,14.7,1.4,123,0.953,1.2,33.1,30.6
"Whitney, Jim",PAT,1886,,31,31,6,0,15,14,12,0,0,0,673,224.333,1013,926,271,30,16,5,157,104,48,7,48,3,8,28,10,1,17,0,0,3117,352,291,5.1,15,4.7,4.7,18.8,13.9,1.44,58.2,0.972,1.8,34.7,28.7
"Atkinson, Al",PHI,1886,,15,0,0,0,0,1,2,1,0,0,34,11.333,58,52,19,3,1,3,12,11,5,0,3,0,0,1,3,0,1,10,2,199,17,14,0,1.2,5.2,8.6,36.8,17.6,2.12,4.67,1,15.8,29.3,24.1
"Ferguson, Charlie",PHI,1886,,34,34,6,1,32,25,3,0,0,0,800,266.667,1057,963,189,25,5,3,60,43,63,15,98,5,8,18,4,0,16,0,0,3410,367,333,12.52,25,9.3,6,17.5,12.8,0.96,111,1.003,1.6,34.7,31.5
"Foutz, Dave",PHI,1886,,33,33,9,2,23,19,7,0,0,0,747,249,1110,987,260,40,16,3,117,90,90,11,62,4,6,23,7,0,19,0,0,3589,390,302,6.73,17,5.6,8.1,22.7,14.4,1.42,100.67,0.99,1.2,35.1,27.2
"Handiboe, Jim",PHI,1886,,33,0,0,0,0,7,2,6,1,0,160,53.333,240,208,51,5,3,0,28,21,19,2,18,4,2,7,0,0,3,10,1,778,92,56,3.22,13.4,7.5,7.9,15.7,14.6,1.39,,0.959,0,38.3,23.3
"Markus, Ernie",PHI,1886,Y,5,0,0,0,0,0,0,1,0,0,11,3.667,19,18,8,1,0,1,5,5,1,0,1,0,0,0,0,0,1,2,2,63,6,3,-0.03,-3.7,5.3,5.3,25,17.2,2.45,3,1.111,12.5,31.6,15.8
"Titcomb, Cannonball",PHI,1886,,3,0,0,0,0,0,0,0,0,0,11,3.667,18,15,4,1,0,0,3,2,2,0,0,0,1,0,2,0,0,5,1,62,6,6,-0.01,4,0,11.1,25,16.9,1.64,,0.917,0,33.3,33.3
"Wass, Brendan",PHI,1886,Y,12,0,0,0,0,0,0,4,0,0,25,8.333,38,35,10,5,1,0,5,5,2,0,6,1,0,0,0,0,0,7,3,124,10,9,0.63,12.3,15.8,5.3,60,14.9,1.56,,1,0,26.3,23.7
"Welcome, Adam",PHI,1886,Y,13,0,0,0,0,1,0,4,1,0,33,11,52,51,16,5,0,0,5,5,1,0,11,0,0,0,2,0,0,2,1,166,11,13,0.97,17.3,21.2,1.9,31.3,15.1,1.55,,0.917,0,21.2,25
"Clemmons, Marques",PIT,1886,Y,4,0,0,0,0,0,0,0,0,0,37,12.333,53,48,10,1,0,0,4,2,3,0,4,0,1,1,0,0,0,2,0,167,19,17,0.24,14.1,7.5,5.7,10,13.5,1.05,,0.917,0,35.8,32.1
"Conway, Pete",PIT,1886,,33,33,0,0,3,3,18,0,0,0,411,137,655,579,171,22,8,4,113,82,58,7,46,4,2,12,4,0,11,0,0,2129,214,160,0.72,9.8,7,8.9,19.9,15.5,1.7,40,0.976,2.3,32.7,24.4
"Galvin, Pud",PIT,1886,,34,33,0,0,22,9,18,0,0,0,635,211.667,957,894,265,45,7,1,142,88,36,7,12,4,4,19,4,0,17,2,0,2910,374,263,3.53,14.5,1.3,3.8,20,13.7,1.44,263,0.978,0.4,39.1,27.5
"Keeler, Alvaro",PIT,1886,Y,9,0,0,0,0,0,0,0,0,0,63,21,101,93,27,6,0,4,17,13,6,0,6,0,0,2,0,0,1,10,2,311,37,25,-0.24,6.2,5.9,5.9,37,14.8,1.57,6.25,0.919,14.8,36.6,24.8
"King, Silver",PIT,1886,,28,0,0,0,0,2,3,3,1,0,64,21.333,103,93,29,2,0,0,16,7,7,3,8,0,1,2,3,0,2,12,6,329,36,23,0.96,13.3,7.8,6.8,6.9,15.4,1.69,,0.949,0,35,22.3
"Lalllathin, Richard",PIT,1886,Y,10,0,0,0,0,0,1,1,1,0,36,12,54,50,14,1,0,1,7,6,3,2,5,0,0,1,0,0,1,7,2,161,20,12,0.18,10.3,9.3,5.6,14.3,13.4,1.42,12,0.969,7.1,37,22.2
"Madigan, Tony",PIT,1886,,21,1,0,0,0,0,2,3,2,0,88,29.333,161,138,60,13,3,2,37,32,14,0,2,0,5,4,0,0,2,19,10,505,48,36,-0.55,-2.6,1.2,8.7,30,17.2,2.52,18,1.024,3.3,29.8,22.4
"Murphy, Joe",PIT,1886,,29,0,0,0,0,0,2,0,0,0,113,37.667,202,160,49,6,1,2,38,28,33,3,9,1,1,7,8,0,2,30,15,701,61,48,-0.81,1.4,4.5,16.3,18.4,18.6,2.2,24,0.954,4.1,30.2,23.8
"O'Day, Hank",PIT,1886,,32,0,0,0,0,3,1,4,3,0,82,27.333,121,109,27,1,1,1,16,13,10,1,21,1,1,0,0,0,4,18,4,423,38,24,1.69,14,17.4,8.3,11.1,15.5,1.39,24,0.984,3.7,31.4,19.8
"Roeber, Toby",PIT,1886,Y,19,0,0,0,0,1,0,0,0,0,33,11,55,47,15,2,0,1,11,8,8,0,4,0,0,0,0,0,1,19,9,179,14,14,0.05,3.2,7.3,14.5,20,16.3,2.09,14,1.036,6.7,25.5,25.5
"Scowden, Vern",PIT,1886,Y,15,0,0,0,0,0,0,1,1,0,25,8.333,43,33,9,0,0,1,6,5,8,0,7,0,0,2,0,0,0,8,2,158,9,10,0.01,8.5,16.3,18.6,11.1,19,2.04,10,0.947,11.1,20.9,23.3
"Singhi, Kurt",PIT,1886,Y,12,0,0,0,0,0,0,0,0,0,63,21,130,109,50,8,0,3,40,38,17,0,2,2,2,0,0,0,4,11,7,428,26,33,-1.22,-16.4,1.5,13.1,22,20.4,3.29,11,1.034,6,20,25.4
"Smith, Elmer",PIT,1886,,30,0,0,0,0,2,2,1,1,0,124,41.333,207,165,40,8,1,1,29,19,33,1,9,3,0,6,0,0,3,29,9,697,79,42,0.32,7.4,4.3,15.9,25,16.9,1.84,42,0.95,2.5,38.2,20.3
"Brumbly, Steve",STL,1886,Y,14,0,0,0,0,5,0,0,1,0,49,16.333,66,60,16,4,0,1,8,8,4,0,6,0,1,1,0,0,2,11,3,214,21,19,1.48,9.4,9.1,6.1,31.3,13.1,1.22,19,1.075,6.3,31.8,28.8
"Caruthers, Bob",STL,1886,,29,27,2,0,21,10,7,2,0,0,610,203.333,896,819,192,30,9,0,98,60,48,3,34,8,2,19,2,0,12,3,0,2752,317,292,5.64,21.6,3.8,5.4,20.3,13.5,1.22,,0.946,0,35.4,32.6
"Getzien, Charlie",STL,1886,,24,1,0,0,1,3,1,2,2,0,93,31,152,143,47,9,1,0,26,18,7,0,16,0,0,2,3,1,1,16,10,482,43,39,1.19,11,10.5,4.6,21.3,15.5,1.74,,0.939,0,28.3,25.7
"Hudson, Nat",STL,1886,,30,11,1,1,8,11,6,3,3,0,308,102.667,448,404,103,13,9,4,58,36,26,2,17,3,3,12,1,0,9,11,2,1410,156,143,4.08,14.3,3.8,5.8,25.2,13.7,1.29,35.75,0.973,3.9,34.8,31.9
"Ramsey, Toad",STL,1886,,29,28,13,1,17,15,5,0,1,0,673,224.333,1025,892,207,24,8,5,118,89,106,5,55,7,8,12,6,1,13,2,2,3334,357,290,5.13,15,5.4,10.3,17.9,14.9,1.43,58,0.955,2.4,34.8,28.3
"Sullivan, Tom",STL,1886,,11,0,0,0,0,1,1,0,0,0,43,14.333,60,52,12,1,0,1,4,3,6,1,2,1,0,1,2,0,2,8,2,199,21,18,0.31,10.8,3.3,10,16.7,13.9,1.33,18,1.051,8.3,35,30
"Weise, Merv",STL,1886,Y,7,0,0,0,0,0,1,2,1,0,18,6,42,31,12,3,0,0,12,8,9,0,5,1,0,1,0,0,1,1,0,150,10,4,-0.04,-4.3,11.9,21.4,25,25,3.67,,0.929,0,23.8,9.5
