Player,Team,SN,Prospect,Split,G,GS,W,L,SV,BSV,IP,H,ER,2B,3B,HR,BB,SO,HBP,BFP,NP
"Baldwin, Lady",CLV,1886,,Away,15,15,6,8,0,0,118.7,112,48,18,6,3,38,50,1,518,1689
"Baldwin, Lady",CLV,1886,,Home,15,15,6,6,0,0,110.7,126,58,28,4,3,33,33,5,507,1635
"Baldwin, Lady",CLV,1886,,VS LHB,28,28,0,0,0,0,0,39,0,7,2,1,24,24,0,215,0
"Baldwin, Lady",CLV,1886,,VS RHB,30,30,0,0,0,0,0,199,0,39,8,5,47,59,6,810,0
"Casey, Dan",CLV,1886,,Away,6,3,1,2,0,0,24.7,25,3,3,1,0,5,10,0,109,342
"Casey, Dan",CLV,1886,,Home,15,5,1,2,0,0,50,47,13,4,1,1,11,17,1,216,690
"Casey, Dan",CLV,1886,,VS LHB,18,6,0,0,0,0,0,15,0,1,0,0,3,4,0,65,0
"Casey, Dan",CLV,1886,,VS RHB,19,8,0,0,0,0,0,57,0,6,2,1,13,23,1,260,0
"Fogel, Adam",CLV,1886,Y,Home,1,0,0,0,0,0,2,2,0,0,0,0,2,0,1,10,35
"Fogel, Adam",CLV,1886,Y,VS LHB,1,0,0,0,0,0,0,1,0,0,0,0,2,0,1,7,0
"Fogel, Adam",CLV,1886,Y,VS RHB,1,0,0,0,0,0,0,1,0,0,0,0,0,0,0,3,0
"Gilmore, Frank",CLV,1886,,Away,6,0,1,1,3,0,8.7,3,2,1,0,0,6,3,0,35,116
"Gilmore, Frank",CLV,1886,,Home,9,0,0,2,4,2,10,18,11,0,1,0,10,5,0,59,202
"Gilmore, Frank",CLV,1886,,VS LHB,14,0,0,0,0,0,0,7,0,0,0,0,6,1,0,29,0
"Gilmore, Frank",CLV,1886,,VS RHB,15,0,0,0,0,0,0,14,0,1,1,0,10,7,0,65,0
"Kennedy, Ted",CLV,1886,,Away,1,0,0,0,1,0,1,0,0,0,0,0,0,0,0,2,6
"Kennedy, Ted",CLV,1886,,Home,3,0,0,2,0,0,4,8,1,1,0,0,0,0,0,22,65
"Kennedy, Ted",CLV,1886,,VS LHB,3,0,0,0,0,0,0,2,0,0,0,0,0,0,0,11,0
"Kennedy, Ted",CLV,1886,,VS RHB,4,0,0,0,0,0,0,6,0,1,0,0,0,0,0,13,0
"Morris, Ed",CLV,1886,,Away,14,14,9,4,0,0,115.7,114,23,9,3,0,24,27,2,494,1562
"Morris, Ed",CLV,1886,,Home,15,15,5,8,0,0,116.3,140,47,22,6,2,21,32,1,533,1667
"Morris, Ed",CLV,1886,,VS LHB,26,26,0,0,0,0,0,38,0,5,2,0,8,11,1,211,0
"Morris, Ed",CLV,1886,,VS RHB,29,29,0,0,0,0,0,216,0,26,7,2,37,48,2,816,0
"Sams, Tanner",CLV,1886,Y,Home,1,0,0,1,0,0,1,3,2,0,0,0,0,0,0,6,20
"Sams, Tanner",CLV,1886,Y,VS LHB,1,0,0,0,0,0,0,1,0,0,0,0,0,0,0,3,0
"Sams, Tanner",CLV,1886,Y,VS RHB,1,0,0,0,0,0,0,2,0,0,0,0,0,0,0,3,0
"Shaw, Dupee",CLV,1886,,Away,9,0,0,0,0,0,14.7,17,1,1,1,0,0,4,0,61,184
"Shaw, Dupee",CLV,1886,,Home,18,0,1,1,0,0,33,35,12,3,2,1,10,11,1,152,486
"Shaw, Dupee",CLV,1886,,VS LHB,21,0,0,0,0,0,0,7,0,0,2,0,3,1,1,46,0
"Shaw, Dupee",CLV,1886,,VS RHB,27,0,0,0,0,0,0,45,0,4,1,1,7,14,0,167,0
"Shearer, Jeffrey",CLV,1886,Y,Home,1,0,0,0,0,0,1.7,1,0,0,0,0,2,2,0,9,37
"Shearer, Jeffrey",CLV,1886,Y,VS LHB,1,0,0,0,0,0,0,1,0,0,0,0,2,0,0,6,0
"Shearer, Jeffrey",CLV,1886,Y,VS RHB,1,0,0,0,0,0,0,0,0,0,0,0,0,2,0,3,0
"Twitchell, Larry",CLV,1886,,Home,1,0,0,0,0,0,0.3,1,0,1,0,0,1,0,0,3,12
"Twitchell, Larry",CLV,1886,,VS LHB,1,0,0,0,0,0,0,0,0,0,0,0,1,0,0,2,0
"Twitchell, Larry",CLV,1886,,VS RHB,1,0,0,0,0,0,0,1,0,1,0,0,0,0,0,1,0
"Henderson, Hardie",BLN,1886,,Away,17,0,0,2,1,0,26,27,10,9,0,0,9,4,0,114,354
"Henderson, Hardie",BLN,1886,,Home,18,0,4,0,0,0,42,44,23,6,0,0,15,7,0,190,596
"Henderson, Hardie",BLN,1886,,VS LHB,31,0,0,0,0,0,0,25,0,3,0,0,7,1,0,77,0
"Henderson, Hardie",BLN,1886,,VS RHB,35,0,0,0,0,0,0,46,0,12,0,0,17,10,0,227,0
"McKeon, Larry",BLN,1886,,Away,21,0,3,1,0,0,21.3,23,6,2,0,0,9,1,0,96,297
"McKeon, Larry",BLN,1886,,Home,18,0,2,1,0,0,21,21,7,6,2,0,7,2,0,95,287
"McKeon, Larry",BLN,1886,,VS LHB,22,0,0,0,0,0,0,5,0,1,0,0,4,1,0,38,0
"McKeon, Larry",BLN,1886,,VS RHB,38,0,0,0,0,0,0,39,0,7,2,0,12,2,0,153,0
"Mullane, Tony",BLN,1886,,Away,17,17,6,7,0,0,124,152,52,16,8,1,45,20,5,589,1849
"Mullane, Tony",BLN,1886,,Home,17,17,7,8,0,0,130,159,65,24,12,4,34,20,1,598,1817
"Mullane, Tony",BLN,1886,,VS LHB,34,34,0,0,0,0,0,79,0,9,7,0,24,6,2,273,0
"Mullane, Tony",BLN,1886,,VS RHB,34,34,0,0,0,0,0,232,0,31,13,5,55,34,4,914,0
"Porter, Henry",BLN,1886,,Away,18,18,5,9,0,0,118,136,60,14,6,3,37,28,1,544,1699
"Porter, Henry",BLN,1886,,Home,15,15,3,7,0,0,90.7,132,65,16,4,9,34,7,4,445,1348
"Porter, Henry",BLN,1886,,VS LHB,32,32,0,0,0,0,0,76,0,5,4,4,22,5,2,219,0
"Porter, Henry",BLN,1886,,VS RHB,33,33,0,0,0,0,0,192,0,25,6,8,49,30,3,770,0
"Terry, Adonis",BLN,1886,,Away,12,0,0,2,6,5,12.7,19,9,4,1,0,17,4,2,81,279
"Terry, Adonis",BLN,1886,,Home,7,0,0,0,5,1,8.3,11,4,2,0,0,2,4,0,39,124
"Terry, Adonis",BLN,1886,,VS LHB,17,0,0,0,0,0,0,9,0,3,1,0,9,3,1,36,0
"Terry, Adonis",BLN,1886,,VS RHB,19,0,0,0,0,0,0,21,0,3,0,0,10,5,1,84,0
"Hecker, Guy",BSN,1886,,Away,18,18,7,7,0,0,128,105,31,13,4,1,39,10,1,540,1676
"Hecker, Guy",BSN,1886,,Home,16,16,7,6,0,0,109,114,35,12,6,1,36,11,4,485,1497
"Hecker, Guy",BSN,1886,,VS LHB,34,34,0,0,0,0,0,71,0,8,7,0,26,6,2,346,0
"Hecker, Guy",BSN,1886,,VS RHB,34,34,0,0,0,0,0,148,0,17,3,2,49,15,3,679,0
"Henry, John",BSN,1886,,Away,3,0,0,0,0,0,2.3,2,0,0,0,0,0,0,0,9,29
"Henry, John",BSN,1886,,Home,7,0,1,0,1,1,3,6,4,1,0,1,2,4,0,17,66
"Henry, John",BSN,1886,,VS LHB,6,0,0,0,0,0,0,2,0,0,0,0,1,1,0,7,0
"Henry, John",BSN,1886,,VS RHB,9,0,0,0,0,0,0,6,0,1,0,1,1,3,0,19,0
"Keefe, George",BSN,1886,,Away,11,0,1,0,3,0,7,9,0,1,0,0,4,0,0,35,110
"Keefe, George",BSN,1886,,Home,9,0,0,0,1,0,9,9,2,1,0,0,3,0,1,40,126
"Keefe, George",BSN,1886,,VS LHB,10,0,0,0,0,0,0,2,0,0,0,0,2,0,0,15,0
"Keefe, George",BSN,1886,,VS RHB,20,0,0,0,0,0,0,16,0,2,0,0,5,0,1,60,0
"Kirby, John",BSN,1886,,Away,25,0,1,1,3,0,36,35,14,7,0,0,17,10,0,159,526
"Kirby, John",BSN,1886,,Home,26,0,0,1,3,1,37.7,50,31,7,4,3,23,8,0,192,642
"Kirby, John",BSN,1886,,VS LHB,42,0,0,0,0,0,0,38,0,5,2,0,16,7,0,126,0
"Kirby, John",BSN,1886,,VS RHB,51,0,0,0,0,0,0,47,0,9,2,3,24,11,0,225,0
"Stemmeyer, Bill",BSN,1886,,Away,17,17,5,10,0,0,108,104,54,16,9,5,54,46,1,510,1677
"Stemmeyer, Bill",BSN,1886,,Home,16,16,4,6,0,0,102.3,109,53,18,9,5,40,50,5,460,1524
"Stemmeyer, Bill",BSN,1886,,VS LHB,33,33,0,0,0,0,0,70,0,7,6,1,28,32,2,300,0
"Stemmeyer, Bill",BSN,1886,,VS RHB,33,33,0,0,0,0,0,143,0,27,12,9,66,64,4,670,0
"Sweeney, Charlie",BSN,1886,,Away,4,0,0,0,1,0,3.7,3,2,0,0,0,6,1,0,21,74
"Sweeney, Charlie",BSN,1886,,Home,10,0,3,1,0,0,17,27,11,3,2,3,6,7,0,80,251
"Sweeney, Charlie",BSN,1886,,VS LHB,13,0,0,0,0,0,0,13,0,0,1,1,4,2,0,35,0
"Sweeney, Charlie",BSN,1886,,VS RHB,13,0,0,0,0,0,0,17,0,3,1,2,8,6,0,66,0
"Taylor, Billy",BSN,1886,,Away,6,0,0,0,0,0,9.3,9,7,2,0,0,7,2,0,47,147
"Taylor, Billy",BSN,1886,,Home,9,0,0,1,0,0,13.3,15,6,1,0,0,4,3,0,62,191
"Taylor, Billy",BSN,1886,,VS LHB,14,0,0,0,0,0,0,6,0,0,0,0,1,0,0,37,0
"Taylor, Billy",BSN,1886,,VS RHB,15,0,0,0,0,0,0,18,0,3,0,0,10,5,0,72,0
"Tuck, Trevor",BSN,1886,Y,Away,2,0,0,2,0,0,3.3,5,2,1,0,2,1,2,0,17,51
"Tuck, Trevor",BSN,1886,Y,Home,3,0,1,0,2,0,3.7,4,0,0,0,0,2,2,0,16,57
"Tuck, Trevor",BSN,1886,Y,VS LHB,5,0,0,0,0,0,0,3,0,0,0,1,1,1,0,11,0
"Tuck, Trevor",BSN,1886,Y,VS RHB,5,0,0,0,0,0,0,6,0,1,0,1,2,3,0,22,0
"Dunn, Rich",BRO,1886,Y,Away,13,0,0,0,2,1,14.7,19,10,3,3,0,9,5,1,72,233
"Dunn, Rich",BRO,1886,Y,Home,6,0,2,0,1,1,9.7,6,3,1,0,0,1,2,0,37,125
"Dunn, Rich",BRO,1886,Y,VS LHB,16,0,0,0,0,0,0,4,0,1,0,0,2,3,0,28,0
"Dunn, Rich",BRO,1886,Y,VS RHB,17,0,0,0,0,0,0,21,0,3,3,0,8,4,1,81,0
"Ely, Bones",BRO,1886,,Away,4,0,0,1,0,0,4.7,8,3,2,0,0,6,3,0,28,102
"Ely, Bones",BRO,1886,,Home,17,0,0,0,0,2,23.3,32,18,4,0,2,14,3,1,118,394
"Ely, Bones",BRO,1886,,VS LHB,20,0,0,0,0,0,0,11,0,2,0,2,8,2,0,39,0
"Ely, Bones",BRO,1886,,VS RHB,21,0,0,0,0,0,0,29,0,4,0,0,12,4,1,107,0
"Grimm, Lloyd",BRO,1886,Y,Away,3,0,0,0,0,0,4.7,8,6,1,0,0,4,1,0,24,92
"Grimm, Lloyd",BRO,1886,Y,Home,1,0,0,0,0,0,1,3,2,1,0,0,1,0,0,6,22
"Grimm, Lloyd",BRO,1886,Y,VS LHB,4,0,0,0,0,0,0,3,0,2,0,0,2,0,0,8,0
"Grimm, Lloyd",BRO,1886,Y,VS RHB,4,0,0,0,0,0,0,8,0,0,0,0,3,1,0,22,0
"Hollman, Corey",BRO,1886,Y,Away,9,0,1,0,0,0,11,13,4,2,0,0,4,1,0,47,147
"Hollman, Corey",BRO,1886,Y,Home,4,0,1,0,0,0,4.7,11,5,0,0,1,4,1,1,30,97
"Hollman, Corey",BRO,1886,Y,VS LHB,7,0,0,0,0,0,0,6,0,1,0,0,3,1,0,18,0
"Hollman, Corey",BRO,1886,Y,VS RHB,12,0,0,0,0,0,0,18,0,1,0,1,5,1,1,59,0
"Huey, John",BRO,1886,Y,Away,9,0,0,1,0,1,14.7,20,7,3,4,0,10,3,0,76,243
"Huey, John",BRO,1886,Y,Home,15,0,0,2,3,2,18,21,6,7,0,1,9,3,0,87,274
"Huey, John",BRO,1886,Y,VS LHB,19,0,0,0,0,0,0,7,0,2,1,0,4,0,0,33,0
"Huey, John",BRO,1886,Y,VS RHB,23,0,0,0,0,0,0,34,0,8,3,1,15,6,0,130,0
"Mays, Al",BRO,1886,,Away,13,13,4,8,0,0,90,114,50,12,3,3,44,18,4,445,1439
"Mays, Al",BRO,1886,,Home,13,13,0,10,0,0,89,106,59,8,6,7,43,19,6,431,1408
"Mays, Al",BRO,1886,,VS LHB,26,26,0,0,0,0,0,71,0,10,3,1,30,15,2,244,0
"Mays, Al",BRO,1886,,VS RHB,26,26,0,0,0,0,0,149,0,10,6,9,57,22,8,632,0
"McGinnis, Jumbo",BRO,1886,,Away,10,8,1,6,1,0,47,58,24,4,4,6,14,4,4,225,706
"McGinnis, Jumbo",BRO,1886,,Home,14,14,3,7,0,0,92.3,106,45,18,5,3,31,8,7,433,1353
"McGinnis, Jumbo",BRO,1886,,VS LHB,24,22,0,0,0,0,0,41,0,3,5,1,20,2,2,152,0
"McGinnis, Jumbo",BRO,1886,,VS RHB,24,22,0,0,0,0,0,123,0,19,4,8,25,10,9,506,0
"Pechiney, George",BRO,1886,,Away,15,11,2,5,0,0,70,95,41,15,8,1,28,11,7,347,1110
"Pechiney, George",BRO,1886,,Home,18,8,0,7,0,1,68,86,38,12,2,2,38,4,3,349,1128
"Pechiney, George",BRO,1886,,VS LHB,32,19,0,0,0,0,0,46,0,7,3,1,19,5,3,188,0
"Pechiney, George",BRO,1886,,VS RHB,33,19,0,0,0,0,0,135,0,20,7,2,47,10,7,508,0
"Smith, Phenomenal",BRO,1886,,Away,6,0,0,0,0,0,3.7,5,5,1,0,0,3,1,0,18,63
"Smith, Phenomenal",BRO,1886,,Home,5,0,0,0,0,0,4.3,13,6,2,0,1,1,0,0,26,76
"Smith, Phenomenal",BRO,1886,,VS LHB,8,0,0,0,0,0,0,4,0,0,0,0,1,0,0,10,0
"Smith, Phenomenal",BRO,1886,,VS RHB,11,0,0,0,0,0,0,14,0,3,0,1,3,1,0,34,0
"Vieth, Brett",BRO,1886,Y,Away,7,0,0,3,0,0,9,16,9,5,0,0,6,1,0,46,160
"Vieth, Brett",BRO,1886,Y,Home,4,0,1,1,0,0,4.3,6,3,0,0,1,2,0,0,21,61
"Vieth, Brett",BRO,1886,Y,VS LHB,5,0,0,0,0,0,0,5,0,0,0,0,0,0,0,10,0
"Vieth, Brett",BRO,1886,Y,VS RHB,11,0,0,0,0,0,0,17,0,5,0,1,8,1,0,57,0
"Wasson, Mark",BRO,1886,Y,Away,2,0,0,0,0,0,2,5,6,0,0,1,3,2,0,14,52
"Wasson, Mark",BRO,1886,Y,Home,4,0,1,0,0,0,4.3,7,4,1,1,0,4,3,0,23,79
"Wasson, Mark",BRO,1886,Y,VS LHB,5,0,0,0,0,0,0,3,0,1,0,0,0,2,0,8,0
"Wasson, Mark",BRO,1886,Y,VS RHB,6,0,0,0,0,0,0,9,0,0,1,1,7,3,0,29,0
"Clarkson, John",CHC,1886,,Away,16,16,9,4,0,0,123,133,34,22,3,6,42,61,1,549,1817
"Clarkson, John",CHC,1886,,Home,18,18,9,7,0,0,142.3,154,65,18,10,14,24,53,2,614,1904
"Clarkson, John",CHC,1886,,VS LHB,34,34,0,0,0,0,0,107,0,11,8,3,27,43,0,429,0
"Clarkson, John",CHC,1886,,VS RHB,34,34,0,0,0,0,0,180,0,29,5,17,39,71,3,734,0
"Crowley, Aaron",CHC,1886,Y,Away,11,0,1,1,8,2,10.7,15,4,4,0,0,3,1,1,51,156
"Crowley, Aaron",CHC,1886,Y,Home,4,0,0,0,2,0,5.3,5,0,1,1,0,2,0,0,22,72
"Crowley, Aaron",CHC,1886,Y,VS LHB,12,0,0,0,0,0,0,8,0,2,0,0,1,0,0,20,0
"Crowley, Aaron",CHC,1886,Y,VS RHB,14,0,0,0,0,0,0,12,0,3,1,0,4,1,1,53,0
"Flynn, Jocko",CHC,1886,,Away,12,12,6,1,0,0,84.3,68,25,8,2,4,32,35,2,366,1190
"Flynn, Jocko",CHC,1886,,Home,10,10,5,3,0,0,77.7,50,20,6,3,5,25,27,1,318,1032
"Flynn, Jocko",CHC,1886,,VS LHB,22,22,0,0,0,0,0,35,0,5,2,3,17,21,1,225,0
"Flynn, Jocko",CHC,1886,,VS RHB,22,22,0,0,0,0,0,83,0,9,3,6,40,41,2,459,0
"Hardtack, Blue Lew",CHC,1886,Y,Away,5,0,1,1,2,0,4.7,6,4,1,0,0,3,2,0,24,81
"Hardtack, Blue Lew",CHC,1886,Y,Home,8,0,0,0,2,0,8.3,5,0,1,0,0,2,3,0,33,98
"Hardtack, Blue Lew",CHC,1886,Y,VS LHB,9,0,0,0,0,0,0,3,0,0,0,0,2,1,0,14,0
"Hardtack, Blue Lew",CHC,1886,Y,VS RHB,13,0,0,0,0,0,0,8,0,2,0,0,3,4,0,43,0
"Lynch, Jack",CHC,1886,,Away,15,7,4,5,0,2,49.3,66,29,9,4,2,17,9,2,242,755
"Lynch, Jack",CHC,1886,,Home,8,4,2,1,1,0,32.7,35,11,3,1,2,14,1,1,151,472
"Lynch, Jack",CHC,1886,,VS LHB,22,11,0,0,0,0,0,35,0,3,3,2,10,4,1,151,0
"Lynch, Jack",CHC,1886,,VS RHB,23,11,0,0,0,0,0,66,0,9,2,2,21,6,2,242,0
"Smith, Bill",CHC,1886,,Away,22,0,1,0,1,0,26.7,28,7,4,3,0,14,8,0,120,414
"Smith, Bill",CHC,1886,,Home,9,0,1,0,0,0,11.7,9,3,0,0,0,2,8,0,46,152
"Smith, Bill",CHC,1886,,VS LHB,25,0,0,0,0,0,0,11,0,0,1,0,4,5,0,63,0
"Smith, Bill",CHC,1886,,VS RHB,31,0,0,0,0,0,0,26,0,4,2,0,12,11,0,103,0
"Watkins, Sherm",CHC,1886,Y,Away,1,0,0,0,0,0,2,0,0,0,0,0,1,2,0,7,24
"Watkins, Sherm",CHC,1886,Y,Home,4,0,1,2,0,0,1.7,3,4,2,0,0,3,0,0,12,39
"Watkins, Sherm",CHC,1886,Y,VS LHB,5,0,0,0,0,0,0,0,0,0,0,0,3,1,0,6,0
"Watkins, Sherm",CHC,1886,Y,VS RHB,5,0,0,0,0,0,0,3,0,2,0,0,1,1,0,13,0
"White, Will",CHC,1886,,Away,4,0,1,0,0,0,6.7,3,2,0,0,0,2,1,0,28,95
"White, Will",CHC,1886,,Home,10,0,1,0,0,0,13.3,10,1,2,0,1,6,2,1,64,203
"White, Will",CHC,1886,,VS LHB,14,0,0,0,0,0,0,3,0,0,0,1,2,1,1,38,0
"White, Will",CHC,1886,,VS RHB,12,0,0,0,0,0,0,10,0,2,0,0,6,2,0,54,0
"Boyle, Henry",CIN,1886,,Away,10,10,5,3,0,0,75,77,23,9,9,2,21,18,2,336,1026
"Boyle, Henry",CIN,1886,,Home,11,10,3,3,0,0,68.7,74,33,6,4,5,18,26,3,301,946
"Boyle, Henry",CIN,1886,,VS LHB,21,20,0,0,0,0,0,42,0,5,3,1,14,12,0,159,0
"Boyle, Henry",CIN,1886,,VS RHB,21,20,0,0,0,0,0,109,0,10,10,6,25,32,5,478,0
"Chamberlain, Elton",CIN,1886,,Away,9,0,1,1,0,1,7,14,10,3,0,0,5,1,0,43,136
"Chamberlain, Elton",CIN,1886,,Home,10,0,0,1,0,0,9,19,8,3,5,0,2,1,1,53,167
"Chamberlain, Elton",CIN,1886,,VS LHB,14,0,0,0,0,0,0,8,0,1,3,0,3,0,0,20,0
"Chamberlain, Elton",CIN,1886,,VS RHB,17,0,0,0,0,0,0,25,0,5,2,0,4,2,1,76,0
"Harkins, John",CIN,1886,,Away,15,5,2,5,1,1,54,67,23,9,5,3,16,10,1,249,774
"Harkins, John",CIN,1886,,Home,19,5,6,1,0,1,68,74,33,9,7,4,26,13,0,319,1001
"Harkins, John",CIN,1886,,VS LHB,28,10,0,0,0,0,0,32,0,5,5,1,8,9,0,120,0
"Harkins, John",CIN,1886,,VS RHB,33,10,0,0,0,0,0,109,0,13,7,6,34,14,1,448,0
"Radbourn, Charley",CIN,1886,,Away,19,15,8,6,1,0,127,143,49,15,6,3,36,24,1,586,1793
"Radbourn, Charley",CIN,1886,,Home,21,17,8,8,0,0,146.3,151,48,17,6,6,37,43,3,644,2000
"Radbourn, Charley",CIN,1886,,VS LHB,38,32,0,0,0,0,0,75,0,9,4,2,25,17,1,312,0
"Radbourn, Charley",CIN,1886,,VS RHB,40,32,0,0,0,0,0,219,0,23,8,7,48,50,3,918,0
"Wiedman, Stump",CIN,1886,,Away,10,2,0,1,0,1,15.3,29,14,6,3,1,7,5,0,86,266
"Wiedman, Stump",CIN,1886,,Home,17,3,1,4,4,3,29,41,21,6,3,2,5,8,2,142,429
"Wiedman, Stump",CIN,1886,,VS LHB,17,5,0,0,0,0,0,17,0,0,2,2,2,3,0,56,0
"Wiedman, Stump",CIN,1886,,VS RHB,26,5,0,0,0,0,0,53,0,12,4,1,10,10,2,172,0
"Conway, Dick",LOU,1886,,Away,4,0,1,0,0,0,7,11,5,5,1,0,0,4,0,33,102
"Conway, Dick",LOU,1886,,Home,6,0,0,0,0,0,7.3,12,7,3,1,1,4,2,0,37,121
"Conway, Dick",LOU,1886,,VS LHB,8,0,0,0,0,0,0,4,0,2,0,0,0,1,0,12,0
"Conway, Dick",LOU,1886,,VS RHB,9,0,0,0,0,0,0,19,0,6,2,1,4,5,0,58,0
"Cushman, Ed",LOU,1886,,Away,10,10,4,1,0,0,58.7,62,22,7,1,1,22,15,2,269,870
"Cushman, Ed",LOU,1886,,Home,10,10,4,4,0,0,68.7,74,22,8,3,1,22,8,1,305,979
"Cushman, Ed",LOU,1886,,VS LHB,17,17,0,0,0,0,0,22,0,3,1,0,9,3,0,99,0
"Cushman, Ed",LOU,1886,,VS RHB,20,20,0,0,0,0,0,114,0,12,3,2,35,20,3,475,0
"Fancher, Vincent",LOU,1886,Y,Away,2,0,1,0,0,0,3,8,3,1,0,0,3,0,0,17,58
"Fancher, Vincent",LOU,1886,Y,Home,6,0,1,1,0,0,6.7,5,3,0,0,0,5,5,0,32,117
"Fancher, Vincent",LOU,1886,Y,VS LHB,7,0,0,0,0,0,0,1,0,0,0,0,2,3,0,10,0
"Fancher, Vincent",LOU,1886,Y,VS RHB,8,0,0,0,0,0,0,12,0,1,0,0,6,2,0,39,0
"Healy, John",LOU,1886,,Away,24,2,4,6,4,1,49,56,20,12,6,1,20,11,1,229,730
"Healy, John",LOU,1886,,Home,18,2,1,1,4,0,39.3,23,6,7,1,0,10,17,1,154,505
"Healy, John",LOU,1886,,VS LHB,35,4,0,0,0,0,0,22,0,8,1,0,8,5,0,96,0
"Healy, John",LOU,1886,,VS RHB,39,4,0,0,0,0,0,57,0,11,6,1,22,23,2,287,0
"Hoffmiester, Jeffery",LOU,1886,Y,Away,7,0,0,0,1,0,7.7,9,4,6,0,0,6,2,0,37,143
"Hoffmiester, Jeffery",LOU,1886,Y,Home,7,0,0,1,0,0,10.7,6,8,1,0,0,10,2,0,49,169
"Hoffmiester, Jeffery",LOU,1886,Y,VS LHB,10,0,0,0,0,0,0,4,0,1,0,0,6,2,0,18,0
"Hoffmiester, Jeffery",LOU,1886,Y,VS RHB,14,0,0,0,0,0,0,11,0,6,0,0,10,2,0,68,0
"Houck, Garry",LOU,1886,Y,Away,7,0,0,0,5,2,6.7,11,3,3,1,0,1,2,0,32,96
"Houck, Garry",LOU,1886,Y,Home,9,0,0,2,3,3,11.3,15,2,2,0,0,8,3,0,61,192
"Houck, Garry",LOU,1886,Y,VS LHB,13,0,0,0,0,0,0,6,0,0,0,0,3,1,0,22,0
"Houck, Garry",LOU,1886,Y,VS RHB,16,0,0,0,0,0,0,20,0,5,1,0,6,4,0,71,0
"Kilroy, Matt",LOU,1886,,Away,13,10,5,2,0,0,82.3,68,11,5,3,0,27,28,4,352,1129
"Kilroy, Matt",LOU,1886,,Home,12,8,5,3,0,0,64,64,29,10,2,3,28,21,2,294,981
"Kilroy, Matt",LOU,1886,,VS LHB,20,16,0,0,0,0,0,15,0,0,1,0,18,14,2,124,0
"Kilroy, Matt",LOU,1886,,VS RHB,25,18,0,0,0,0,0,117,0,15,4,3,37,35,4,522,0
"Lyons, Jackie",LOU,1886,Y,Away,3,2,1,0,0,0,14.3,14,6,6,0,1,2,5,1,64,195
"Lyons, Jackie",LOU,1886,Y,Home,2,2,1,1,0,0,11.3,15,8,7,0,0,4,2,1,52,170
"Lyons, Jackie",LOU,1886,Y,VS LHB,5,4,0,0,0,0,0,8,0,3,0,0,2,1,1,30,0
"Lyons, Jackie",LOU,1886,Y,VS RHB,5,4,0,0,0,0,0,21,0,10,0,1,4,6,1,86,0
"Poole, Vic",LOU,1886,Y,Away,2,0,1,0,0,0,2.3,5,3,3,0,0,0,0,0,12,36
"Poole, Vic",LOU,1886,Y,VS LHB,1,0,0,0,0,0,0,0,0,0,0,0,0,0,0,2,0
"Poole, Vic",LOU,1886,Y,VS RHB,2,0,0,0,0,0,0,5,0,3,0,0,0,0,0,10,0
"Welch, Mickey",LOU,1886,,Away,11,11,3,5,0,0,70.3,86,37,10,7,2,26,24,3,322,1040
"Welch, Mickey",LOU,1886,,Home,10,10,4,3,0,0,69,70,26,5,2,1,20,25,0,299,954
"Welch, Mickey",LOU,1886,,VS LHB,21,21,0,0,0,0,0,31,0,4,4,1,11,9,2,135,0
"Welch, Mickey",LOU,1886,,VS RHB,21,21,0,0,0,0,0,125,0,11,5,2,35,40,1,486,0
"Whitaker, Norberto",LOU,1886,Y,Away,4,0,0,1,0,0,3,3,1,0,0,0,4,2,0,17,58
"Whitaker, Norberto",LOU,1886,Y,Home,9,0,0,0,0,0,7.7,11,10,0,0,1,8,2,0,41,136
"Whitaker, Norberto",LOU,1886,Y,VS LHB,9,0,0,0,0,0,0,3,0,0,0,0,2,2,0,14,0
"Whitaker, Norberto",LOU,1886,Y,VS RHB,13,0,0,0,0,0,0,11,0,0,0,1,10,2,0,44,0
"Barr, Bob",NYG,1886,,Away,7,7,2,5,0,0,48.7,69,30,11,2,4,22,12,0,249,785
"Barr, Bob",NYG,1886,,Home,10,7,2,5,0,0,49.7,69,28,9,4,2,13,12,1,244,783
"Barr, Bob",NYG,1886,,VS LHB,17,14,0,0,0,0,0,49,0,5,4,0,12,14,0,180,0
"Barr, Bob",NYG,1886,,VS RHB,17,14,0,0,0,0,0,89,0,15,2,6,23,10,1,313,0
"Berry, Joseph",NYG,1886,Y,Away,5,0,0,0,0,0,3.7,9,3,0,0,1,2,0,0,22,69
"Berry, Joseph",NYG,1886,Y,Home,3,0,0,0,0,0,2.7,5,5,3,0,0,0,1,0,12,34
"Berry, Joseph",NYG,1886,Y,VS LHB,4,0,0,0,0,0,0,3,0,1,0,0,0,0,0,5,0
"Berry, Joseph",NYG,1886,Y,VS RHB,8,0,0,0,0,0,0,11,0,2,0,1,2,1,0,29,0
"Brodrick, Jordan",NYG,1886,Y,Away,2,0,0,0,0,0,1.7,2,0,0,0,0,0,1,0,9,27
"Brodrick, Jordan",NYG,1886,Y,Home,2,0,0,0,0,0,2.7,2,0,1,0,0,1,1,0,11,40
"Brodrick, Jordan",NYG,1886,Y,VS LHB,4,0,0,0,0,0,0,1,0,0,0,0,0,1,0,7,0
"Brodrick, Jordan",NYG,1886,Y,VS RHB,4,0,0,0,0,0,0,3,0,1,0,0,1,1,0,13,0
"Daily, Ed",NYG,1886,,Away,8,8,1,6,0,0,57.3,73,33,13,3,0,25,22,3,286,942
"Daily, Hugh",NYG,1886,,Away,7,0,0,0,0,0,6,15,7,4,1,0,5,1,0,38,127
"Daily, Ed",NYG,1886,,Home,11,11,3,5,0,0,74.3,73,21,10,1,0,28,17,1,330,1081
"Daily, Hugh",NYG,1886,,Home,6,0,0,0,0,0,5.7,13,3,5,0,0,3,2,0,33,105
"Daily, Ed",NYG,1886,,VS LHB,19,19,0,0,0,0,0,56,0,12,4,0,20,15,3,215,0
"Daily, Hugh",NYG,1886,,VS LHB,13,0,0,0,0,0,0,8,0,3,0,0,1,2,0,24,0
"Daily, Hugh",NYG,1886,,VS RHB,13,0,0,0,0,0,0,20,0,6,1,0,7,1,0,47,0
"Daily, Ed",NYG,1886,,VS RHB,19,19,0,0,0,0,0,90,0,11,0,0,33,24,1,401,0
"Fitzgerald, William",NYG,1886,Y,Away,1,0,0,0,0,0,1,1,0,0,0,0,0,1,0,5,17
"Fitzgerald, William",NYG,1886,Y,Home,1,0,0,0,0,0,1.3,1,0,1,0,0,0,0,0,6,17
"Fitzgerald, William",NYG,1886,Y,VS LHB,1,0,0,0,0,0,0,0,0,0,0,0,0,0,0,2,0
"Fitzgerald, William",NYG,1886,Y,VS RHB,2,0,0,0,0,0,0,2,0,1,0,0,0,1,0,9,0
"Keefe, Tim",NYG,1886,,Away,17,17,5,9,0,0,128.3,150,51,20,9,0,39,50,3,600,1892
"Keefe, Tim",NYG,1886,,Home,17,17,7,6,0,0,151,145,39,18,8,4,37,67,2,638,2051
"Keefe, Tim",NYG,1886,,VS LHB,34,34,0,0,0,0,0,110,0,13,8,2,25,44,2,467,0
"Keefe, Tim",NYG,1886,,VS RHB,34,34,0,0,0,0,0,185,0,25,9,2,51,73,3,771,0
"Redmond, Jake",NYG,1886,Y,Away,9,0,0,0,1,0,7.7,12,7,2,1,0,5,4,0,41,147
"Redmond, Jake",NYG,1886,Y,Home,5,0,0,0,1,0,4.3,10,5,2,0,1,4,0,0,29,91
"Redmond, Jake",NYG,1886,Y,VS LHB,11,0,0,0,0,0,0,5,0,0,0,0,5,0,0,21,0
"Redmond, Jake",NYG,1886,Y,VS RHB,14,0,0,0,0,0,0,17,0,4,1,1,4,4,0,49,0
"Shaffer, John",NYG,1886,,Away,11,0,1,2,1,1,9,10,5,1,0,0,9,4,0,47,166
"Shaffer, John",NYG,1886,,Home,11,0,2,1,0,0,13,11,4,2,0,0,8,1,1,62,210
"Shaffer, John",NYG,1886,,VS LHB,18,0,0,0,0,0,0,6,0,1,0,0,6,1,0,34,0
"Shaffer, John",NYG,1886,,VS RHB,21,0,0,0,0,0,0,15,0,2,0,0,11,4,1,75,0
"Sharp, Bryce",NYG,1886,Y,Away,1,0,0,0,0,0,0.7,3,2,1,0,0,0,0,0,5,16
"Sharp, Bryce",NYG,1886,Y,Home,1,0,0,0,0,0,1.3,0,0,0,0,0,0,2,0,5,15
"Sharp, Bryce",NYG,1886,Y,VS LHB,2,0,0,0,0,0,0,1,0,1,0,0,0,1,0,3,0
"Sharp, Bryce",NYG,1886,Y,VS RHB,2,0,0,0,0,0,0,2,0,0,0,0,0,1,0,7,0
"Toole, Steve",NYG,1886,,Away,7,0,1,0,3,0,6.7,6,2,0,0,0,3,1,0,29,93
"Toole, Steve",NYG,1886,,Home,9,0,1,1,0,0,11,13,7,2,0,0,8,3,0,60,201
"Toole, Steve",NYG,1886,,VS LHB,11,0,0,0,0,0,0,2,0,0,0,0,4,1,0,15,0
"Toole, Steve",NYG,1886,,VS RHB,15,0,0,0,0,0,0,17,0,2,0,0,7,3,0,74,0
"Hart, Bill",PAT,1886,,Away,17,0,2,1,5,1,27.3,24,10,1,1,0,8,2,2,114,357
"Hart, Bill",PAT,1886,,Home,16,0,2,0,1,0,35.3,37,14,5,2,2,13,7,3,166,536
"Hart, Bill",PAT,1886,,VS LHB,31,0,0,0,0,0,0,17,0,2,0,0,6,5,2,78,0
"Hart, Bill",PAT,1886,,VS RHB,32,0,0,0,0,0,0,44,0,4,3,2,15,4,3,202,0
"Hofford, John",PAT,1886,,Away,8,0,0,0,2,1,10.7,11,5,1,0,0,4,2,1,48,156
"Hofford, John",PAT,1886,,Home,5,0,1,0,0,0,7.3,9,8,1,0,0,8,1,1,41,142
"Hofford, John",PAT,1886,,VS LHB,9,0,0,0,0,0,0,3,0,1,0,0,4,0,0,19,0
"Hofford, John",PAT,1886,,VS RHB,11,0,0,0,0,0,0,17,0,1,0,0,8,3,2,70,0
"Mathews, Bobby",PAT,1886,,Away,1,0,1,0,0,0,3.3,1,0,0,0,0,2,0,0,14,42
"Mathews, Bobby",PAT,1886,,Home,2,0,0,0,0,0,2.7,4,1,0,1,0,1,1,0,14,46
"Mathews, Bobby",PAT,1886,,VS LHB,3,0,0,0,0,0,0,0,0,0,0,0,0,0,0,4,0
"Mathews, Bobby",PAT,1886,,VS RHB,3,0,0,0,0,0,0,5,0,0,1,0,3,1,0,24,0
"McCormick, Jim",PAT,1886,,Away,16,16,6,5,0,0,96.7,89,26,16,3,4,44,25,3,432,1414
"McCormick, Jim",PAT,1886,,Home,15,15,7,6,0,0,100.3,90,22,15,5,2,31,41,0,434,1382
"McCormick, Jim",PAT,1886,,VS LHB,31,31,0,0,0,0,0,42,0,5,2,5,21,15,0,189,0
"McCormick, Jim",PAT,1886,,VS RHB,31,31,0,0,0,0,0,137,0,26,6,1,54,51,3,677,0
"Miller, Cyclone",PAT,1886,,Away,18,2,5,2,2,0,42.7,34,8,3,2,1,20,10,1,192,614
"Miller, Cyclone",PAT,1886,,Home,16,3,2,1,1,0,45.7,47,14,4,1,0,20,11,2,210,685
"Miller, Cyclone",PAT,1886,,VS LHB,23,4,0,0,0,0,0,14,0,1,0,0,12,3,0,67,0
"Miller, Cyclone",PAT,1886,,VS RHB,34,5,0,0,0,0,0,67,0,6,3,1,28,18,3,335,0
"Whitney, Jim",PAT,1886,,Away,17,17,7,6,0,0,126.7,147,51,13,9,4,25,24,1,564,1730
"Whitney, Jim",PAT,1886,,Home,14,14,7,6,0,0,97.7,124,53,17,7,1,23,24,2,449,1387
"Whitney, Jim",PAT,1886,,VS LHB,31,31,0,0,0,0,0,75,0,9,5,2,20,10,0,245,0
"Whitney, Jim",PAT,1886,,VS RHB,31,31,0,0,0,0,0,196,0,21,11,3,28,38,3,768,0
"Atkinson, Al",PHI,1886,,Away,7,0,0,1,1,0,6.3,10,3,1,0,1,2,1,0,31,103
"Atkinson, Al",PHI,1886,,Home,8,0,1,1,0,0,5,9,8,2,1,2,3,2,0,27,96
"Atkinson, Al",PHI,1886,,VS LHB,12,0,0,0,0,0,0,5,0,1,0,0,0,2,0,20,0
"Atkinson, Al",PHI,1886,,VS RHB,14,0,0,0,0,0,0,14,0,2,1,3,5,1,0,38,0
"Ferguson, Charlie",PHI,1886,,Away,16,16,13,1,0,0,124.3,86,23,13,2,1,29,45,4,494,1593
"Ferguson, Charlie",PHI,1886,,Home,18,18,12,2,0,0,142.3,103,20,12,3,2,34,53,1,563,1817
"Ferguson, Charlie",PHI,1886,,VS LHB,34,34,0,0,0,0,0,77,0,11,3,1,21,43,0,399,0
"Ferguson, Charlie",PHI,1886,,VS RHB,34,34,0,0,0,0,0,112,0,14,2,2,42,55,5,658,0
"Foutz, Dave",PHI,1886,,Away,16,16,10,3,0,0,125,124,40,20,8,2,42,29,2,545,1759
"Foutz, Dave",PHI,1886,,Home,17,17,9,4,0,0,124,136,50,20,8,1,48,33,2,565,1830
"Foutz, Dave",PHI,1886,,VS LHB,33,33,0,0,0,0,0,97,0,16,9,0,41,25,3,408,0
"Foutz, Dave",PHI,1886,,VS RHB,33,33,0,0,0,0,0,163,0,24,7,3,49,37,1,702,0
"Handiboe, Jim",PHI,1886,,Away,14,0,3,1,3,0,24.3,25,12,4,2,0,10,9,2,115,376
"Handiboe, Jim",PHI,1886,,Home,19,0,4,1,3,1,29,26,9,1,1,0,9,9,2,125,402
"Handiboe, Jim",PHI,1886,,VS LHB,31,0,0,0,0,0,0,20,0,2,1,0,8,4,3,86,0
"Handiboe, Jim",PHI,1886,,VS RHB,33,0,0,0,0,0,0,31,0,3,2,0,11,14,1,154,0
"Markus, Ernie",PHI,1886,Y,Away,3,0,0,0,0,0,1.7,6,5,1,0,1,1,0,0,12,40
"Markus, Ernie",PHI,1886,Y,Home,2,0,0,0,1,0,2,2,0,0,0,0,0,1,0,7,23
"Markus, Ernie",PHI,1886,Y,VS LHB,4,0,0,0,0,0,0,4,0,0,0,1,0,1,0,11,0
"Markus, Ernie",PHI,1886,Y,VS RHB,4,0,0,0,0,0,0,4,0,1,0,0,1,0,0,8,0
"Titcomb, Cannonball",PHI,1886,,Away,1,0,0,0,0,0,0.3,0,0,0,0,0,0,0,0,1,2
"Titcomb, Cannonball",PHI,1886,,Home,2,0,0,0,0,0,3.3,4,2,1,0,0,2,0,0,17,60
"Titcomb, Cannonball",PHI,1886,,VS LHB,3,0,0,0,0,0,0,0,0,0,0,0,0,0,0,4,0
"Titcomb, Cannonball",PHI,1886,,VS RHB,1,0,0,0,0,0,0,4,0,1,0,0,2,0,0,14,0
"Wass, Brendan",PHI,1886,Y,Away,5,0,0,0,2,0,3,3,1,3,0,0,1,2,0,13,47
"Wass, Brendan",PHI,1886,Y,Home,7,0,0,0,2,0,5.3,7,4,2,1,0,1,4,1,25,77
"Wass, Brendan",PHI,1886,Y,VS LHB,7,0,0,0,0,0,0,4,0,0,1,0,0,3,0,13,0
"Wass, Brendan",PHI,1886,Y,VS RHB,10,0,0,0,0,0,0,6,0,5,0,0,2,3,1,25,0
"Welcome, Adam",PHI,1886,Y,Away,5,0,0,0,1,1,4,7,2,4,0,0,0,6,0,21,67
"Welcome, Adam",PHI,1886,Y,Home,8,0,1,0,3,0,7,9,3,1,0,0,1,5,0,31,99
"Welcome, Adam",PHI,1886,Y,VS LHB,10,0,0,0,0,0,0,6,0,3,0,0,0,5,0,22,0
"Welcome, Adam",PHI,1886,Y,VS RHB,13,0,0,0,0,0,0,10,0,2,0,0,1,6,0,30,0
"Clemmons, Marques",PIT,1886,Y,Away,3,0,0,0,0,0,7.3,3,0,1,0,0,2,2,0,29,92
"Clemmons, Marques",PIT,1886,Y,Home,1,0,0,0,0,0,5,7,2,0,0,0,1,2,0,24,75
"Clemmons, Marques",PIT,1886,Y,VS LHB,4,0,0,0,0,0,0,2,0,0,0,0,1,3,0,17,0
"Clemmons, Marques",PIT,1886,Y,VS RHB,4,0,0,0,0,0,0,8,0,1,0,0,2,1,0,36,0
"Conway, Pete",PIT,1886,,Away,16,16,2,8,0,0,66,81,37,12,6,1,29,21,3,312,1036
"Conway, Pete",PIT,1886,,Home,17,17,1,10,0,0,71,90,45,10,2,3,29,25,1,343,1093
"Conway, Pete",PIT,1886,,VS LHB,33,33,0,0,0,0,0,56,0,4,2,1,17,9,0,200,0
"Conway, Pete",PIT,1886,,VS RHB,33,33,0,0,0,0,0,115,0,18,6,3,41,37,4,455,0
"Galvin, Pud",PIT,1886,,Away,19,18,7,8,0,0,117.3,142,49,17,4,0,19,4,3,527,1626
"Galvin, Pud",PIT,1886,,Home,15,15,2,10,0,0,94.3,123,39,28,3,1,17,8,1,430,1284
"Galvin, Pud",PIT,1886,,VS LHB,34,33,0,0,0,0,0,98,0,18,1,0,11,7,0,290,0
"Galvin, Pud",PIT,1886,,VS RHB,34,33,0,0,0,0,0,167,0,27,6,1,25,5,4,667,0
"Keeler, Alvaro",PIT,1886,Y,Away,2,0,0,0,0,0,3,10,7,4,0,1,2,1,0,21,67
"Keeler, Alvaro",PIT,1886,Y,Home,7,0,0,0,0,0,18,17,6,2,0,3,4,5,0,80,244
"Keeler, Alvaro",PIT,1886,Y,VS LHB,9,0,0,0,0,0,0,9,0,2,0,1,3,1,0,27,0
"Keeler, Alvaro",PIT,1886,Y,VS RHB,9,0,0,0,0,0,0,18,0,4,0,3,3,5,0,74,0
"King, Silver",PIT,1886,,Away,14,0,1,2,1,0,9.7,16,6,1,0,0,3,6,0,51,157
"King, Silver",PIT,1886,,Home,14,0,1,1,2,1,11.7,13,1,1,0,0,4,2,0,52,172
"King, Silver",PIT,1886,,VS LHB,22,0,0,0,0,0,0,9,0,1,0,0,1,2,0,30,0
"King, Silver",PIT,1886,,VS RHB,28,0,0,0,0,0,0,20,0,1,0,0,6,6,0,73,0
"Lalllathin, Richard",PIT,1886,Y,Away,6,0,0,0,1,1,6.7,7,1,1,0,0,3,5,0,30,94
"Lalllathin, Richard",PIT,1886,Y,Home,4,0,0,1,0,0,5.3,7,5,0,0,1,0,0,0,24,67
"Lalllathin, Richard",PIT,1886,Y,VS LHB,7,0,0,0,0,0,0,5,0,1,0,0,0,1,0,11,0
"Lalllathin, Richard",PIT,1886,Y,VS RHB,9,0,0,0,0,0,0,9,0,0,0,1,3,4,0,43,0
"Madigan, Tony",PIT,1886,,Away,13,1,0,2,0,2,17.3,41,24,7,2,2,11,0,0,104,331
"Madigan, Tony",PIT,1886,,Home,8,0,0,0,3,0,12,19,8,6,1,0,3,2,0,57,174
"Madigan, Tony",PIT,1886,,VS LHB,17,1,0,0,0,0,0,18,0,2,1,1,3,1,0,48,0
"Madigan, Tony",PIT,1886,,VS RHB,19,1,0,0,0,0,0,42,0,11,2,1,11,1,0,113,0
"Murphy, Joe",PIT,1886,,Away,15,0,0,2,0,0,18.3,31,17,5,0,2,10,4,1,102,335
"Murphy, Joe",PIT,1886,,Home,14,0,0,0,0,0,19.3,18,11,1,1,0,23,5,0,100,366
"Murphy, Joe",PIT,1886,,VS LHB,26,0,0,0,0,0,0,16,0,3,0,0,12,3,0,66,0
"Murphy, Joe",PIT,1886,,VS RHB,28,0,0,0,0,0,0,33,0,3,1,2,21,6,1,136,0
"O'Day, Hank",PIT,1886,,Away,16,0,1,0,4,2,12.7,13,5,1,1,1,5,14,1,58,216
"O'Day, Hank",PIT,1886,,Home,16,0,2,1,0,1,14.7,14,8,0,0,0,5,7,0,63,207
"O'Day, Hank",PIT,1886,,VS LHB,23,0,0,0,0,0,0,6,0,0,0,0,2,5,0,32,0
"O'Day, Hank",PIT,1886,,VS RHB,29,0,0,0,0,0,0,21,0,1,1,1,8,16,1,89,0
"Roeber, Toby",PIT,1886,Y,Away,12,0,1,0,0,0,8.3,9,7,2,0,1,6,3,0,39,123
"Roeber, Toby",PIT,1886,Y,Home,7,0,0,0,0,0,2.7,6,1,0,0,0,2,1,0,16,56
"Roeber, Toby",PIT,1886,Y,VS LHB,10,0,0,0,0,0,0,3,0,1,0,0,2,1,0,11,0
"Roeber, Toby",PIT,1886,Y,VS RHB,18,0,0,0,0,0,0,12,0,1,0,1,6,3,0,44,0
"Scowden, Vern",PIT,1886,Y,Away,6,0,0,0,1,0,3.3,4,0,0,0,0,3,2,0,18,64
"Scowden, Vern",PIT,1886,Y,Home,9,0,0,0,0,1,5,5,5,0,0,1,5,5,0,25,94
"Scowden, Vern",PIT,1886,Y,VS LHB,11,0,0,0,0,0,0,2,0,0,0,0,2,3,0,12,0
"Scowden, Vern",PIT,1886,Y,VS RHB,15,0,0,0,0,0,0,7,0,0,0,1,6,4,0,31,0
"Singhi, Kurt",PIT,1886,Y,Away,9,0,0,0,0,0,17.3,47,38,7,0,3,16,2,1,115,381
"Singhi, Kurt",PIT,1886,Y,Home,3,0,0,0,0,0,3.7,3,0,1,0,0,1,0,1,15,47
"Singhi, Kurt",PIT,1886,Y,VS LHB,9,0,0,0,0,0,0,12,0,1,0,0,7,0,1,34,0
"Singhi, Kurt",PIT,1886,Y,VS RHB,12,0,0,0,0,0,0,38,0,7,0,3,10,2,1,96,0
"Smith, Elmer",PIT,1886,,Away,15,0,1,0,1,1,16,22,8,4,1,0,14,2,2,87,293
"Smith, Elmer",PIT,1886,,Home,15,0,1,2,0,0,25.3,18,11,4,0,1,19,7,1,120,404
"Smith, Elmer",PIT,1886,,VS LHB,26,0,0,0,0,0,0,1,0,0,0,0,11,3,1,46,0
"Smith, Elmer",PIT,1886,,VS RHB,30,0,0,0,0,0,0,39,0,8,1,1,22,6,2,161,0
"Brumbly, Steve",STL,1886,Y,Away,8,0,2,0,0,0,7,6,2,1,0,1,2,5,0,28,94
"Brumbly, Steve",STL,1886,Y,Home,6,0,3,0,0,1,9.3,10,6,3,0,0,2,1,0,38,120
"Brumbly, Steve",STL,1886,Y,VS LHB,11,0,0,0,0,0,0,6,0,2,0,0,2,1,0,16,0
"Brumbly, Steve",STL,1886,Y,VS RHB,13,0,0,0,0,0,0,10,0,2,0,1,2,5,0,50,0
"Caruthers, Bob",STL,1886,,Away,13,12,6,3,1,0,95,90,23,14,3,0,21,13,3,410,1250
"Caruthers, Bob",STL,1886,,Home,16,15,4,4,1,0,108.3,102,37,16,6,0,27,21,5,486,1502
"Caruthers, Bob",STL,1886,,VS LHB,28,27,0,0,0,0,0,43,0,7,2,0,15,7,0,187,0
"Caruthers, Bob",STL,1886,,VS RHB,29,27,0,0,0,0,0,149,0,23,7,0,33,27,8,709,0
"Getzien, Charlie",STL,1886,,Away,9,0,0,0,1,0,10.7,15,3,2,0,0,3,6,0,53,175
"Getzien, Charlie",STL,1886,,Home,15,1,3,1,1,2,20.3,32,15,7,1,0,4,10,0,99,307
"Getzien, Charlie",STL,1886,,VS LHB,15,1,0,0,0,0,0,9,0,1,1,0,0,3,0,33,0
"Getzien, Charlie",STL,1886,,VS RHB,24,1,0,0,0,0,0,38,0,8,0,0,7,13,0,119,0
"Hudson, Nat",STL,1886,,Away,13,6,5,2,2,0,49,53,18,7,4,2,13,11,0,218,686
"Hudson, Nat",STL,1886,,Home,17,5,6,4,1,3,53.7,50,18,6,5,2,13,6,3,230,724
"Hudson, Nat",STL,1886,,VS LHB,27,11,0,0,0,0,0,23,0,3,2,0,7,6,3,103,0
"Hudson, Nat",STL,1886,,VS RHB,29,11,0,0,0,0,0,80,0,10,7,4,19,11,0,345,0
"Ramsey, Toad",STL,1886,,Away,14,14,12,1,0,0,115,107,43,14,2,3,57,30,1,526,1711
"Ramsey, Toad",STL,1886,,Home,15,14,3,4,0,1,109.3,100,46,10,6,2,49,25,6,499,1623
"Ramsey, Toad",STL,1886,,VS LHB,27,26,0,0,0,0,0,20,0,2,0,1,21,13,0,169,0
"Ramsey, Toad",STL,1886,,VS RHB,29,28,0,0,0,0,0,187,0,22,8,4,85,42,7,856,0
"Sullivan, Tom",STL,1886,,Away,5,0,0,0,0,0,5.3,5,0,0,0,0,2,0,0,25,79
"Sullivan, Tom",STL,1886,,Home,6,0,1,1,0,0,9,7,3,1,0,1,4,2,1,35,120
"Sullivan, Tom",STL,1886,,VS LHB,8,0,0,0,0,0,0,4,0,0,0,0,0,1,0,15,0
"Sullivan, Tom",STL,1886,,VS RHB,10,0,0,0,0,0,0,8,0,1,0,1,6,1,1,45,0
"Weise, Merv",STL,1886,Y,Away,2,0,0,1,0,1,1,5,4,3,0,0,3,0,0,12,43
"Weise, Merv",STL,1886,Y,Home,5,0,0,0,2,0,5,7,4,0,0,0,6,5,1,30,107
"Weise, Merv",STL,1886,Y,VS LHB,5,0,0,0,0,0,0,3,0,1,0,0,1,0,0,7,0
"Weise, Merv",STL,1886,Y,VS RHB,7,0,0,0,0,0,0,9,0,2,0,0,8,5,1,35,0
