Player,bbrefID,FullName,Born,BirthYear,BirthMonth,BirthDay,BirthPlace,Died,DeathPlace,Height,Weight,Bats,Throws,MLBDebut,MLBFinal
Abner Dalrymple,dalryab01,Abner Frank Dalrymple,"September 9, 1857",1857,9,9,"Gratiot, WI","January 25, 1939","Warren, IL",5-10,175,Left,Right,1878-05-01,1891-10-02
Abner Powell,powelab01,Abner Charles Powell,"December 15, 1860",1860,12,15,"Shenandoah, PA","August 7, 1953","New Orleans, LA",5-7,160,Left,Right,1884-08-04,1886-09-13
Adonis Terry,terryad01,William H. Terry,"August 7, 1864",1864,8,7,"Westfield, MA","February 24, 1915","Milwaukee, WI",5-11,168,Right,Right,1884-05-01,1897-04-27
Al Atkinson,atkinal01,Albert Wright Atkinson,"March 9, 1861",1861,3,9,"Clinton, IL","June 17, 1952","McNatt, MO",5-11,165,Right,Right,1884-05-01,1887-08-13
Al Mays,maysal01,Albert C. Mays,"May 17, 1865",1865,5,17,"Canal Dover, OH","May 7, 1905","Parkersburg, WV",,,Right,Right,1885-05-10,1890-05-02
Al Myers,myersal01,James Albert Myers,"October 22, 1863",1863,10,22,"Danville, IL","December 24, 1927","Marshall, IL",5-8,165,Right,Right,1884-09-27,1891-10-03
Alex McKinnon,mckinal01,Alexander J. McKinnon,"August 14, 1856",1856,8,14,"Boston, MA","July 24, 1887","Charlestown, MA",5-11,170,Right,,1884-05-01,1887-07-04
Amos Cross,crossam01,Amos C. Cross,1860,1860,2,,"Milwaukee, WI","July 16, 1888","Cleveland, OH",,,,,1885-04-22,1887-10-08
Arlie Latham,lathaar01,Walter Arlington Latham,"March 15, 1860",1860,3,15,"West Lebanon, NH","November 29, 1952","Garden City, NY",5-8,150,Right,Right,1880-07-05,1909-09-30
Art Whitney,whitnar01,Arthur Wilson Whitney,"January 16, 1858",1858,1,16,"Brockton, MA","August 15, 1943","Lowell, MA",5-8,155,Right,Right,1880-05-01,1891-08-22
Arthur Irwin,irwinar01,Arthur Albert Irwin,"February 14, 1858",1858,2,14,"Toronto, ON, CAN","July 16, 1921","Atlantic Ocean, At Sea",5-8,158,Left,Right,1880-05-01,1894-06-22
Barney Gilligan,gilliba01,Andrew Bernard Gilligan,"January 3, 1856",1856,1,3,"Cambridge, MA","April 1, 1934","Lynn, MA",5-6,130,Right,Right,1875-09-25,1888-04-27
Bid McPhee,mcphebi01,John Alexander McPhee,"November 1, 1859",1859,11,1,"Massena, NY","January 3, 1943","San Diego, CA",5-8,152,Right,Right,1882-05-02,1899-10-15
Bill Crowley,crowlbi01,William Michael Crowley,"April 8, 1857",1857,4,8,"Philadelphia, PA","July 14, 1891","Gloucester, NJ",5-7,159,Right,Right,1875-04-26,1885-10-10
Bill Gleason,gleasbi01,William G. Gleason,"November 12, 1858",1858,11,12,"St. Louis, MO","July 21, 1932","St. Louis, MO",5-8,170,Right,Right,1882-05-02,1889-06-18
Bill Hart,hartbi01,William Franklin Hart,"July 19, 1865",1865,7,19,"Louisville, KY","September 19, 1936","Cincinnati, OH",5-10,163,,Right,1886-07-26,1901-07-30
Bill Holbert,holbebi01,William Henry Holbert,"March 14, 1855",1855,3,14,"Baltimore, MD","March 20, 1935","Laurel, MD",,197,Right,Right,1876-09-05,1888-07-12
Bill Krieg,kriegbi01,William Frederick Krieg,"January 29, 1859",1859,1,29,"Petersburg, IL","March 25, 1930","Chillicothe, IL",5-8,180,Right,Right,1884-04-20,1887-06-15
Bill Kuehne,kuehnbi01,William J. Kuehne,"October 24, 1858",1858,10,24,"Leipzig, Saxony, Germany","October 27, 1921","Sulphur Springs, OH",5-8,185,Right,Right,1883-05-01,1892-09-29
Bill McClellan,mcclebi01,William Henry McClellan,"March 22, 1856",1856,3,22,"Chicago, IL","July 3, 1929","Chicago, IL",5-5,156,Both,Left,1878-05-20,1888-10-17
Bill Mountjoy,mountbi01,William Henry Mountjoy,"December 11, 1858",1858,12,11,"London, ON, CAN","May 19, 1894","London, ON, CAN",5-6,150,Left,Right,1883-09-29,1885-08-18
Bill Phillips,phillbi01,William B. Phillips,1857,1857,4,,"St. John, NB, CAN","October 7, 1900","Chicago, IL",6-0,202,Right,Right,1879-05-01,1888-10-14
Bill Smith,smithbi02,William E. Smith,1865,1865,,,"Cleveland, OH","August 9, 1886","Toronto, ON, CAN",5-11,178,,,1884-09-17,1884-09-17
Bill Stemmeyer,stemmbi01,William Stemmyer,"May 6, 1865",1865,5,6,"Cleveland, OH","May 3, 1945","Cleveland, OH",6-2,190,Right,Right,1885-10-03,1888-06-15
Bill Traffley,traffbi01,William Franklin Traffley,"December 21, 1859",1859,12,21,"Staten Island, NY","June 23, 1908","Des Moines, IA",5-11,185,Right,Right,1878-07-27,1886-07-29
Bill Vinton,vintobi01,William Miller Vinton,"April 27, 1865",1865,4,27,"Winthrop, MA","September 3, 1893","Pawtucket, RI",6-1,160,Right,Right,1884-07-03,1885-09-16
Bill White,whitebi02,William Dighton White,"May 1, 1860",1860,5,1,"Bridgeport, OH","December 29, 1924","Bellaire, OH",5-11,160,Right,Right,1883-06-01,1888-10-14
Billy Geer,geerbi01,William H. Geer,,,,,"New York, NY","September 30, 1928","Chicago, IL",5-6,160,,Right,1874-10-15,1885-05-10
Billy Nash,nashbi01,William Mitchell Nash,"June 24, 1865",1865,6,24,"Richmond, VA","November 15, 1929","East Orange, NJ",5-8,167,Right,Right,1884-08-05,1898-05-28
Billy Palmer,palme01,Billy Palmer,,,,,"St. Louis, MO",,,,,,,1885-05-28,1885-06-03
Billy Serad,seradbi01,William I. Serad,1862,1862,4,,"Philadelphia, PA","November 1, 1925","Chester, PA",5-7,156,Right,Right,1884-05-05,1888-07-07
Billy Sunday,sundabi01,William Ashley Sunday,"November 19, 1862",1862,11,19,"Ames, IA","November 6, 1935","Chicago, IL",5-10,160,Left,Right,1883-05-22,1890-10-04
Billy Taylor,taylobi01,William Henry Taylor,1855,1855,,,"Washington, DC","May 14, 1900","Jacksonville, FL",5-11,204,Right,Right,1881-05-21,1887-08-16
Blondie Purcell,purcebl01,William Aloysius Purcell,"March 16, 1854",1854,3,16,"Paterson, NJ",,,5-9,159,Right,Right,1879-05-01,1890-09-16
Bob Barr,barrbo01,Robert McClelland Barr,1856,1856,12,,"Washington, DC","March 11, 1930","Washington, DC",6-1,192,Right,Right,1883-06-23,1891-09-12
Bob Caruthers,carutbo01,Robert Lee Caruthers,"January 5, 1864",1864,1,5,"Memphis, TN","August 5, 1911","Peoria, IL",5-7,138,Left,Right,1884-09-07,1893-05-19
Bob Clark,clarkbo01,Robert H. Clark,"May 18, 1863",1863,5,18,"Covington, KY","August 21, 1919","Covington, KY",5-10,175,Right,Right,1886-04-17,1893-08-03
Bob Emslie,emslibo01,Robert Daniel Emslie,"January 27, 1859",1859,1,27,"Guelph, ON, CAN","April 26, 1943","St. Thomas, ON, CAN",5-11,180,Right,Right,1883-07-25,1885-07-16
Bobby Mathews,mathebo01,Robert T. Mathews,"November 21, 1851",1851,11,21,"Baltimore, MD","April 17, 1898","Baltimore, MD",5-5,140,Right,Right,1871-05-04,1887-10-10
Bones Ely,elybo01,William Frederick Ely,"June 7, 1863",1863,6,7,"North Girard, PA","January 10, 1952","Imola, CA",6-1,155,Right,Right,1884-06-19,1902-09-24
Buck Becannon,becanbu01,James Melvin Becannon,"August 22, 1859",1859,8,22,"New York, NY","November 5, 1923","New York, NY",5-10,165,,,1884-10-15,1887-05-28
Buck Ewing,ewingbu01,William Ewing,"October 17, 1859",1859,10,17,"Hoagland, OH","October 20, 1906","Cincinnati, OH",5-10,188,Right,Right,1880-09-09,1897-05-27
Buck Gladman,gladmbu01,James Henry Gladmon,1863,1863,11,,"Washington, DC","January 13, 1890","Washington, DC",,,,,1883-07-07,1886-07-17
Buster Hoover,hoovebu01,William James Hoover,"April 12, 1863",1863,4,12,"Philadelphia, PA","April 16, 1924","Jersey City, NJ",6-1,178,Right,Right,1884-04-17,1892-10-15
Candy Nelson,nelsoca01,John W. Nelson,"March 14, 1849",1849,3,14,"Portland, ME","September 4, 1910","Brooklyn, NY",5-6,145,Left,Right,1872-06-11,1890-08-25
Cannonball Titcomb,titcoca01,Ledell N. Titcomb,"August 21, 1866",1866,8,21,"West Baldwin, ME","June 8, 1950","Exeter, NH",5-6,157,Left,Left,1886-05-05,1890-10-15
Cap Anson,ansonca01,Adrian Constantine Anson,"April 17, 1852",1852,4,17,"Marshalltown, IA","April 14, 1922","Chicago, IL",6-0,227,Right,Right,1871-05-06,1897-10-03
Charley Bassett,bassech01,Charles Edwin Bassett,"February 9, 1863",1863,2,9,"Central Falls, RI","May 28, 1942","Pawtucket, RI",5-10,150,Right,Right,1884-07-22,1892-10-15
Charley Jones,jonesch01,Charles Wesley Jones,"April 30, 1852",1852,4,30,"Alamance County, NC","June 6, 1911","New York, NY",5-11,202,Right,Right,1875-05-04,1888-04-26
Charley Radbourn,radboch01,Charles Gardner Radbourn,"December 11, 1854",1854,12,11,"Rochester, NY","February 5, 1897","Bloomington, IL",5-9,168,Right,Right,1880-05-05,1891-08-11
Charlie Bastian,bastich01,Charles A. Bastian,"March 2, 1858",1858,3,2,"Philadelphia, PA","November 10, 1943","Philadelphia, PA",5-6,145,Right,Right,1884-08-18,1891-08-22
Charlie Bennett,bennech01,Charles Wesley Bennett,"November 21, 1854",1854,11,21,"New Castle, PA","February 24, 1927","Detroit, MI",5-11,180,Right,Right,1878-05-01,1893-09-30
Charlie Buffinton,buffich01,Charles G. Buffinton,"June 14, 1861",1861,6,14,"Fall River, MA","September 23, 1907","Fall River, MA",6-1,180,Right,Right,1882-05-17,1892-06-28
Charlie Comiskey,comisch01,Charles Albert Comiskey,"August 15, 1859",1859,8,15,"Chicago, IL","October 26, 1931","Eagle River, WI",6-0,180,Right,Right,1882-05-02,1894-09-12
Charlie Eden,edench01,Charles M. Eden,"January 18, 1855",1855,1,18,"Lexington, KY","September 17, 1920","Cincinnati, OH",5-8,173,Left,Left,1877-08-17,1885-10-01
Charlie Ferguson,ferguch01,Charles J. Ferguson,"April 17, 1863",1863,4,17,"Charlottesville, VA","April 29, 1888","Philadelphia, PA",6-0,165,Both,Right,1884-05-01,1887-10-08
Charlie Ganzel,ganzech01,Charles William Ganzel,"June 18, 1862",1862,6,18,"Waterford, WI","April 7, 1914","Quincy, MA",6-0,161,Right,Right,1884-09-27,1897-09-21
Charlie Getzien,getzich01,Charles H. Getzien,"February 14, 1864",1864,2,14,Germany,"June 19, 1932","Chicago, IL",5-10,172,Right,Right,1884-08-13,1892-07-19
Charlie Morton,mortoch01,Charles Hazen Morton,"October 12, 1854",1854,10,12,"Kingsville, OH","December 9, 1921","Massillon, OH",5-9,150,Right,Right,1882-05-02,1885-06-23
Charlie Reipschlager,reipsch01,Charles W. Reipschlager,"February 7, 1856",1856,2,7,"New York, NY","March 16, 1910","Atlantic City, NJ",5-6,160,Right,Right,1883-05-02,1887-09-06
Charlie Sweeney,sweench01,Charles Joseph Sweeney,"April 13, 1863",1863,4,13,"San Francisco, CA","April 3, 1902","San Francisco, CA",5-10,181,Right,Right,1882-05-11,1887-07-09
Chicken Wolf,wolfji01,William Van Winkle Wolf,"May 12, 1862",1862,5,12,"Louisville, KY","May 16, 1903","Louisville, KY",5-9,190,Right,Right,1882-05-02,1892-08-21
Chief Roseman,rosemch01,James John Roseman,"July 4, 1856",1856,7,4,"Brooklyn, NY","July 4, 1938","Brooklyn, NY",5-7,167,Right,Right,1882-05-01,1890-08-25
Chippy McGarr,mcgarch01,James B. McGarr,"May 10, 1863",1863,5,10,"Worcester, MA","June 6, 1904","Worcester, MA",5-9,168,Right,Right,1884-07-11,1896-09-26
Chris Fulmer,fulmech02,Christopher Fulmer,"July 4, 1858",1858,7,4,"Tamaqua, PA","November 9, 1931","Tamaqua, PA",5-8,165,Right,Right,1884-08-04,1889-06-27
Cliff Carroll,carrocl01,Samuel Clifford Carroll,"October 18, 1859",1859,10,18,"Clay Grove, IA","June 12, 1923","Portland, OR",5-8,163,Both,Right,1882-08-03,1893-09-27
Con Daily,dailyco01,Cornelius F. Daily,"September 11, 1864",1864,9,11,"Blackstone, MA","June 14, 1928","Brooklyn, NY",6-0,192,Left,Right,1885-05-06,1896-07-05
Cub Stricker,striccu01,John A. Stricker,"June 8, 1859",1859,6,8,"Philadelphia, PA","November 19, 1937","Philadelphia, PA",5-3,138,Right,Right,1882-05-02,1893-09-29
Curt Welch,welchcu01,Curtis Benton Welch,"February 10, 1862",1862,2,10,"Williamsport, OH","August 29, 1896","East Liverpool, OH",5-10,175,Right,Right,1884-05-01,1893-05-23
Cyclone Miller,millecy01,Joseph Miller,"September 24, 1859",1859,9,24,"Springfield, MA","October 13, 1916","New London, CT",5-9,165,,Left,1884-07-11,1886-10-14
Daisy Davis,davisda01,John Henry Albert Davis,"November 28, 1858",1858,11,28,"Boston, MA","November 5, 1902","Lynn, MA",5-6,150,,Right,1884-05-06,1885-07-29
Dan Brouthers,broutda01,Dennis Joseph Brouthers,"May 8, 1858",1858,5,8,"Sylvan Lake, NY","August 2, 1932","East Orange, NJ",6-2,207,Left,Left,1879-06-23,1904-10-04
Dan Casey,caseyda01,Daniel Maurice Casey,"November 20, 1862",1862,11,20,"Binghamton, NY","February 8, 1943","Washington, DC",6-0,180,Right,Left,1884-08-18,1890-10-04
Danny Richardson,richada01,Daniel Richardson,"January 25, 1863",1863,1,25,"Elmira, NY","September 15, 1926","New York, NY",5-8,165,Right,Right,1884-05-22,1894-09-24
Dasher Troy,troyda01,John Joseph Troy,"May 8, 1856",1856,5,8,"New York, NY","March 30, 1938","Ozone Park, NY",5-5,154,Right,Right,1881-08-23,1885-07-09
Dave Foutz,foutzda01,David Luther Foutz,"September 7, 1856",1856,9,7,"Carroll County, MD","March 5, 1897","Waverly, MD",6-2,161,Right,Right,1884-07-29,1896-05-14
Dave Orr,orrda01,David L. Orr,"September 29, 1859",1859,9,29,"New York, NY","June 2, 1915","Richmond Hill, NY",5-11,250,Right,Right,1883-05-17,1890-10-02
Dave Rowe,roweda01,David Elwood Rowe,"October 9, 1854",1854,10,9,"Cold Spring, PA","December 9, 1930","Glendale, CA",5-9,180,Right,Right,1877-05-30,1888-06-17
Davy Force,forceda01,David W. Force,"July 27, 1849",1849,7,27,"New York, NY","June 21, 1918","Englewood, NJ",5-4,130,Right,Right,1871-05-05,1886-08-20
Deacon McGuire,mcguide01,James Thomas McGuire,"November 18, 1863",1863,11,18,"Youngstown, OH","October 31, 1936","Duck Lake, MI",6-1,185,Right,Right,1884-06-21,1912-05-18
Deacon White,whitede01,James Laurie White,"December 2, 1847",1847,12,2,"Caton, NY","July 7, 1939","Aurora, IL",5-11,175,Left,Right,1871-05-04,1890-10-04
Dennis Casey,caseyde01,Dennis Patrick Casey,"March 30, 1858",1858,3,30,"Binghamton, NY","January 19, 1909","Binghamton, NY",5-9,164,Left,Right,1884-08-18,1885-07-24
Denny Lyons,lyonsde01,Dennis Patrick Aloysius Lyons,"March 12, 1866",1866,3,12,"Cincinnati, OH","January 2, 1929","Covington, KY",5-10,185,Right,Right,1885-09-18,1897-07-23
Dick Burns,burnsdi01,Richard Simon Burns,"December 26, 1863",1863,12,26,"Holyoke, MA","November 16, 1937","Holyoke, MA",5-7,140,Left,Left,1883-05-03,1885-07-23
Dick Conway,conwadi01,Richard Butler Conway,"April 25, 1866",1866,4,25,"Lowell, MA","September 9, 1926","Lowell, MA",5-7,140,Left,Right,1886-07-22,1888-10-08
Dick Johnston,johnsdi01,Richard Frederick Johnston,"April 6, 1863",1863,4,6,"Kingston, NY","April 4, 1934","Detroit, MI",5-8,155,Right,Right,1884-08-12,1891-08-16
Doc Bushong,bushodo01,Albert John Bushong,"September 15, 1856",1856,9,15,"Philadelphia, PA","August 19, 1908","Brooklyn, NY",5-11,165,Right,Right,1875-07-19,1890-09-09
Doggie Miller,milledo01,George Frederick Miller,"August 15, 1864",1864,8,15,"Brooklyn, NY","April 6, 1909","Ridgewood, NY",5-6,145,Right,Right,1884-05-01,1896-09-25
Doug Crothers,crothdo01,Douglass Crothers,"November 16, 1859",1859,11,16,"Natchez, MS","March 29, 1907","St. Louis, MO",5-9,140,Right,Right,1884-08-03,1885-09-03
Dude Esterbrook,esterdu01,Thomas John Esterbrook,"June 9, 1857",1857,6,9,"Staten Island, NY","April 30, 1901","Middletown, NY",5-11,167,Right,Right,1880-05-01,1891-07-22
Dupee Shaw,shawdu01,Frederick Lander Shaw,"May 31, 1859",1859,5,31,"Charlestown, MA","January 12, 1938","Wakefield, MA",5-8,165,Left,Left,1883-06-18,1888-07-17
Ed Andrews,andreed01,George Edward Andrews,"April 5, 1859",1859,4,5,"Painesville, OH","August 12, 1934","West Palm Beach, FL",5-8,160,Right,Right,1884-05-01,1891-07-26
Ed Begley,begleed01,Edward H. Bagley,1863,1863,10,,"New York, NY","July 24, 1919","Waterbury, CT",5-8,173,,,1884-05-03,1885-07-04
Ed Caskin,caskied01,Edward James Caskin,"December 30, 1851",1851,12,30,"Danvers, MA","October 9, 1924","Danvers, MA",5-9,165,Right,Right,1879-05-01,1886-09-24
Ed Crane,craneed01,Edward Nicholas Crane,"May 27, 1862",1862,5,27,"Boston, MA","September 20, 1896","Rochester, NY",5-10,204,Right,Right,1884-04-17,1893-07-19
Ed Cushman,cushmed01,Edgar Leander Cushman,"March 27, 1852",1852,3,27,"Eagleville, OH","September 26, 1915","Erie, PA",6-0,177,Right,Left,1883-07-06,1890-10-11
Ed Daily,dailyed01,Edward M. Daily,"September 7, 1862",1862,9,7,"Providence, RI","October 21, 1891","Washington, DC",5-10,174,Right,Right,1885-05-04,1891-07-14
Ed Glenn,glenned01,Edward C. Glenn,"June 15, 1860",1860,6,15,"Richmond, VA","February 10, 1892","Richmond, VA",5-10,160,Right,Right,1884-08-05,1888-10-05
Ed Greer,greered01,Edward Greer,"July 29, 1863",1863,7,29,"Philadelphia, PA","February 14, 1890","Philadelphia, PA",5-9,155,Right,Right,1885-06-24,1887-10-10
Ed Kennedy,kenneed01,Edward Kennedy,"April 1, 1856",1856,4,1,"Carbondale, PA","May 22, 1905","New York, NY",5-6,150,,,1883-05-01,1886-08-25
Ed Knouff,knoufed01,Edward Augustine Knouff,1867,1867,6,,"Philadelphia, PA","September 14, 1900","Philadelphia, PA",,160,Right,Right,1885-07-01,1889-06-07
Ed Morris,morried01,Edward Morris,"September 29, 1862",1862,9,29,"Brooklyn, NY","April 12, 1937","Pittsburgh, PA",5-7,165,Both,Left,1884-05-01,1890-10-01
Ed Swartwood,swarted01,Cyrus Edward Swartwood,"January 12, 1859",1859,1,12,"Rockford, IL","May 15, 1924","Pittsburgh, PA",5-11,198,Left,Right,1881-08-11,1892-05-21
Elmer Foster,fosteel01,Elmer Ellsworth Foster,"August 15, 1861",1861,8,15,"Minneapolis, MN","July 22, 1946","Deephaven, MN",5-10,178,Right,Left,1886-04-17,1891-04-25
Elmer Smith,smithel01,Elmer Ellsworth Smith,"March 23, 1868",1868,3,23,"Pittsburgh, PA","November 3, 1945","Pittsburgh, PA",5-11,178,Left,Left,1886-09-10,1901-06-15
Elton Chamberlain,chambel01,Elton P. Chamberlain,"November 5, 1867",1867,11,5,"Buffalo, NY","September 22, 1929","Baltimore, MD",5-9,168,Right,Right,1886-09-13,1896-05-13
Emmett Seery,seeryem01,John Emmett Seery,"February 13, 1861",1861,2,13,"Princeville, IL","August 7, 1930","Saranac Lake, NY",5-7,145,Left,Right,1884-04-17,1892-06-10
Ernie Burch,burcher01,Ernest A. Burch,"September 9, 1856",1856,9,9,"DeKalb County, IL","October 12, 1892","Guthrie, OK",5-10,190,Left,Right,1884-08-15,1887-07-10
Ezra Sutton,suttoez01,Ezra Ballou Sutton,"September 17, 1849",1849,9,17,"Seneca Falls, NY","June 20, 1907","Braintree, MA",5-8,153,Right,Right,1871-05-04,1888-06-20
Fatty Briody,briodfa01,Charles F. Briody,"August 13, 1858",1858,8,13,"Lansingburgh, NY","June 22, 1903","Chicago, IL",5-8,190,,Right,1880-06-16,1888-07-24
Frank Fennelly,fennefr01,Francis John Fennelly,"February 18, 1860",1860,2,18,"Fall River, MA","August 4, 1920","Fall River, MA",5-8,168,Right,Right,1884-05-01,1890-06-18
Frank Foreman,foremfr01,Francis Isaiah Foreman,"May 1, 1863",1863,5,1,"Baltimore, MD","November 19, 1957","Baltimore, MD",6-0,160,Right,Right,1884-05-15,1902-05-10
Frank Gilmore,gilmofr01,Franklin T. Gilmore,"April 27, 1864",1864,4,27,"Webster, MA","July 21, 1929","Hartford, CT",5-11,164,Right,Right,1886-09-11,1888-07-04
Frank Hankinson,hankifr01,Frank Edward Hankinson,"April 29, 1856",1856,4,29,"New York, NY","April 5, 1911","Palisades Park, NJ",5-11,168,Right,Right,1878-05-01,1888-10-14
Frank Mountain,mountfr01,Frank Henry Mountain,"May 17, 1860",1860,5,17,"Fort Edward, NY","November 19, 1939","Schenectady, NY",5-11,185,Right,Right,1880-07-19,1886-08-17
Frank Ringo,ringofr01,Frank C. Ringo,"October 12, 1860",1860,10,12,"Parkville, MO","April 12, 1889","Kansas City, MO",5-11,175,Right,,1883-05-01,1886-09-18
Fred Carroll,carrofr01,Frederick Herbert Carroll,"July 2, 1864",1864,7,2,"Sacramento, CA","November 7, 1904","San Rafael, CA",5-11,185,Right,Right,1884-05-01,1891-08-18
Fred Corey,coreyfr01,Frederick Harrison Corey,1855,1855,,,"Coventry, RI","November 27, 1912","Providence, RI",5-7,160,Right,Right,1878-05-01,1885-10-05
Fred Dunlap,dunlafr01,Frederick C. Dunlap,"May 21, 1859",1859,5,21,"Philadelphia, PA","December 1, 1902","Philadelphia, PA",5-8,165,Right,Right,1880-05-01,1891-04-20
Fred Lewis,lewisfr01,Frederick Miller Lewis,"October 13, 1858",1858,10,13,"Buffalo, NY","June 5, 1945","Utica, NY",5-10,194,Both,Right,1881-07-02,1886-08-26
Fred Mann,mannfr01,Fred J. Mann,"April 1, 1858",1858,4,1,"Sutton, VT","April 16, 1916","Springfield, MA",5-10,178,Left,Right,1882-05-01,1887-10-10
Fred Pfeffer,pfefffr01,Nathaniel Frederick Pfeffer,"March 17, 1860",1860,3,17,"Louisville, KY","April 10, 1932","Chicago, IL",5-10,184,Right,Right,1882-05-01,1897-06-14
George Gore,gorege01,George F. Gore,"May 3, 1854",1854,5,3,"Saccarappa, ME","September 16, 1933","Utica, NY",5-11,195,Left,Right,1879-05-01,1892-08-18
George Keefe,keefege01,George Washington Keefe,"January 7, 1867",1867,1,7,"Washington, DC","August 24, 1935","Washington, DC",5-9,168,Left,Left,1886-07-30,1891-04-28
George Myers,myersge01,George D. Myers,"November 13, 1860",1860,11,13,"Buffalo, NY","December 14, 1926","Buffalo, NY",5-8,170,Right,Right,1884-05-02,1889-08-03
George Pechiney,pechige01,George Adolphe Pechiney,"September 20, 1861",1861,9,20,"Cincinnati, OH","July 14, 1943","Cincinnati, OH",5-9,184,Right,Right,1885-08-04,1887-06-24
George Pinkney,pinknge01,George Burton Pinkney,"January 11, 1859",1859,1,11,"Orange Prairie, IL","November 10, 1926","Peoria, IL",5-7,160,Left,Right,1884-08-16,1893-09-29
George Shoch,shochge01,George Quintus Shoch,"January 6, 1859",1859,1,6,"Philadelphia, PA","September 30, 1937","Philadelphia, PA",5-6,158,Right,Right,1886-09-10,1897-10-02
George Strief,striege01,George Andrew Strief,"October 16, 1856",1856,10,16,"Cincinnati, OH","April 1, 1946","Cleveland Heights, OH",5-7,172,Right,Right,1879-05-01,1885-09-08
George Wood,woodge01,George Albert Wood,"November 9, 1858",1858,11,9,"Pownal, PE, CAN","April 4, 1924","Harrisburg, PA",5-10,175,Left,Right,1880-05-01,1892-09-29
Germany Smith,smithge01,George J. Smith,"April 20, 1859",1859,4,20,"Pittsburgh, PA","December 1, 1927","Altoona, PA",6-0,175,Right,Right,1884-04-17,1898-10-09
Gid Gardner,gardngi01,Franklin Washington Gardner,"May 6, 1859",1859,5,6,"Boston, MA","August 1, 1914","Cambridge, MA",,165,Right,Right,1879-08-23,1888-05-29
Gurdon Whiteley,whitegu01,Guerdon W. Whiteley,"October 5, 1859",1859,10,5,"Hopkinton, RI","November 23, 1925","Cranston, RI",5-11,190,,,1884-08-07,1885-07-17
Gus Shallix,shallgu01,August Shallix,"March 29, 1858",1858,3,29,"Paderborn, Germany","October 28, 1937","Cincinnati, OH",5-11,165,Right,Right,1884-06-22,1885-06-02
Guy Hecker,heckegu01,Guy Jackson Hecker,"April 3, 1856",1856,4,3,"Youngsville, PA","December 3, 1938","Wooster, OH",6-0,190,Right,Right,1882-05-02,1890-09-30
Hank O'Day,o'dayha01,Henry M. O'Day,"July 8, 1859",1859,7,8,"Chicago, IL","July 2, 1935","Chicago, IL",6-0,180,Right,Right,1884-05-02,1890-10-03
Hardie Henderson,hendeha01,James Harding Henderson,"October 31, 1862",1862,10,31,"Philadelphia, PA","February 6, 1903","Philadelphia, PA",5-10,194,Right,Right,1883-05-02,1888-05-24
Hardy Richardson,richaha01,Abram Harding Richardson,"April 21, 1855",1855,4,21,"Clarksboro, NJ","January 14, 1931","Utica, NY",5-9,170,Right,Right,1879-05-01,1892-09-10
Harry Decker,deckeha01,Earle Harry Decker,"September 3, 1864",1864,9,3,"Lockport, IL",,,5-11,180,Right,Right,1884-08-23,1890-10-03
Harry Stovey,stoveha01,Harry Duffield Stovey,"December 20, 1856",1856,12,20,"Philadelphia, PA","September 20, 1937","New Bedford, MA",5-11,175,Right,Right,1880-05-01,1893-07-29
Henry Boyle,boylehe01,Henry J. Boyle,"September 20, 1860",1860,9,20,"Philadelphia, PA","May 25, 1932","Philadelphia, PA",6-1,165,Right,Right,1884-07-09,1889-10-02
Henry Larkin,larkihe01,Henry E. Larkin,"January 12, 1860",1860,1,12,"Reading, PA","January 31, 1942","Reading, PA",5-10,175,Right,Right,1884-05-01,1893-08-04
Henry Porter,portehe01,Walter Henry Porter,1858,1858,6,,"Vergennes, VT","December 30, 1906","Brockton, MA",,142,Right,Right,1884-09-27,1888-05-23
Hick Carpenter,carpehi01,Warren William Carpenter,"August 16, 1855",1855,8,16,"Grafton, MA","April 18, 1937","San Diego, CA",5-11,186,Right,Left,1879-05-01,1892-07-31
Hub Collins,collihu01,Hubert B. Collins,"April 15, 1864",1864,4,15,"Louisville, KY","May 21, 1892","Brooklyn, NY",5-8,160,Right,Right,1886-09-04,1892-05-14
Hugh Daily,dailyhu01,Hugh Daily,"July 17, 1847",1847,7,17,Ireland,,,6-2,180,Right,Right,1882-05-01,1887-08-21
Hugh Nicol,nicolhu01,Hugh N. Nicol,"January 1, 1858",1858,1,1,"Campsie, Stirling, United Kingdom","June 27, 1921","Lafayette, IN",5-4,145,Right,Right,1881-05-03,1890-08-02
Jack Burdock,burdoja01,John Joseph Burdock,1852,1852,4,,"Brooklyn, NY","November 27, 1931","Brooklyn, NY",5-9,158,Right,Right,1872-05-02,1891-07-23
Jack Clements,clemeja01,John J. Clements,"July 24, 1864",1864,7,24,"Philadelphia, PA","May 23, 1941","Norristown, PA",5-8,204,Left,Left,1884-04-22,1900-10-02
Jack Farrell,farreja02,John A. Farrell,"July 5, 1857",1857,7,5,"Newark, NJ","February 9, 1914","Cedar Grove, NJ",5-9,165,Right,Right,1879-05-01,1889-06-11
Jack Glasscock,glassja01,John Wesley Glasscock,"July 22, 1857",1857,7,22,"Wheeling, WV","February 24, 1947","Wheeling, WV",5-8,160,Right,Right,1879-05-01,1895-07-13
Jack Gleason,gleasja01,John Day Gleason,"July 14, 1854",1854,7,14,"St. Louis, MO","September 4, 1944","St. Louis, MO",,170,Right,Right,1877-10-02,1886-08-31
Jack Lynch,lynchja01,John H. Lynch,"February 5, 1857",1857,2,5,"New York, NY","April 20, 1923","Bronx, NY",5-8,185,Right,Right,1881-05-02,1890-04-19
Jack Manning,mannija01,John E. Manning,"December 20, 1853",1853,12,20,"Braintree, MA","August 15, 1929","Boston, MA",5-8,158,Right,Right,1873-04-23,1886-10-14
Jack McGeachy,mcgeaja01,John Charles McGeachey,"May 13, 1864",1864,5,13,"Clinton, MA","April 5, 1930","Cambridge, MA",5-8,165,Right,Right,1886-06-17,1891-08-24
Jack O'Brien,o'brija01,John K. O'Brien,"June 12, 1860",1860,6,12,"Philadelphia, PA","November 20, 1910","Philadelphia, PA",5-10,184,Right,Right,1882-05-02,1890-09-16
Jack Rowe,roweja01,John Charles Rowe,"December 8, 1856",1856,12,8,"Cold Spring, PA","April 25, 1911","St. Louis, MO",5-8,170,Left,Right,1879-09-06,1890-10-04
Jake Evans,evansja01,Uriah L. P. Evans,"September 22, 1856",1856,9,22,"Baltimore, MD","January 16, 1907","Baltimore, MD",5-8,154,,Right,1879-05-01,1885-05-19
Jerry Denny,dennyje01,Jeremiah Dennis Denny,"March 16, 1859",1859,3,16,"New York, NY","August 16, 1927","Houston, TX",5-11,180,Right,Right,1881-05-02,1894-07-10
Jerry Dorgan,dorgaje01,Jeremiah F. Dorgan,1856,1856,,,"Meriden, CT","June 10, 1891","New Haven, CT",,165,Left,Right,1880-07-08,1885-06-25
Jim Clinton,clintji01,James Lawrence Clinton,"August 10, 1850",1850,8,10,"New York, NY","September 3, 1921","Brooklyn, NY",5-8,174,Right,Right,1872-05-18,1886-07-15
Jim Donahue,donahji01,James Augustus Donahue,"January 8, 1862",1862,1,8,"Lockport, IL","April 19, 1935","Lockport, IL",6-0,175,Right,Right,1886-04-19,1891-10-02
Jim Donnelly,donneji01,James B. Donnelly,"July 19, 1865",1865,7,19,"New Haven, CT","March 5, 1915","New Haven, CT",5-10,155,Right,Right,1884-08-11,1898-05-12
Jim Field,fieldji01,James C. Field,"April 24, 1863",1863,4,24,"Philadelphia, PA","May 13, 1953","Atlantic City, NJ",6-1,170,,,1883-06-02,1898-07-21
Jim Fogarty,fogarji01,James G. Fogarty,"February 12, 1864",1864,2,12,"San Francisco, CA","May 20, 1891","Philadelphia, PA",5-10,180,Right,Right,1884-05-01,1890-10-04
Jim Handiboe,handiji01,James Edward Handiboe,"July 17, 1866",1866,7,17,"Columbus, OH","November 8, 1942","Columbus, OH",5-11,160,Right,Right,1886-05-28,1886-09-08
Jim Keenan,keenaji01,James W. Keenan,"February 10, 1856",1856,2,10,"New Haven, CT","September 21, 1926","Cincinnati, OH",5-10,186,Right,Right,1875-05-17,1891-10-03
Jim Lillie,lilliji01,James J. Lillie,"July 27, 1861",1861,7,27,"New Haven, CT","November 9, 1890","Kansas City, MO",,,Right,,1883-05-17,1886-10-11
Jim Manning,manniji01,James H. Manning,"January 31, 1862",1862,1,31,"Fall River, MA","October 22, 1929","Edinburg, TX",5-7,157,Both,Right,1884-05-15,1889-10-13
Jim McCormick,mccorji01,James McCormick,"November 3, 1856",1856,11,3,"Glasgow, Glasgow, United Kingdom","March 10, 1918","Paterson, NJ",5-10,215,Right,Right,1878-05-20,1887-10-07
Jim McTamany,mctamji01,James Edward McTamany,"July 4, 1863",1863,7,4,"Philadelphia, PA","April 16, 1916","Lenni, PA",5-8,190,Right,Right,1885-08-15,1891-10-05
Jim O'Rourke,o'rouji01,James Henry O'Rourke,"September 1, 1850",1850,9,1,"Bridgeport, CT","January 8, 1919","Bridgeport, CT",5-8,185,Right,Right,1872-04-26,1904-09-22
Jim Powell,powelji01,James Edwin Powell,"August 30, 1859",1859,8,30,"Richmond, VA","November 20, 1929","Butte, MT",5-10,170,Right,,1884-08-05,1885-10-05
Jim Whitney,whitnji01,James Evans Whitney,"November 10, 1857",1857,11,10,"Conklin, NY","May 21, 1891","Binghamton, NY",6-2,172,Left,Right,1881-05-02,1890-07-16
Jimmy Knowles,knowlji01,James Knowles,"September 5, 1856",1856,9,5,"Toronto, ON, CAN","February 11, 1912","Jersey City, NJ",5-9,160,Right,,1884-05-02,1892-10-12
Jimmy Macullar,maculji01,James F. Macullar,"January 16, 1855",1855,1,16,"Boston, MA","April 8, 1924","Baltimore, MD",5-6,155,Right,Left,1879-05-05,1886-10-14
Jimmy Peoples,peoplji01,James Elsworth Peoples,"October 8, 1863",1863,10,8,"Big Beaver, MI","August 29, 1920","Detroit, MI",5-8,200,Right,Right,1884-05-29,1889-07-23
Jimmy Ryan,ryanji01,James Edward Ryan,"February 11, 1863",1863,2,11,"Clinton, MA","October 29, 1923","Chicago, IL",5-9,162,Right,Left,1885-10-08,1903-09-24
Jocko Flynn,flynnjo02,John A. Flynn,"June 30, 1864",1864,6,30,"Lawrence, MA","December 31, 1907","Lawrence, MA",5-6,143,Right,Right,1886-05-01,1887-05-23
Jocko Milligan,millijo01,John Milligan,"August 8, 1861",1861,8,8,"Philadelphia, PA","August 29, 1923","Philadelphia, PA",6-0,192,Right,Right,1884-05-01,1893-09-26
Joe Brown,brownjo01,Joseph E. Brown,"April 4, 1859",1859,4,4,CAN,"June 28, 1888","Warren, PA",5-10,162,,,1884-08-16,1885-07-16
Joe Crotty,crottjo01,Joseph P. Crotty,"December 24, 1859",1859,12,24,"Cincinnati, OH","June 22, 1926","Minneapolis, MN",,,Right,Right,1882-05-04,1886-07-05
Joe Farrell,farrejo01,Joseph F. Farrell,1857,1857,,,"Brooklyn, NY","April 17, 1893","Brooklyn, NY",5-6,160,Right,,1882-05-01,1886-08-29
Joe Gerhardt,gerhajo01,John Joseph Gerhardt,"February 14, 1855",1855,2,14,"Washington, DC","March 11, 1922","Middletown, NY",6-0,160,Right,Right,1873-09-01,1891-04-29
Joe Hornung,hornujo01,Michael Joseph Hornung,"June 12, 1857",1857,6,12,"Carthage, NY","October 30, 1931","New York, NY",5-8,164,Right,Right,1879-05-01,1890-10-03
Joe Miller,millejo02,Joseph A. Miller,"February 17, 1861",1861,2,17,"Baltimore, MD","April 23, 1928","Wheeling, WV",5-9,165,Right,,1884-05-01,1885-09-15
Joe Mulvey,mulvejo01,Joseph Henry Mulvey,"October 27, 1858",1858,10,27,"Providence, RI","August 21, 1928","Philadelphia, PA",5-11,178,Right,Right,1883-05-31,1895-05-14
Joe Murphy,murphjo02,Joseph Akin Murphy,"September 7, 1866",1866,9,7,"St. Louis, MO","March 28, 1951","Coral Gables, FL",5-11,160,,,1886-04-28,1887-08-19
Joe Quest,questjo01,Joseph L. Quest,"November 16, 1852",1852,11,16,"New Castle, PA","November 14, 1924","San Diego, CA",5-6,150,Right,Right,1871-08-30,1886-07-13
Joe Quinn,quinnjo02,Joseph James Quinn,"December 24, 1862",1862,12,24,"Ipswich, Queensland, Australia","November 12, 1940","St. Louis, MO",5-7,158,Right,Right,1884-04-26,1901-07-23
Joe Sommer,sommejo01,Joseph John Sommer,"November 20, 1858",1858,11,20,"Covington, KY","January 16, 1938","Cincinnati, OH",5-11,165,Right,Right,1880-07-08,1890-10-15
Joe Start,startjo01,Joseph Start,"October 14, 1842",1842,10,14,"New York, NY","March 27, 1927","Providence, RI",5-9,165,Left,Left,1871-05-18,1886-07-09
Joe Strauss,straujo02,Joseph Strauss,"November 16, 1858",1858,11,16,"Cincinnati, OH","June 24, 1906","Cincinnati, OH",5-9,175,Right,Right,1884-07-27,1886-10-06
Joe Werrick,werrijo01,Joseph Abraham Werrick,"October 25, 1861",1861,10,25,"St. Paul, MN","May 10, 1943","St. Peter, MN",5-9,151,Right,Right,1884-09-27,1888-10-14
John Cahill,cahiljo01,John Patrick Parnell Cahill,"April 30, 1865",1865,4,30,"San Francisco, CA","October 31, 1901","Pleasanton, CA",5-7,168,Right,Right,1884-05-31,1887-08-09
John Cassidy,cassijo01,John P. Cassidy,1855,1855,,,"Brooklyn, NY","July 3, 1891","Brooklyn, NY",5-8,168,Right,Left,1875-04-24,1885-08-12
John Clarkson,clarkjo01,John Gibson Clarkson,"July 1, 1861",1861,7,1,"Cambridge, MA","February 4, 1909","Belmont, MA",5-10,155,Right,Right,1882-05-02,1894-07-12
John Coleman,colemjo01,John Francis Coleman,"March 6, 1863",1863,3,6,"Saratoga Springs, NY","May 31, 1922","Detroit, MI",5-9,170,Left,Right,1883-05-01,1890-07-18
John Connor,connojo02,John Connor,1861,1861,7,,"Nashua, NH","November 14, 1905","Nashua, NH",6-1,170,,,1884-07-26,1885-08-24
John Harkins,harkijo01,John Joseph Harkins,"April 12, 1859",1859,4,12,"New Brunswick, NJ","November 18, 1940","New Brunswick, NJ",6-1,205,Right,Right,1884-05-02,1888-05-01
John Healy,healyjo01,John J. Healy,"October 27, 1866",1866,10,27,"Cairo, IL","March 16, 1899","St. Louis, MO",6-2,158,Right,Right,1885-09-11,1892-07-06
John Henry,henryjo01,John Michael Henry,"September 2, 1863",1863,9,2,"Springfield, MA","June 11, 1939","Hartford, CT",,,Right,Right,1884-08-13,1890-08-07
John Hofford,hoffojo01,John William Hofford,"May 25, 1863",1863,5,25,"Philadelphia, PA","December 16, 1915","Philadelphia, PA",6-0,168,,,1885-09-26,1886-07-24
John Kerins,kerinjo01,John Nelson Kerins,"July 15, 1858",1858,7,15,"Indianapolis, IN","September 8, 1919","Louisville, KY",5-10,177,Right,Right,1884-05-01,1890-06-15
John Kirby,kirbyjo01,John F. Kirby,"January 13, 1865",1865,1,13,"St. Louis, MO","October 6, 1931","St. Louis, MO",5-8,172,,Right,1884-08-01,1888-06-29
John Meister,meistjo01,John F. Meister,"May 10, 1863",1863,5,10,"Allentown, PA","January 17, 1923","Philadelphia, PA",5-8,175,,,1886-08-24,1887-06-29
John Morrill,morrijo01,John Francis Morrill,"February 19, 1855",1855,2,19,"Boston, MA","April 2, 1932","Brookline, MA",5-10,155,Right,Right,1876-04-24,1890-07-08
John Reilly,reilljo01,John Good Reilly,"October 5, 1858",1858,10,5,"Cincinnati, OH","May 31, 1937","Cincinnati, OH",6-3,178,Right,Right,1880-05-18,1891-10-03
John Richmond,richmjo01,John H. Richmond,"March 5, 1855",1855,3,5,"Philadelphia, PA","October 5, 1898","Philadelphia, PA",5-9,170,,Right,1875-04-22,1885-07-10
John Shaffer,shaffjo01,John W. Shaffer,"February 18, 1864",1864,2,18,"Lock Haven, PA","November 21, 1926","Endicott, NY",5-10,,,Right,1886-09-13,1887-06-30
John Ward,wardjo01,John Montgomery Ward,"March 3, 1860",1860,3,3,"Bellefonte, PA","March 4, 1925","Augusta, GA",5-9,165,Left,Right,1878-07-15,1894-09-29
Jumbo Davis,davisju01,James Joseph Davis,"September 5, 1861",1861,9,5,"New York, NY","February 14, 1921","St. Louis, MO",5-11,195,Left,Right,1884-07-27,1891-05-22
Jumbo McGinnis,mcginju01,George Washington McGinnis,"February 22, 1854",1854,2,22,"St. Louis, MO","May 18, 1934","St. Louis, MO",5-10,197,,,1882-05-02,1887-06-10
Kid Baldwin,baldwki01,Clarence Geoghan Baldwin,"November 1, 1864",1864,11,1,"Newport, KY","July 10, 1897","Cincinnati, OH",5-6,147,Right,Right,1884-07-27,1890-09-16
King Kelly,kellyki01,Michael Joseph Kelly,"December 31, 1857",1857,12,31,"Troy, NY","November 8, 1894","Boston, MA",5-10,170,Right,Right,1878-05-01,1893-09-02
Lady Baldwin,baldwla01,Charles B. Baldwin,"April 8, 1859",1859,4,8,"Oramel, NY","March 7, 1937","Hastings, MI",5-11,160,Right,Left,1884-09-30,1890-06-26
Larry Corcoran,corcola01,Lawrence J. Corcoran,"August 10, 1859",1859,8,10,"Brooklyn, NY","October 14, 1891","Newark, NJ",5-3,127,Both,Right,1880-05-01,1887-05-20
Larry McKeon,mckeola01,Lawrence G. McKeon,"March 25, 1866",1866,3,25,"New York, NY","July 18, 1915","Indianapolis, IN",5-10,168,,,1884-05-01,1886-09-15
Larry Twitchell,twitcla01,Lawrence Grant Twitchell,"February 18, 1864",1864,2,18,"Cleveland, OH","April 23, 1930","Cleveland, OH",6-0,185,Right,Right,1886-04-30,1894-07-07
Leech Maskrey,maskrle01,Samuel Leech Maskrey,"February 11, 1854",1854,2,11,"Mercer, PA","April 1, 1922","Mercer, PA",5-8,150,Right,Right,1882-05-02,1886-07-07
Len Sowders,sowdele01,Leonard Sowders,"June 29, 1861",1861,6,29,"Louisville, KY","November 21, 1888","Indianapolis, IN",5-11,172,Left,Left,1886-09-10,1886-10-14
Lon Knight,knighlo01,Alonzo P. Knight,"June 16, 1853",1853,6,16,"Philadelphia, PA","April 23, 1932","Philadelphia, PA",5-11,165,Right,Right,1875-09-04,1885-10-10
Lou Bierbauer,bierblo01,Louis W. Bierbauer,"September 28, 1865",1865,9,28,"Erie, PA","January 31, 1926","Erie, PA",5-8,140,Left,Right,1886-04-17,1898-04-30
Lou Hardie,hardilo01,Louis Winfred Hardie,"August 24, 1864",1864,8,24,"New York, NY","March 5, 1929","Oakland, CA",5-11,180,Right,,1884-05-22,1891-08-05
Lou Sylvester,sylvelo01,Louis J. Sylvester,"February 14, 1855",1855,2,14,"Springfield, IL","May 5, 1936","Brooklyn, NY",5-6,165,Right,Right,1884-04-18,1887-08-14
Marr Phillips,phillma01,Marr B. Phillips,"June 16, 1857",1857,6,16,"Allegheny, PA","April 1, 1928","Pittsburgh, PA",5-6,164,Right,,1884-05-01,1890-07-25
Matt Kilroy,kilroma01,Matthew Aloysius Kilroy,"June 21, 1866",1866,6,21,"Philadelphia, PA","March 2, 1940","Philadelphia, PA",5-9,175,Left,Left,1886-04-17,1898-08-17
Mickey Welch,welchmi01,Michael Francis Welch,"July 4, 1859",1859,7,4,"Brooklyn, NY","July 30, 1941","Concord, NH",5-8,160,Right,Right,1880-05-01,1892-05-17
Mike Dorgan,dorgami01,Michael Cornelius Dorgan,"October 2, 1853",1853,10,2,"Middletown, CT","April 26, 1909","Hartford, CT",5-9,180,Right,Right,1877-05-08,1890-06-09
Mike Hines,hinesmi01,Michael P. Hines,1862,1862,9,,Ireland,"March 14, 1910","Taunton, MA",5-10,176,Right,Left,1883-05-01,1888-08-18
Mike Muldoon,muldomi01,Michael D. Muldoon,1856,1856,4,,"Ballyloughloe, Westmeath, Ireland",,,5-8,165,,,1882-05-01,1886-10-10
Milt Scott,scottmi01,Milton Parker Scott,"January 17, 1861",1861,1,17,"Chicago, IL","November 3, 1938","Baltimore, MD",5-9,160,Right,,1882-09-30,1886-10-14
Mox McQuery,mcquemo01,William Thomas McQuery,"June 28, 1861",1861,6,28,"Garrard County, KY","June 12, 1900","Cincinnati, OH",6-1,195,,,1884-08-20,1891-07-25
Nat Hudson,hudsona01,Nathaniel P. Hudson,"January 12, 1869",1869,1,12,"Chicago, IL","March 14, 1928","Chicago, IL",,,Right,Right,1886-04-18,1889-06-27
Ned Hanlon,hanlone01,Edward Hugh Hanlon,"August 22, 1857",1857,8,22,"Montville, CT","April 14, 1937","Baltimore, MD",5-9,170,Left,Right,1880-05-01,1892-09-15
Ned Williamson,willine01,Edward Nagle Williamson,"October 24, 1857",1857,10,24,"Philadelphia, PA","March 3, 1894","Mountain Valley Springs, AR",5-11,210,Right,Right,1878-05-01,1890-09-27
Norm Baker,bakerno01,Norman Leslie Baker,"October 14, 1862",1862,10,14,"Philadelphia, PA","February 20, 1949","Hurffville, NJ",,,,,1883-05-21,1890-08-30
Orator Shaffer,shaffor01,George W. Shafer,"October 4, 1851",1851,10,4,"Philadelphia, PA","January 22, 1922","Philadelphia, PA",5-9,165,Left,Right,1874-05-23,1890-09-13
Otto Schomberg,schomot01,Otto H. Schomberg,"November 14, 1864",1864,11,14,"Milwaukee, WI","May 3, 1927","Ottawa, KS",5-11,175,Left,Left,1886-07-07,1888-07-14
Oyster Burns,burnsoy01,Thomas P. Burns,"September 6, 1864",1864,9,6,"Philadelphia, PA","November 11, 1928","Brooklyn, NY",5-8,183,Right,Right,1884-08-18,1895-09-16
Pat Dealy,dealypa01,Patrick E. Dealy,"November 12, 1861",1861,11,12,"Underhill, VT","December 17, 1924","Buffalo, NY",5-8,145,Right,Right,1884-09-30,1890-06-05
Pat Deasley,deaslpa01,Thomas H. Deasley,"November 17, 1857",1857,11,17,"Philadelphia, PA","April 1, 1943","Philadelphia, PA",5-8,154,Right,Right,1881-05-18,1888-09-12
Paul Cook,cookpa01,Paul Cook,"May 5, 1863",1863,5,5,"Caledonia, NY","May 25, 1905","Rochester, NY",5-10,185,Right,Right,1884-09-13,1891-07-16
Paul Hines,hinespa01,Paul Aloysius Hines,"March 1, 1855",1855,3,1,VA,"July 10, 1935","Hyattsville, MD",5-9,173,Right,Right,1872-04-20,1891-07-03
Paul Radford,radfopa01,Paul Revere Radford,"October 14, 1861",1861,10,14,"Roxbury, MA","February 21, 1945","Boston, MA",5-6,148,Right,Right,1883-05-01,1894-09-29
Pete Browning,brownpe01,Louis Rogers Browning,"June 17, 1861",1861,6,17,"Louisville, KY","September 10, 1905","Louisville, KY",6-0,180,Right,Right,1882-05-02,1894-09-30
Pete Conway,conwape01,Peter J. Conway,"October 30, 1866",1866,10,30,"Burmont, PA","January 13, 1903","Clifton Heights, PA",5-10,162,Right,Right,1885-08-10,1889-05-09
Pete Gillespie,gillepe01,Peter Patrick Gillespie,"November 30, 1851",1851,11,30,"Carbondale, PA","May 4, 1910","Carbondale, PA",6-1,178,Left,Right,1880-05-01,1887-10-06
Pete Hotaling,hotalpe01,Peter James Hotaling,"December 16, 1856",1856,12,16,"Mohawk, NY","July 2, 1928","Cleveland, OH",5-8,166,Left,Right,1879-05-01,1888-09-15
Pete Meegan,meegape01,Peter James Meegan,"November 13, 1862",1862,11,13,"San Francisco, CA","March 14, 1905","San Francisco, CA",5-8,160,,,1884-08-12,1885-10-01
Pete Wood,woodpe01,Peter Burke Wood,"February 1, 1867",1867,2,1,"Dundas, ON, CAN","March 15, 1923","Chicago, IL",5-7,185,Right,Right,1885-07-15,1889-09-07
Phenomenal Smith,smithph01,John Francis Smith,"December 12, 1864",1864,12,12,"Philadelphia, PA","April 3, 1952","Manchester, NH",5-6,161,Left,Left,1884-08-14,1891-06-15
Phil Baker,bakerph01,Philip Baker,"September 19, 1856",1856,9,19,"Philadelphia, PA","June 4, 1940","Washington, DC",5-8,152,Left,Left,1883-05-01,1886-09-02
Phil Powers,powerph01,Philip J. Powers,"July 26, 1854",1854,7,26,"New York, NY","December 22, 1914","New York, NY",5-7,166,Right,Right,1878-08-31,1885-08-26
Phil Reccius,recciph01,Philip Reccius,"June 7, 1862",1862,6,7,"Louisville, KY","February 15, 1903","Louisville, KY",5-9,163,,,1882-09-25,1890-07-05
Pop Corkhill,corkhpo01,John Stewart Corkhill,"April 11, 1858",1858,4,11,"Parkesburg, PA","April 3, 1921","Pennsauken, NJ",5-10,180,Left,Right,1883-05-01,1892-07-12
Pop Smith,smithpo01,Charles Marvin Smith,"October 12, 1856",1856,10,12,"Digby, NS, CAN","April 18, 1927","Boston, MA",5-11,170,Right,Right,1880-05-01,1891-06-09
Pop Snyder,snydepo01,Charles N. Snyder,"October 6, 1854",1854,10,6,"Washington, DC","October 29, 1924","Washington, DC",5-11,184,Right,Right,1873-06-16,1891-07-04
Pop Tate,tatepo01,Edward Christopher Tate,"December 22, 1860",1860,12,22,"Richmond, VA","June 25, 1932","Richmond, VA",5-10,178,Right,Right,1885-09-26,1890-10-15
Pud Galvin,galvipu01,James Francis Galvin,"December 25, 1856",1856,12,25,"St. Louis, MO","March 7, 1902","Pittsburgh, PA",5-8,190,Right,Right,1875-05-22,1892-08-02
Reddy Mack,mackre01,Joseph Mack,"May 2, 1866",1866,5,2,Ireland,"December 30, 1916","Newport, KY",5-8,182,Right,,1885-09-16,1890-09-30
Roger Connor,connoro01,Roger Connor,"July 1, 1857",1857,7,1,"Waterbury, CT","January 4, 1931","Waterbury, CT",6-3,220,Both,Left,1880-05-01,1897-05-18
Rudy Kemmler,kemmlru01,Rudolph Kemmler,1860,1860,1,,"Chicago, IL","June 20, 1909","Chicago, IL",5-11,206,Right,Right,1879-07-26,1889-08-11
Sadie Houck,houcksa01,Sargent Perry Houck,"February 29, 1856",1856,2,29,"Washington, DC","May 26, 1919","Washington, DC",5-7,151,Right,Right,1879-05-01,1887-09-23
Sam Barkley,barklsa01,Samuel W. Barkley,"May 24, 1858",1858,5,24,"Wheeling, WV","April 20, 1912","Wheeling, WV",5-11,180,Right,Right,1884-05-01,1889-07-12
Sam Crane,cranesa01,Samuel Newhall Crane,"January 2, 1854",1854,1,2,"Springfield, MA","June 26, 1925","New York, NY",6-0,190,Right,Right,1880-05-01,1890-06-28
Sam Thompson,thompsa01,Samuel Luther Thompson,"March 5, 1860",1860,3,5,"Danville, IN","November 7, 1922","Detroit, MI",6-2,207,Left,Right,1885-07-02,1906-09-10
Sam Trott,trottsa01,Samuel W. Trott,"March 3, 1857",1857,3,3,"Baltimore, MD","June 5, 1925","Catonsville, MD",5-9,190,Left,Left,1880-05-29,1888-07-28
Sam Wise,wisesa01,Samuel Washington Wise,"August 18, 1857",1857,8,18,"Akron, OH","January 22, 1910","Akron, OH",5-10,170,Left,Right,1881-07-30,1893-09-29
Sid Farrar,farrasi01,Sidney Douglas Farrar,"August 10, 1859",1859,8,10,"Paris Hill, ME","May 7, 1935","New York, NY",5-10,185,,Right,1883-05-01,1890-10-04
Silver Flint,flintsi01,Frank Sylvester Flint,"August 3, 1855",1855,8,3,"Philadelphia, PA","January 14, 1892","Chicago, IL",6-0,180,Right,Right,1875-05-04,1889-07-18
Silver King,kingsi01,Charles Frederick King,"January 11, 1868",1868,1,11,"St. Louis, MO","May 19, 1938","St. Louis, MO",6-0,170,Right,Right,1886-09-28,1897-08-19
Steve Brady,bradyst01,Stephen A. Brady,"July 14, 1851",1851,7,14,"Worcester, MA","November 1, 1917","Hartford, CT",5-9,165,,,1874-07-23,1886-10-05
Steve Toole,toolest01,Stephen John Toole,"April 9, 1859",1859,4,9,"New Orleans, LA","March 28, 1919","Pittsburgh, PA",6-0,170,Right,Left,1886-04-20,1890-08-09
Stump Wiedman,wiedmst01,George Edward Weidman,"February 17, 1861",1861,2,17,"Rochester, NY","March 3, 1905","New York, NY",5-7,165,Right,Right,1880-08-26,1888-07-05
Ted Kennedy,kennete01,Theodore A. Kennedy,"February 7, 1865",1865,2,7,"Henry, IL","October 28, 1907","St. Louis, MO",5-8,178,Left,Right,1885-06-12,1886-09-23
The Only Nolan,nolanth01,Edward Sylvester Nolan,"November 7, 1855",1855,11,7,"Trenton, ON, CAN","May 18, 1913","Paterson, NJ",5-8,171,Left,Right,1878-05-01,1885-10-09
Tim Keefe,keefeti01,Timothy John Keefe,"January 1, 1857",1857,1,1,"Cambridge, MA","April 23, 1933","Cambridge, MA",5-10,185,Right,Right,1880-08-06,1893-08-15
Tim Manning,manniti01,Timothy Edward Manning,"December 3, 1853",1853,12,3,"Henley-on-Thames, Oxfordshire, United Kingdom","June 11, 1934","Oak Park, IL",5-10,170,Right,Right,1882-05-01,1885-07-20
Tip O'Neill,o'neiti01,James Edward O'Neill,"May 15, 1860",1860,5,15,"Springfield, ON, CAN","December 31, 1915","Montreal, QC, CAN",6-1,167,Right,Right,1883-05-05,1892-08-30
Toad Ramsey,ramseto01,Thomas H. Ramsey,"August 8, 1864",1864,8,8,"Indianapolis, IN","March 27, 1906","Indianapolis, IN",5-9,180,Right,Left,1885-09-05,1890-09-17
Tom Brown,brownto01,Thomas Tarlton Brown,"September 21, 1860",1860,9,21,"Liverpool, Merseyside, United Kingdom","October 25, 1927","Washington, DC",5-10,168,Left,Right,1882-07-06,1898-05-17
Tom Burns,burnsto01,Thomas Everett Burns,"March 30, 1857",1857,3,30,"Honesdale, PA","March 19, 1902","Jersey City, NJ",5-7,152,Right,Right,1880-05-01,1892-07-22
Tom Forster,forstto01,Thomas W. Forster,"May 1, 1859",1859,5,1,"New York, NY","July 17, 1946","New York, NY",5-9,153,Right,Right,1882-08-04,1886-08-23
Tom Lovett,lovetto01,Thomas Joseph Lovett,"December 7, 1863",1863,12,7,"Providence, RI","March 19, 1928","Providence, RI",5-8,162,Right,Right,1885-06-04,1894-07-09
Tom Lynch,lynchto01,Thomas James Lynch,"April 3, 1860",1860,4,3,"Bennington, VT","March 28, 1955","Cohoes, NY",5-10,170,Left,Right,1884-08-18,1885-06-03
Tom McLaughlin,mclauto01,Thomas McLaughlin,"March 28, 1860",1860,3,28,"Louisville, KY","July 21, 1921","Louisville, KY",,,Right,Right,1883-07-17,1891-10-03
Tom Poorman,poormto01,Thomas Iverson Poorman,"October 14, 1857",1857,10,14,"Lock Haven, PA","February 18, 1905","Lock Haven, PA",5-7,135,Left,Right,1880-05-05,1888-09-18
Tom Sullivan,sullito01,Thomas Sullivan,"March 1, 1860",1860,3,1,"New York, NY","April 12, 1947","Cincinnati, OH",5-10,165,,,1884-09-27,1889-06-23
Tom York,yorkto01,Thomas Jefferson York,"July 13, 1850",1850,7,13,"Brooklyn, NY","February 17, 1936","New York, NY",5-9,165,Left,Left,1871-05-09,1885-10-01
Tommy McCarthy,mccarto01,Thomas Francis Michael McCarthy,"July 24, 1863",1863,7,24,"Boston, MA","August 5, 1922","Boston, MA",5-7,170,Right,Right,1884-07-10,1896-09-26
Tony Madigan,madigto01,William J. Madigan,"July 18, 1868",1868,7,18,"Washington, DC","December 4, 1954","Washington, DC",5-5,126,,Right,1886-07-10,1886-09-04
Tony Mullane,mullato01,Anthony John Mullane,"January 30, 1859",1859,1,30,"Cork, Ireland","April 25, 1944","Chicago, IL",5-10,165,Both,,1881-08-27,1894-07-26
Wilbert Robinson,robinwi01,Wilbert Robinson,"June 29, 1864",1864,6,29,"Bolton, MA","August 8, 1934","Atlanta, GA",5-8,215,Right,Right,1886-04-19,1902-09-29
Will White,whitewi01,William Henry White,"October 11, 1854",1854,10,11,"Caton, NY","August 31, 1911","Port Carling, ON, CAN",5-9,175,Both,Right,1877-07-20,1886-07-05
Yank Robinson,robinya01,William H. Robinson,"September 19, 1859",1859,9,19,"Philadelphia, PA","August 25, 1894","St. Louis, MO",5-6,170,Right,Right,1882-08-24,1892-08-10
